nume_normalizat,nume,anexe,regimuri,coduri,nr_randuri,randuri
adjunct al avocatului poporului,Adjunct al Avocatului poporului,IX,,,1,IX B!24
adjunctii directorului serviciului de informatii externe,adjuncţii directorului Serviciului de Informaţii Externe,VI,,,1,VI_Armata!11
adjunctii directorului serviciului roman de informatii,Adjuncţii directorului Serviciului Român de Informaţii,VI,,,1,VI_Armata!11
adjunctul conducatorului institutiei,Adjunctul conducătorului instituţiei,IX,,,1,IX D!10
administrator,Administrator,VIII,personal contractual,82.40302003.01.1|82.40302003.01.2|82.60128009.01.1|82.60128009.01.2,10,VIII CII A 3_local1!43|VIII CII A 3_local1!44|VIII CII A 3_local2!43|VIII CII A 3_local2!44|VIII CII A 3_local3!44|VIII CII A 3_local3!45|VIII CII A 3_local4!45|VIII CII A 3_local4!46|VIII CII C!17|VIII CII C!18
administrator financiar,Administrator financiar,I,,11.00601001.02.1|11.00601001.02.2|11.00601001.02.3|11.00601001.02.4|11.00601007.02.1|11.00601007.02.2|11.00601007.02.3|11.00601007.02.4|11.00601013.02.1|11.00601013.02.2|11.00601013.02.3|11.00601013.02.4,12,I CI 4-5-6!144|I CI 4-5-6!145|I CI 4-5-6!146|I CI 4-5-6!147|I CI 4-5-6!176|I CI 4-5-6!177|I CI 4-5-6!178|I CI 4-5-6!179|I CI 4-5-6!204|I CI 4-5-6!205|I CI 4-5-6!206|I CI 4-5-6!207
administrator patrimoniu,Administrator patrimoniu,I,,11.00601006.01.1|11.00601006.01.2|11.00601006.01.3|11.00601006.01.4|11.00601012.01.1|11.00601012.01.2|11.00601012.01.3|11.00601012.01.4|11.00601019.03.1|11.00601019.03.2|11.00601019.03.3|11.00601019.03.4,12,I CI 4-5-6!172|I CI 4-5-6!173|I CI 4-5-6!174|I CI 4-5-6!175|I CI 4-5-6!200|I CI 4-5-6!201|I CI 4-5-6!202|I CI 4-5-6!203|I CI 4-5-6!228|I CI 4-5-6!229|I CI 4-5-6!230|I CI 4-5-6!231
administrator sef facultate,Administrator șef facultate,I,,11.00301002.01.2,1,I CI 1-3!24
agent agricol,Agent agricol,VIII,personal contractual,82.60128006.01.1|82.60128006.01.2|82.60128006.01.3,12,VIII CII A 3_local1!35|VIII CII A 3_local1!36|VIII CII A 3_local1!37|VIII CII A 3_local2!35|VIII CII A 3_local2!36|VIII CII A 3_local2!37|VIII CII A 3_local3!36|VIII CII A 3_local3!37|VIII CII A 3_local3!38|VIII CII A 3_local4!37|VIII CII A 3_local4!38|VIII CII A 3_local4!39
agent fiscal,Agent fiscal,VIII,personal contractual,82.40111002.01.1|82.40111002.01.2,2,VIII CII A 1!141|VIII CII A 1!142
agent informare privind cariera,Agent informare privind cariera,II,,21.00303047.01.1,1,II CI 3!61
agent procedural,Agent procedural,V,,53.00101001.02.1|53.00101001.02.2|53.00101001.02.3|53.00101001.02.4|53.00101001.02.5,5,V CIII!8|V CIII!9|V CIII!10|V CIII!11|V CIII!12
agent vamal,agent vamal,VIII,funcționar public,81.10105011.02.1|81.10105011.02.2|81.10105011.02.3|81.10105011.02.4,4,VIII_CI_A_1!62|VIII_CI_A_1!63|VIII_CI_A_1!64|VIII_CI_A_1!65
agent veterinar,Agent veterinar,VIII,personal contractual,82.40124020.01.1,1,VIII CII A 1!243
agent veterinar ingrijitor animale,"Agent veterinar, îngrijitor animale",VIII,personal contractual,82.40124019.02.1,1,VIII CII A 1!242
aj of mec,Aj.of.mec,VIII,personal contractual,,1,VIII CII E!36
ambasador,Ambasador,IV,,42.00100001.01.1,1,IV CI + CII!17
ambulantier,Ambulanţier,II,,21.00211004.01.1,1,II CI 2!83
amiral,amiral,VI,,,1,VI_Armata!13
analist,analist,I|VIII,personal contractual,11.00601001.02.1|11.00601001.02.2|11.00601001.02.3|11.00601001.02.4|82.40208001.03.1|82.40208001.03.2|82.40208001.03.3|82.40208001.03.4,8,I CI 4-5-6!148|I CI 4-5-6!149|I CI 4-5-6!150|I CI 4-5-6!151|VIII CII B!66|VIII CII B!67|VIII CII B!68|VIII CII B!69
analist ajutor,Analist ajutor,VIII,personal contractual,82.40208003.01.1|82.40208003.01.2|82.40208003.01.3|82.40208003.01.4,4,VIII CII B!74|VIII CII B!75|VIII CII B!76|VIII CII B!77
analist evaluare examinare,Analist evaluare - examinare,VIII,funcționar public,81.10105014.01.1|81.10105014.01.2|81.10105014.01.3|81.10105014.01.4,4,VIII_CI_A_1!74|VIII_CI_A_1!75|VIII_CI_A_1!76|VIII_CI_A_1!77
analist financiar,Analist financiar,VIII,personal contractual,82.40119001.01.1|82.40119001.01.2|82.40119001.01.3|82.40119001.01.4,4,VIII CII A 1!191|VIII CII A 1!192|VIII CII A 1!193|VIII CII A 1!194
analist programator,analist programator,I,,11.00601002.02.1|11.00601002.02.2|11.00601002.02.3|11.00601002.02.4,4,I CI 4-5-6!152|I CI 4-5-6!153|I CI 4-5-6!154|I CI 4-5-6!155
antrenor,Antrenor,I|VIII,personal contractual,82.40403003.01.1|82.40403003.01.2|82.40403003.01.3|82.40403003.01.4|82.40403003.01.5|82.40403003.01.6,24,I CI 4-5-6!131|I CI 4-5-6!132|I CI 4-5-6!133|I CI 4-5-6!134|I CI 4-5-6!135|I CI 4-5-6!136|I CI 4-5-6!137|I CI 4-5-6!138|I CI 4-5-6!139|I CI 4-5-6!140|I CI 4-5-6!141|I CI 4-5-6!142|VIII CII D!29|VIII CII D!30|VIII CII D!31|VIII CII D!32|VIII CII D!33|VIII CII D!34|VIII CII D!35|VIII CII D!36|VIII CII D!37|VIII CII D!38|VIII CII D!39|VIII CII D!40
antrenor federal,antrenor federal,VIII,personal contractual,82.40401001.04.1|82.40401001.04.2|82.40401001.04.3|82.40401001.04.4|82.40401001.04.5,5,VIII CII D!9|VIII CII D!10|VIII CII D!11|VIII CII D!12|VIII CII D!13
antrenor lot national,antrenor lot naţional **),VIII,personal contractual,82.40401001.04.1|82.40401001.04.2|82.40401001.04.3|82.40401001.04.4|82.40401001.04.5,5,VIII CII D!9|VIII CII D!10|VIII CII D!11|VIII CII D!12|VIII CII D!13
aprod,Aprod,V,,53.00101002.01.1|53.00101002.01.2|53.00101002.01.3|53.00101002.01.4|53.00101002.01.5,5,V CIII!13|V CIII!14|V CIII!15|V CIII!16|V CIII!17
arhitect,arhitect,VIII,personal contractual,82.50126002.07.1|82.50126002.07.2|82.50126002.07.3|82.50126002.07.4|82.60128002.07.1|82.60128002.07.2|82.60128002.07.3|82.60128002.07.4,20,VIII CII A 2!21|VIII CII A 2!22|VIII CII A 2!23|VIII CII A 2!24|VIII CII A 3_local1!19|VIII CII A 3_local1!20|VIII CII A 3_local1!21|VIII CII A 3_local1!22|VIII CII A 3_local2!19|VIII CII A 3_local2!20|VIII CII A 3_local2!21|VIII CII A 3_local2!22|VIII CII A 3_local3!20|VIII CII A 3_local3!21|VIII CII A 3_local3!22|VIII CII A 3_local3!23|VIII CII A 3_local4!21|VIII CII A 3_local4!22|VIII CII A 3_local4!23|VIII CII A 3_local4!24
arhitect sef,Arhitect-şef,VIII,funcționar public,81.30110003.01.2,8,VIII CI A 3 (local1)!12|VIII CI A 3 (local1)!19|VIII CI A 3 (local2)!11|VIII CI A 3 (local2)!18|VIII CI A 3 (local3)!11|VIII CI A 3 (local3)!18|VIII CI A 3 (local4)!11|VIII CI A 3 (local4)!18
arhitect tic,Arhitect TIC,VIII,personal contractual,,2,VIII CII I!25|VIII CII I!32
arhivar,Arhivar,VIII,personal contractual,82.40106003.01.1|82.40106003.01.2|82.40106003.01.3|82.40106003.01.4|82.40108014.01.1|82.40302005.04.1|82.40302005.04.2|82.60128005.04.1|82.60128005.04.2|82.60128005.04.3|82.60128005.04.4,23,VIII CII A 1!71|VIII CII A 1!72|VIII CII A 1!73|VIII CII A 1!74|VIII CII A 1!131|VIII CII A 3_local1!31|VIII CII A 3_local1!32|VIII CII A 3_local1!33|VIII CII A 3_local1!34|VIII CII A 3_local2!31|VIII CII A 3_local2!32|VIII CII A 3_local2!33|VIII CII A 3_local2!34|VIII CII A 3_local3!32|VIII CII A 3_local3!33|VIII CII A 3_local3!34|VIII CII A 3_local3!35|VIII CII A 3_local4!33|VIII CII A 3_local4!34|VIII CII A 3_local4!35|VIII CII A 3_local4!36|VIII CII C!21|VIII CII C!22
arhivar debutant,Arhivar debutant,VIII,personal contractual,82.40108014.01.2,1,VIII CII A 1!132
arhivist,Arhivist,IV|VIII,personal contractual,82.40106001.01.1|82.40106001.01.2|82.40106001.01.3|82.40106001.01.4|82.40106002.01.1|82.40106002.01.2|82.40106002.01.3|82.40106002.01.4|82.40202004.05.1|82.40202004.05.2|82.40202004.05.3|82.40202004.05.4|82.50126004.09.1|82.50126004.09.2|82.50126004.09.3|82.50126004.09.4|82.60128004.09.1|82.60128004.09.2|82.60128004.09.3|82.60128004.09.4,36,IV CVII!35|IV CVII!36|IV CVII!37|IV CVII!38|VIII CII A 1!63|VIII CII A 1!64|VIII CII A 1!65|VIII CII A 1!66|VIII CII A 1!67|VIII CII A 1!68|VIII CII A 1!69|VIII CII A 1!70|VIII CII A 2!29|VIII CII A 2!30|VIII CII A 2!31|VIII CII A 2!32|VIII CII A 3_local1!27|VIII CII A 3_local1!28|VIII CII A 3_local1!29|VIII CII A 3_local1!30|VIII CII A 3_local2!27|VIII CII A 3_local2!28|VIII CII A 3_local2!29|VIII CII A 3_local2!30|VIII CII A 3_local3!28|VIII CII A 3_local3!29|VIII CII A 3_local3!30|VIII CII A 3_local3!31|VIII CII A 3_local4!29|VIII CII A 3_local4!30|VIII CII A 3_local4!31|VIII CII A 3_local4!32|VIII CII B!28|VIII CII B!29|VIII CII B!30|VIII CII B!31
artist instrumentist artist liric balerin dansator artist circ corepetitor acompaniator regizor scena culise maestru de studii balet canto muzical corist opera opereta,"Artist instrumentist, artist liric, balerin, dansator, artist circ, corepetitor, acompaniator, regizor scenă (culise), maestru de studii (balet, canto, muzical), corist (opera, opereta)",III,,31.00201003.10.1|31.00201003.10.2|31.00201003.10.3|31.00201003.10.4|31.00202003.10.1|31.00202003.10.2|31.00202003.10.3|31.00202003.10.4,8,III CI !26|III CI !27|III CI !28|III CI !29|III CI !81|III CI !82|III CI !83|III CI !84
asistent accesare fonduri implementare si administrare proiecte securitate cibernetica,"asistent accesare fonduri, implementare şi administrare proiecte Securitate cibernetică",VIII,personal contractual,,4,VIII CII A 1!256|VIII CII A 1!257|VIII CII A 1!258|VIII CII A 1!259
asistent analist,Asistent analist,VIII,personal contractual,82.40119002.01.1|82.40119002.01.2,2,VIII CII A 1!195|VIII CII A 1!196
asistent analiza surse deschise riscuri si amenintari securitate cibernetica,"asistent analiză surse deschise, riscuri şi ameninţări Securitate cibernetică",VIII,personal contractual,,4,VIII CII A 1!256|VIII CII A 1!257|VIII CII A 1!258|VIII CII A 1!259
asistent criminalist,Asistent criminalist,V,,55.00101008.01.1,1,V CV!32
asistent de cercetare stiintifica,Asistent de cercetare ştiinţifică,I,,12.00201005.01.1,1,I CII!25
asistent de cercetare stiintifica stagiar,Asistent de cercetare ştiinţifică stagiar,I,,12.00201006.01.1,1,I CII!26
asistent de fiziokinetoterapie,asistent de fiziokinetoterapie,II,,21.00201032.27.1,1,II CI 2!36
asistent de profilaxie stomatologica,asistent de profilaxie stomatologică,II,,21.00201032.27.1,1,II CI 2!36
asistent de sprijin pentru victime debutant,Asistent de sprijin pentru victime debutant,II,,21.00303004.01.1,1,II CI 3!18
asistent de sprijin pentru victime practicant,Asistent de sprijin pentru victime practicant,II,,21.00303003.01.1,1,II CI 3!17
asistent de sprijin pentru victime principal,Asistent de sprijin pentru victime principal,II,,21.00303001.01.1,1,II CI 3!15
asistent de sprijin pentru victime specialist,Asistent de sprijin pentru victime specialist,II,,21.00303002.01.1,1,II CI 3!16
asistent dentar,asistent dentar,II,,21.00201032.27.1,1,II CI 2!36
asistent dezvoltare implementare si administrare infrastructuri securitate cibernetica,"asistent dezvoltare, implementare şi administrare infrastructuri Securitate cibernetică",VIII,personal contractual,,4,VIII CII A 1!256|VIII CII A 1!257|VIII CII A 1!258|VIII CII A 1!259
asistent evaluare si impact financiar securitate cibernetica,asistent evaluare şi impact financiar securitate cibernetică,VIII,personal contractual,,4,VIII CII A 1!256|VIII CII A 1!257|VIII CII A 1!258|VIII CII A 1!259
asistent i,Asistent I,I,,12.00201007.01.1,1,I CII!27
asistent igienist pentru cabinet stomatologic,asistent igienist pentru cabinet stomatologic,II,,21.00201032.27.1,1,II CI 2!36
asistent ii,Asistent II,I,,12.00201008.01.1,1,I CII!28
asistent investigatii digitale si analiza malware,asistent investigaţii digitale şi analiză malware,VIII,personal contractual,,4,VIII CII A 1!256|VIII CII A 1!257|VIII CII A 1!258|VIII CII A 1!259
asistent legal politici standardizare de securitate cibernetica,"asistent legal politici, standardizare de securitate cibernetică",VIII,personal contractual,,4,VIII CII A 1!256|VIII CII A 1!257|VIII CII A 1!258|VIII CII A 1!259
asistent maternal profesionist,Asistent maternal profesionist,II,,21.00303044.01.1,1,II CI 3!58
asistent medical,Asistent medical,II,,21.00201026.11.1|21.00201027.11.1|21.00201028.11.1|21.00201032.27.1|21.00201033.27.1|21.00201039.01.1,6,II CI 2!33|II CI 2!34|II CI 2!35|II CI 2!36|II CI 2!37|II CI 2!43
asistent medical asistent medical specialist tehnician superior de imagistica radiologie radioterapie si radiodiagnostic cosmetician medical specialist asistent medical specializat tehnician de laborator clinic tehnician de farmacie asistent de fiziokinetoterapie asistent medical de urgente medico chirurgicale asistent medico social tehnician dentar specializat asistent de profilaxie stomatologica asistent igienist pentru cabinet stomatologic asistent pentru stomatologie asistent medical generalist tehnician de radiologie si imagistica tehnician de audiologie si protezare auditiva tehnician de protezare oculara asistent medical de geriatrie gerontologie si asistenta sociala pentru varstnici asistent medical de igiena si sanatate publica cosmetician medical asistent medical nutritionist si dietetician tehnician dentar specialist asistent dentar,"Asistent medical, asistent medical specialist, tehnician superior de imagistică, radiologie, radioterapie şi radiodiagnostic, cosmetician medical specialist, asistent medical specializat, tehnician de laborator clinic, tehnician de farmacie, asistent de fiziokinetoterapie, asistent medical de urgenţe medico-chirurgicale, asistent medico-social, tehnician dentar specializat, asistent de profilaxie stomatologică, asistent igienist pentru cabinet stomatologic, asistent pentru stomatologie, asistent medical generalist, tehnician de radiologie şi imagistică, tehnician de audiologie şi protezare auditivă, tehnician de protezare oculară, asistent medical de geriatrie, gerontologie şi asistenţă socială pentru vârstnici, asistent medical de igienă şi sănătate publică, cosmetician medical, asistent medical nutriţionist şi dietetician, tehnician dentar specialist, asistent dentar",II,,21.00201034.27.1,1,II CI 2!38
asistent medical coordonator,Asistent medical coordonator,II,,,1,II CI 1!38
asistent medical de geriatrie,asistent medical de geriatrie,II,,21.00201032.27.1,1,II CI 2!36
asistent medical de igiena si sanatate publica,asistent medical de igienă şi sănătate publică,II,,21.00201032.27.1,1,II CI 2!36
asistent medical de laborator clinic licentiat,asistent medical de laborator clinic licenţiat,II,,21.00201026.11.1|21.00201027.11.1|21.00201028.11.1,3,II CI 2!33|II CI 2!34|II CI 2!35
asistent medical de profilaxie dentara licentiat,asistent medical de profilaxie dentară licenţiat,II,,21.00201026.11.1|21.00201027.11.1|21.00201028.11.1,3,II CI 2!33|II CI 2!34|II CI 2!35
asistent medical de urgente medico chirurgicale,asistent medical de urgenţe medico-chirurgicale,II,,21.00201032.27.1,1,II CI 2!36
asistent medical debutant,Asistent medical debutant *,II,,21.00201040.01.1,1,II CI 2!44
asistent medical dentar licentiat,asistent medical dentar licenţiat,II,,21.00201026.11.1|21.00201027.11.1|21.00201028.11.1,3,II CI 2!33|II CI 2!34|II CI 2!35
asistent medical generalist,asistent medical generalist,II,,21.00201032.27.1,1,II CI 2!36
asistent medical nutritionist si dietetician,asistent medical nutriţionist şi dietetician,II,,21.00201032.27.1,1,II CI 2!36
asistent medical principal,Asistent medical principal *,II,,21.00201038.01.1,1,II CI 2!42
asistent medical sef,Asistent medical-şef,II,,,1,II CI 1!27
asistent medical sef moasa sef si altele similare,"Asistent medical şef **), moașă-șef și altele similare",II,,,1,II CI 1!37
asistent medical sef pe unitate,Asistent medical-şef pe unitate,II,,,1,II CI 1!36
asistent medical specialist,asistent medical specialist,II,,21.00201032.27.1|21.00201033.27.1,2,II CI 2!36|II CI 2!37
asistent medical specializat,asistent medical specializat,II,,21.00201032.27.1,1,II CI 2!36
asistent medical tehnician de audiologie si protezare auditiva,"Asistent medical, tehnician de audiologie și protezare auditivă",II,,21.00303019.02.1|21.00303020.02.1|21.00303021.02.1,3,II CI 3!33|II CI 3!34|II CI 3!35
asistent medical tehnician dentar,"Asistent medical,tehnician dentar *",II,,21.00201036.01.1,1,II CI 2!40
asistent medical tehnician dentar debutant,"Asistent medical,tehnician dentar debutant*",II,,21.00201037.01.1,1,II CI 2!41
asistent medical tehnician dentar principal,"Asistent medical,tehnician dentar principal *",II,,21.00201035.01.1,1,II CI 2!39
asistent medico social,asistent medico-social,II,,21.00201032.27.1,1,II CI 2!36
asistent pentru stomatologie,asistent pentru stomatologie,II,,21.00201032.27.1,1,II CI 2!36
asistent personal profesionist,Asistent personal profesionist,II,,,1,II CI 3!62
asistent politici strategii si cooperare securitate cibernetica,"asistent politici, strategii şi cooperare securitate cibernetică",VIII,personal contractual,,4,VIII CII A 1!256|VIII CII A 1!257|VIII CII A 1!258|VIII CII A 1!259
asistent preluare analiza primara si raspuns la incidente securitate cibernetica,"asistent preluare, analiză primară şi răspuns la incidente securitate cibernetică",VIII,personal contractual,,4,VIII CII A 1!256|VIII CII A 1!257|VIII CII A 1!258|VIII CII A 1!259
asistent registrator,Asistent registrator,VIII,personal contractual,82.40108011.01.1|82.40108011.01.2|82.40108011.01.3|82.40108011.01.4,4,VIII CII A 1!119|VIII CII A 1!120|VIII CII A 1!121|VIII CII A 1!122
asistent registrator principal,Asistent registrator principal,VIII,personal contractual,82.40108006.01.1|82.40108006.01.2|82.40108006.01.3|82.40108006.01.4,4,VIII CII A 1!99|VIII CII A 1!100|VIII CII A 1!101|VIII CII A 1!102
asistent securitate cibernetica,Asistent securitate cibernetică,VIII,personal contractual,,4,VIII CII A 1!256|VIII CII A 1!257|VIII CII A 1!258|VIII CII A 1!259
asistent social,Asistent social,II|VIII,funcționar public,21.00303001.01.1|21.00303002.01.1|21.00303003.01.1|21.00303004.01.1|81.10105009.04.1|81.10105009.04.2|81.10105009.04.3|81.10105009.04.4|81.20109001.03.1|81.20109001.03.2|81.20109001.03.3|81.20109001.03.4,28,II CI 3!15|II CI 3!16|II CI 3!17|II CI 3!18|VIII_CI_A_1!50|VIII_CI_A_1!51|VIII_CI_A_1!52|VIII_CI_A_1!53|VIII_CI_A_2!33|VIII_CI_A_2!34|VIII_CI_A_2!35|VIII_CI_A_2!36|VIII CI A 3 (local1)!41|VIII CI A 3 (local1)!42|VIII CI A 3 (local1)!43|VIII CI A 3 (local1)!44|VIII CI A 3 (local2)!48|VIII CI A 3 (local2)!49|VIII CI A 3 (local2)!50|VIII CI A 3 (local2)!51|VIII CI A 3 (local3)!48|VIII CI A 3 (local3)!49|VIII CI A 3 (local3)!50|VIII CI A 3 (local3)!51|VIII CI A 3 (local4)!48|VIII CI A 3 (local4)!49|VIII CI A 3 (local4)!50|VIII CI A 3 (local4)!51
asistent stagiar,Asistent stagiar,I,,12.00201009.01.1,1,I CII!29
asistent universitar,Asistent universitar,I,,11.00401004.01.1|11.00401004.01.2|11.00401004.01.3|11.00401004.01.4|11.00401004.01.5|11.00401004.01.6|11.00401004.01.7,7,I CI 4-5-6!25|I CI 4-5-6!26|I CI 4-5-6!27|I CI 4-5-6!28|I CI 4-5-6!29|I CI 4-5-6!30|I CI 4-5-6!31
asistent veterinar,asistent veterinar,VIII,personal contractual,,4,VIII CII G!16|VIII CII G!17|VIII CII G!18|VIII CII G!19
asistent veterinar laborant tehnician referent,"Asistent veterinar, laborant, tehnician* , referent",VIII,personal contractual,82.40124013.04.1|82.40124014.04.1|82.40124015.04.1|82.40124016.04.1,4,VIII CII A 1!236|VIII CII A 1!237|VIII CII A 1!238|VIII CII A 1!239
asistentul judecatorului,Asistentul judecatorului,V,,,1,V CII!41
aspirant,aspirant,VI,,,1,VI_Armata!22
atasat agent consular,"Ataşat, agent consular",IV,,42.00100008.02.1,1,IV CI + CII!24
atasat economic,Ataşat economic,VIII,personal contractual,82.40104004.01.1,1,VIII CII A 1!56
auditor,Auditor,IV|VIII,funcționar public|personal contractual,81.10104001.01.1|81.10104001.01.2|81.10104001.01.3|81.20108001.01.1|81.20108001.01.2|81.20108001.01.3|81.30111001.01.1|81.30111001.01.2|81.30111001.01.3|82.40102001.01.1|82.40102001.01.2|82.40102001.01.3|82.40108004.01.1|82.40202001.01.1|82.40202001.01.2|82.50126001.01.1|82.50126001.01.2|82.50126001.01.3|82.60128001.01.1|82.60128001.01.2|82.60128001.01.3,42,IV CVII!16|IV CVII!17|IV CVII!18|VIII_CI_A_1!22|VIII_CI_A_1!23|VIII_CI_A_1!24|VIII_CI_A_2!17|VIII_CI_A_2!18|VIII_CI_A_2!19|VIII CI A 3 (local1)!21|VIII CI A 3 (local1)!22|VIII CI A 3 (local1)!23|VIII CI A 3 (local2)!20|VIII CI A 3 (local2)!21|VIII CI A 3 (local2)!22|VIII CI A 3 (local3)!20|VIII CI A 3 (local3)!21|VIII CI A 3 (local3)!22|VIII CI A 3 (local4)!20|VIII CI A 3 (local4)!21|VIII CI A 3 (local4)!22|VIII CII A 1!22|VIII CII A 1!23|VIII CII A 1!24|VIII CII A 1!95|VIII CII A 2!18|VIII CII A 2!19|VIII CII A 2!20|VIII CII A 3_local1!16|VIII CII A 3_local1!17|VIII CII A 3_local1!18|VIII CII A 3_local2!16|VIII CII A 3_local2!17|VIII CII A 3_local2!18|VIII CII A 3_local3!17|VIII CII A 3_local3!18|VIII CII A 3_local3!19|VIII CII A 3_local4!18|VIII CII A 3_local4!19|VIII CII A 3_local4!20
auditor de justitie,Auditor de justiţie,V,,51.00101006.01.1|51.00101007.01.1,2,V CI A+B!27|V CI A+B!28
auditor intern specialist,Auditor intern specialist,V,,56.00201001.02.1|56.00201002.02.1|56.00201003.02.1|56.00201004.02.1,4,V CVInef!16|V CVInef!17|V CVInef!18|V CVInef!19
auditor public extern consilier juridic asimilat auditorului public extern specialist informatica asimilat auditorului public extern consilier din cabinetul demnitarului din cadrul curtii de conturi a romaniei si autoritatii de audit principal vechimea minima in specialitate 8 ani,"Auditor public extern, consilier juridic asimilat auditorului public extern, specialist informatică asimilat auditorului public extern, consilier din cabinetul demnitarului din cadrul Curţii de Conturi a României şi Autorităţii de Audit - Principal (Vechimea minimă în specialitate 8 ani)",VIII,personal contractual,82.40115002.04.1|82.40115002.04.2|82.40115002.04.3,3,VIII CII A 1!167|VIII CII A 1!168|VIII CII A 1!169
auditor public extern consilier juridic asimilat auditorului public extern specialist informatica asimilat auditorului public extern consilier din cabinetul demnitarului din cadrul curtii de conturi a romaniei si autoritatii de audit superior vechimea minima in specialitate 12 ani,"Auditor public extern, consilier juridic asimilat auditorului public extern, specialist informatică asimilat auditorului public extern, consilier din cabinetul demnitarului din cadrul Curţii de Conturi a României şi Autorităţii de Audit - Superior (Vechimea minimă în specialitate 12 ani)",VIII,personal contractual,82.40115001.04.1|82.40115001.04.2|82.40115001.04.3,3,VIII CII A 1!164|VIII CII A 1!165|VIII CII A 1!166
auditor public extern consilier juridic asimilat auditorului public extern specialist informatica asimilat auditorului public extern consilier din cabinetul demnitarului din cadrul curtii de conturi a romaniei si autoritatii de audit vechimea minima in specialitate 3 ani,"Auditor public extern, consilier juridic asimilat auditorului public extern, specialist informatică asimilat auditorului public extern, consilier din cabinetul demnitarului din cadrul Curţii de Conturi a României şi Autorităţii de Audit - Vechimea minimă în specialitate 3 ani",VIII,personal contractual,82.40115003.04.1|82.40115003.04.2|82.40115003.04.3,3,VIII CII A 1!170|VIII CII A 1!171|VIII CII A 1!172
autopsier,Autopsier,II,,21.00201048.01.1,1,II CI 2!52
autopsier debutant,Autopsier debutant,II,,21.00201049.01.1,1,II CI 2!53
autopsier principal,Autopsier principal,II,,21.00201047.01.1,1,II CI 2!51
avocatul poporului,Avocatul poporului,IX,,,1,IX B!23
bibliograf,bibliograf,I,,11.00601001.02.1|11.00601001.02.2|11.00601001.02.3|11.00601001.02.4|11.00601007.02.1|11.00601007.02.2|11.00601007.02.3|11.00601007.02.4,8,I CI 4-5-6!148|I CI 4-5-6!149|I CI 4-5-6!150|I CI 4-5-6!151|I CI 4-5-6!180|I CI 4-5-6!181|I CI 4-5-6!182|I CI 4-5-6!183
bibliotecar,Bibliotecar,I,,11.00601001.02.1|11.00601001.02.2|11.00601001.02.3|11.00601001.02.4|11.00601007.02.1|11.00601007.02.2|11.00601007.02.3|11.00601007.02.4|11.00601013.02.1|11.00601013.02.2|11.00601013.02.3|11.00601013.02.4,12,I CI 4-5-6!148|I CI 4-5-6!149|I CI 4-5-6!150|I CI 4-5-6!151|I CI 4-5-6!180|I CI 4-5-6!181|I CI 4-5-6!182|I CI 4-5-6!183|I CI 4-5-6!208|I CI 4-5-6!209|I CI 4-5-6!210|I CI 4-5-6!211
bibliotecar arhivist,bibliotecar-arhivist,I,,11.00601001.02.1|11.00601001.02.2|11.00601001.02.3|11.00601001.02.4|11.00601007.02.1|11.00601007.02.2|11.00601007.02.3|11.00601007.02.4,8,I CI 4-5-6!148|I CI 4-5-6!149|I CI 4-5-6!150|I CI 4-5-6!151|I CI 4-5-6!180|I CI 4-5-6!181|I CI 4-5-6!182|I CI 4-5-6!183
bibliotecar bibliotecar arhivist bibliograf redactor tehnoredactor conservator restaurator,"Bibliotecar, bibliotecar-arhivist, bibliograf, redactor, tehnoredactor, conservator, restaurator",III,,32.00201002.07.1|32.00201002.07.2|32.00201002.07.3|32.00201002.07.4|32.00202002.07.1|32.00202002.07.2|32.00202002.07.3|32.00202002.07.4,8,III CII!23|III CII!24|III CII!25|III CII!26|III CII!53|III CII!54|III CII!55|III CII!56
bibliotecar bibliotecar arhivist bibliograf redactor tehnoredactor inginer de sistem documentarist conservator restaurator analist,"Bibliotecar, bibliotecar-arhivist, bibliograf, redactor, tehnoredactor, inginer de sistem, documentarist, conservator, restaurator, analist",III,,32.00201001.10.1|32.00201001.10.2|32.00201001.10.3|32.00201001.10.4|32.00202001.10.1|32.00202001.10.2|32.00202001.10.3|32.00202001.10.4,8,III CII!19|III CII!20|III CII!21|III CII!22|III CII!49|III CII!50|III CII!51|III CII!52
bibliotecar redactor tehnoredactor,"Bibliotecar, redactor, tehnoredactor",III,,32.00201003.03.1|32.00201003.03.2|32.00201003.03.3|32.00201003.03.4|32.00202003.03.1|32.00202003.03.2|32.00202003.03.3|32.00202003.03.4,8,III CII!27|III CII!28|III CII!29|III CII!30|III CII!57|III CII!58|III CII!59|III CII!60
bibliotecar redactor tehnoredactor operator date controlor date restaurator conservator,"Bibliotecar, redactor, tehnoredactor, operator date, controlor date, restaurator, conservator",III,,32.00201004.07.1|32.00201004.07.2|32.00201004.07.3|32.00201004.07.4|32.00202004.07.1|32.00202004.07.2|32.00202004.07.3|32.00202004.07.4,8,III CII!31|III CII!32|III CII!33|III CII!34|III CII!61|III CII!62|III CII!63|III CII!64
bioinginer medical,Bioinginer medical,II,,21.00201022.02.1|21.00201023.02.1|21.00201024.02.1|21.00201025.02.1,4,II CI 2!29|II CI 2!30|II CI 2!31|II CI 2!32
biolog,biolog,II|VIII,personal contractual,21.00205008.04.1|21.00205009.04.1|21.00205010.04.1|82.40124005.05.1|82.40124006.04.1|82.40124007.04.1|82.40124008.04.1,11,II CI 2!64|II CI 2!65|II CI 2!66|VIII CII A 1!228|VIII CII A 1!229|VIII CII A 1!230|VIII CII A 1!231|VIII CII G!12|VIII CII G!13|VIII CII G!14|VIII CII G!15
biolog biochimist chimist fizician,"Biolog, biochimist, chimist, fizician",II,,21.00205003.04.1,1,II CI 2!59
biolog biochimist chimist fizician debutant,"Biolog, biochimist, chimist, fizician - debutant",II,,21.00205004.05.1,1,II CI 2!60
biolog biochimist chimist fizician principal,"Biolog,biochimist,chimist, fizician - principal",II,,21.00205001.05.1,1,II CI 2!57
biolog biochimist chimist fizician specialist,"Biolog, biochimist, chimist, fizician- specialist",II,,21.00205002.05.1,1,II CI 2!58
biolog fizician chimist sociolog psiholog,"Biolog, fizician, chimist, sociolog, psiholog",III,,33.00201003.05.1|33.00201004.05.1|33.00202003.05.1|33.00202004.05.1,4,III CIII!22|III CIII!23|III CIII!52|III CIII!53
biolog fizician chimist sociolog psiholog topograf documentarist grafician,"Biolog, fizician, chimist, sociolog, psiholog, topograf, documentarist, grafician",III,,33.00201002.08.1|33.00201005.08.1|33.00202002.08.1|33.00202005.08.1,4,III CIII!21|III CIII!24|III CIII!51|III CIII!54
brancardier baies namolar spalatoreasa ingrijitoare,"Brancardier, băieş, nămolar, spălătoreasă, îngrijitoare",II,,21.00209003.05.1,1,II CI 2!82
bucatar,Bucătar,II|VIII,personal contractual,21.00304006.01.1|82.60128014.02.1,6,II CI 3!70|VIII CII A 3_local1!51|VIII CII A 3_local2!51|VIII CII A 3_local3!52|VIII CII A 3_local4!53|VIII CII E!40
bucatar calificat,Bucătar calificat,VIII,personal contractual,,1,VIII CII C!25
bucatar lenjereasa,"Bucătar, lenjereasă",VIII,personal contractual,82.40302008.02.1,1,VIII CII C!26
bufetier,bufetier,VIII,personal contractual,82.40302007.07.1|82.60128013.07.1,5,VIII CII A 3_local1!50|VIII CII A 3_local2!50|VIII CII A 3_local3!51|VIII CII A 3_local4!52|VIII CII C!24
capitan comandor,căpitan-comandor,VI,,,1,VI_Armata!18
capitan fluvial categoria a,căpitan fluvial categoria A,VIII,personal contractual,,1,VIII CII E!29
capitan fluvial categoria b,căpitan fluvial categoria B,VIII,personal contractual,,1,VIII CII E!29
capitan maritim portuar,Căpitan maritim-portuar,VIII,personal contractual,,1,VIII CII E!25
casier,Casier,VIII,personal contractual,82.40302005.04.1|82.40302005.04.2|82.60128011.02.1|82.60128011.02.2,10,VIII CII A 3_local1!47|VIII CII A 3_local1!48|VIII CII A 3_local2!47|VIII CII A 3_local2!48|VIII CII A 3_local3!48|VIII CII A 3_local3!49|VIII CII A 3_local4!49|VIII CII A 3_local4!50|VIII CII C!21|VIII CII C!22
casier trezorier,casier trezorier,VIII,funcționar public|personal contractual,81.10105012.03.1|81.10105012.03.2|81.10105012.03.3|81.10105012.03.4|82.40111001.01.1|82.40111001.01.2|82.40111001.01.3,7,VIII_CI_A_1!66|VIII_CI_A_1!67|VIII_CI_A_1!68|VIII_CI_A_1!69|VIII CII A 1!138|VIII CII A 1!139|VIII CII A 1!140
cercetator stiintific,Cercetător ştiinţific,I,,12.00201004.01.1,1,I CII!24
cercetator stiintific i,Cercetător ştiinţific I,I,,12.00201001.01.1,1,I CII!21
cercetator stiintific ii,Cercetător ştiinţific II,I,,12.00201002.01.1,1,I CII!22
cercetator stiintific iii,Cercetător ştiinţific III,I,,12.00201003.01.1,1,I CII!23
chestor de politie,chestor de poliţie,VI,,,1,VI_Armata!16
chestor general de politie,chestor general de poliţie,VI,,,1,VI_Armata!13
chestor principal de politie,chestor principal de poliţie,VI,,,1,VI_Armata!15
chestor sef adjunct de politie penitenciara,chestor șef adjunct de poliție penitenciară,VI,,,1,VI_Armata!14
chestor sef de politie,chestor-șef de poliţie,VI,,,1,VI_Armata!14
chestor sef de politie penitenciara,chestor șef de poliție penitenciară,VI,,,1,VI_Armata!13
chimist,chimist*,II|VIII,personal contractual,21.00205009.04.1|21.00205010.04.1,6,II CI 2!65|II CI 2!66|VIII CII G!12|VIII CII G!13|VIII CII G!14|VIII CII G!15
chimist principal,"chimist, principal *",II,,21.00205008.04.1,1,II CI 2!64
comandant,Comandant,VIII,personal contractual,,1,VIII CII E!12
comandant adjunct aeroclub teritorial,Comandant adjunct aeroclub teritorial,VIII,personal contractual,,1,VIII CII F!16
comandant aeroclub teritorial,Comandant aeroclub teritorial,VIII,personal contractual,,1,VIII CII F!15
comandant detasament de zbor,Comandant detaşament de zbor,VIII,personal contractual,,1,VIII CII F!14
comandant instructor,Comandant instructor,VIII,personal contractual,,1,VIII CII E!10
comandant sub 3000 trb,Comandant sub 3000 TRB,VIII,personal contractual,,1,VIII CII E!13
comandor,comandor,VI,,,1,VI_Armata!17
comisar,Comisar,VIII,funcționar public,81.10105010.01.1|81.10105010.01.2|81.10105010.01.3|81.10105010.01.4|81.10105011.02.1|81.10105011.02.2|81.10105011.02.3|81.10105011.02.4|81.10105012.03.1|81.10105012.03.2|81.10105012.03.3|81.10105012.03.4|81.20109002.01.1|81.20109002.01.2|81.20109002.01.3|81.20109002.01.4|81.20109003.01.1|81.20109003.01.2|81.20109003.01.3|81.20109003.01.4,20,VIII_CI_A_1!58|VIII_CI_A_1!59|VIII_CI_A_1!60|VIII_CI_A_1!61|VIII_CI_A_1!62|VIII_CI_A_1!63|VIII_CI_A_1!64|VIII_CI_A_1!65|VIII_CI_A_1!66|VIII_CI_A_1!67|VIII_CI_A_1!68|VIII_CI_A_1!69|VIII_CI_A_2!37|VIII_CI_A_2!38|VIII_CI_A_2!39|VIII_CI_A_2!40|VIII_CI_A_2!41|VIII_CI_A_2!42|VIII_CI_A_2!43|VIII_CI_A_2!44
comisar de politie,comisar de poliţie,VI,,,1,VI_Armata!18
comisar general,comisar general,VIII,funcționar public,81.10101002.02.2,1,VIII_CI_A_1!10
comisar general adjunct,comisar general adjunct,VIII,funcționar public,81.10103002.05.2|81.20107002.04.2,2,VIII_CI_A_1!16|VIII_CI_A_2!11
comisar general prim adjunct,comisar general prim adjunct,VIII,funcționar public,81.10103001.05.2|81.20107001.02.2,2,VIII_CI_A_1!15|VIII_CI_A_2!10
comisar sef adjunct,comisar şef adjunct,VIII,funcționar public,81.10103004.12.2|81.20107004.09.2,2,VIII_CI_A_1!18|VIII_CI_A_2!13
comisar sef de politie,comisar-şef de poliţie,VI,,,1,VI_Armata!17
comisar sef divizie,comisar şef divizie,VIII,funcționar public,81.10103003.09.2|81.20107003.06.2,2,VIII_CI_A_1!17|VIII_CI_A_2!12
comisar sef divizie sectie,comisar şef divizie secţie,VIII,funcționar public,81.10103005.03.2|81.20107005.02.2,2,VIII_CI_A_1!19|VIII_CI_A_2!14
comisar sef sectie,comisar şef secţie,VIII,funcționar public,81.10103003.09.2|81.20107003.06.2,2,VIII_CI_A_1!17|VIII_CI_A_2!12
comisar sef sectie adjunct,comisar şef secţie adjunct,VIII,funcționar public,81.10103004.12.2|81.20107004.09.2,2,VIII_CI_A_1!18|VIII_CI_A_2!13
comisar sef sectie divizie,comisar şef secţie divizie,VIII,funcționar public,81.10103004.12.2|81.20107004.09.2,2,VIII_CI_A_1!18|VIII_CI_A_2!13
conducator autospeciala,Conducător autospecială,VIII,personal contractual,82.60130009.01.1,4,VIII CII A 3_local1!77|VIII CII A 3_local2!77|VIII CII A 3_local3!78|VIII CII A 3_local4!79
conducator salupa timonier maritim,"Conducător şalupă, timonier maritim",VIII,personal contractual,,1,VIII CII E!37
conducatorul institutiei,Conducătorul instituţiei,IX,,,1,IX D!9
conductor arhitect,conductor arhitect,VIII,personal contractual,82.40202004.05.1|82.40202004.05.2|82.40202004.05.3|82.40202004.05.4|82.50126004.09.1|82.50126004.09.2|82.50126004.09.3|82.50126004.09.4|82.60128004.09.1|82.60128004.09.2|82.60128004.09.3|82.60128004.09.4,24,VIII CII A 2!29|VIII CII A 2!30|VIII CII A 2!31|VIII CII A 2!32|VIII CII A 3_local1!27|VIII CII A 3_local1!28|VIII CII A 3_local1!29|VIII CII A 3_local1!30|VIII CII A 3_local2!27|VIII CII A 3_local2!28|VIII CII A 3_local2!29|VIII CII A 3_local2!30|VIII CII A 3_local3!28|VIII CII A 3_local3!29|VIII CII A 3_local3!30|VIII CII A 3_local3!31|VIII CII A 3_local4!29|VIII CII A 3_local4!30|VIII CII A 3_local4!31|VIII CII A 3_local4!32|VIII CII B!28|VIII CII B!29|VIII CII B!30|VIII CII B!31
conductor tehnic,conductor tehnic,VIII,personal contractual,82.40208002.02.1|82.40208002.02.2|82.40208002.02.3|82.40208002.02.4,4,VIII CII B!70|VIII CII B!71|VIII CII B!72|VIII CII B!73
conferentiar universitar,Conferenţiar universitar,I,,11.00401002.01.1|11.00401002.01.2|11.00401002.01.3|11.00401002.01.4|11.00401002.01.5|11.00401002.01.6,6,I CI 4-5-6!13|I CI 4-5-6!14|I CI 4-5-6!15|I CI 4-5-6!16|I CI 4-5-6!17|I CI 4-5-6!18
conservator,conservator,I,,11.00601001.02.1|11.00601001.02.2|11.00601001.02.3|11.00601001.02.4|11.00601007.02.1|11.00601007.02.2|11.00601007.02.3|11.00601007.02.4|11.00601013.02.1|11.00601013.02.2|11.00601013.02.3|11.00601013.02.4,12,I CI 4-5-6!148|I CI 4-5-6!149|I CI 4-5-6!150|I CI 4-5-6!151|I CI 4-5-6!180|I CI 4-5-6!181|I CI 4-5-6!182|I CI 4-5-6!183|I CI 4-5-6!208|I CI 4-5-6!209|I CI 4-5-6!210|I CI 4-5-6!211
consilier,Consilier,IV|VIII,funcționar public|personal contractual,81.10104002.04.1|81.10104002.04.2|81.10104002.04.3|81.10104002.04.4|81.20108002.04.1|81.20108002.04.2|81.20108002.04.3|81.20108002.04.4|81.30111002.04.1|81.30111002.04.2|81.30111002.04.3|81.30111002.04.4|82.40108002.01.1|82.40108002.01.2|82.40108002.01.3|82.40108002.01.4|82.40112002.01.1|82.40202002.04.1|82.40202002.04.2|82.40202002.04.3|82.40202002.04.4|82.50126002.07.1|82.50126002.07.2|82.50126002.07.3|82.50126002.07.4|82.60128002.07.1|82.60128002.07.2|82.60128002.07.3|82.60128002.07.4,57,IV CVII!23|IV CVII!24|IV CVII!25|IV CVII!26|VIII_CI_A_1!25|VIII_CI_A_1!26|VIII_CI_A_1!27|VIII_CI_A_1!28|VIII_CI_A_2!20|VIII_CI_A_2!21|VIII_CI_A_2!22|VIII_CI_A_2!23|VIII CI A 3 (local1)!24|VIII CI A 3 (local1)!25|VIII CI A 3 (local1)!26|VIII CI A 3 (local1)!27|VIII CI A 3 (local2)!23|VIII CI A 3 (local2)!24|VIII CI A 3 (local2)!25|VIII CI A 3 (local2)!26|VIII CI A 3 (local3)!23|VIII CI A 3 (local3)!24|VIII CI A 3 (local3)!25|VIII CI A 3 (local3)!26|VIII CI A 3 (local4)!23|VIII CI A 3 (local4)!24|VIII CI A 3 (local4)!25|VIII CI A 3 (local4)!26|VIII CII A 1!87|VIII CII A 1!88|VIII CII A 1!89|VIII CII A 1!90|VIII CII A 1!148|VIII CII A 2!21|VIII CII A 2!22|VIII CII A 2!23|VIII CII A 2!24|VIII CII A 3_local1!19|VIII CII A 3_local1!20|VIII CII A 3_local1!21
consilier achizitii publice,consilier achiziții publice,VIII,funcționar public,81.10104002.04.1|81.10104002.04.2|81.10104002.04.3|81.10104002.04.4|81.20108002.04.1|81.20108002.04.2|81.20108002.04.3|81.20108002.04.4|81.30111002.04.1|81.30111002.04.2|81.30111002.04.3|81.30111002.04.4,24,VIII_CI_A_1!25|VIII_CI_A_1!26|VIII_CI_A_1!27|VIII_CI_A_1!28|VIII_CI_A_2!20|VIII_CI_A_2!21|VIII_CI_A_2!22|VIII_CI_A_2!23|VIII CI A 3 (local1)!24|VIII CI A 3 (local1)!25|VIII CI A 3 (local1)!26|VIII CI A 3 (local1)!27|VIII CI A 3 (local2)!23|VIII CI A 3 (local2)!24|VIII CI A 3 (local2)!25|VIII CI A 3 (local2)!26|VIII CI A 3 (local3)!23|VIII CI A 3 (local3)!24|VIII CI A 3 (local3)!25|VIII CI A 3 (local3)!26|VIII CI A 3 (local4)!23|VIII CI A 3 (local4)!24|VIII CI A 3 (local4)!25|VIII CI A 3 (local4)!26
consilier al directorului general,Consilier al directorului general,VIII,personal contractual,82.40108001.01.1,1,VIII CII A 1!86
consilier cadastru,Consilier cadastru,VIII,personal contractual,82.40108008.01.1|82.40108008.01.2|82.40108008.01.3|82.40108008.01.4,4,VIII CII A 1!107|VIII CII A 1!108|VIII CII A 1!109|VIII CII A 1!110
consilier conturi,Consilier conturi,IX,,,1,IX B!30
consilier de concurenta,Consilier de concurenţă,IX,,,1,IX B!45
consilier de probatiune debutant,Consilier de probațiune debutant,V,,57.00101012.01.1,1,V CVII!36
consilier de probatiune gradul i,Consilier de probațiune gradul I,V,,57.00101009.01.1|57.00101009.01.2|57.00101009.01.3|57.00101009.01.4,4,V CVII!22|V CVII!23|V CVII!24|V CVII!25
consilier de probatiune gradul ii,Consilier de probațiune gradul II,V,,57.00101010.01.1|57.00101010.01.2|57.00101010.01.3|57.00101010.01.4|57.00101010.01.5,5,V CVII!26|V CVII!27|V CVII!28|V CVII!29|V CVII!30
consilier de probatiune gradul iii,Consilier de probațiune gradul III,V,,57.00101011.01.1|57.00101011.01.2|57.00101011.01.3|57.00101011.01.4|57.00101011.01.5,5,V CVII!31|V CVII!32|V CVII!33|V CVII!34|V CVII!35
consilier de securitate a informatiilor,Consilier de securitate a informaţiilor,VIII,personal contractual,82.40123001.01.1,1,VIII CII A 1!218
consilier de stat,Consilier de stat,IX,,,2,IX B!37|IX B!41
consilier diplomatic consul general,"Consilier diplomatic, consul general",IV,,42.00100004.02.1,1,IV CI + CII!20
consilier economic,Consilier economic,VIII,personal contractual,82.40104002.01.1,1,VIII CII A 1!52
consilier evaluare examinare,Consilier evaluare - examinare,VIII,funcționar public,81.10105013.02.1|81.10105013.02.2|81.10105013.02.3|81.10105013.02.4,4,VIII_CI_A_1!70|VIII_CI_A_1!71|VIII_CI_A_1!72|VIII_CI_A_1!73
consilier expert inspector de specialitate revizor contabil arhitect,"Consilier, expert, inspector de specialitate, revizor contabil, arhitect",VIII,personal contractual,82.40102002.07.1|82.40102002.07.2|82.40102002.07.3|82.40102002.07.4,4,VIII CII A 1!25|VIII CII A 1!26|VIII CII A 1!27|VIII CII A 1!28
consilier juridic,Consilier juridic,IV|VIII,funcționar public|personal contractual,81.10104002.04.1|81.10104002.04.2|81.10104002.04.3|81.10104002.04.4|81.20108002.04.1|81.20108002.04.2|81.20108002.04.3|81.20108002.04.4|81.30111002.04.1|81.30111002.04.2|81.30111002.04.3|81.30111002.04.4|82.40102003.01.1|82.40102003.01.2|82.40102003.01.3|82.40102003.01.4|82.40108003.01.1|82.40108003.01.2|82.40108003.01.3|82.40108003.01.4|82.40202005.01.1|82.40202005.01.2|82.40202005.01.3|82.40202005.01.4|82.50126003.01.1|82.50126003.01.2|82.50126003.01.3|82.50126003.01.4|82.60128003.01.1|82.60128003.01.2|82.60128003.01.3|82.60128003.01.4,60,IV CVII!19|IV CVII!20|IV CVII!21|IV CVII!22|VIII_CI_A_1!25|VIII_CI_A_1!26|VIII_CI_A_1!27|VIII_CI_A_1!28|VIII_CI_A_2!20|VIII_CI_A_2!21|VIII_CI_A_2!22|VIII_CI_A_2!23|VIII CI A 3 (local1)!24|VIII CI A 3 (local1)!25|VIII CI A 3 (local1)!26|VIII CI A 3 (local1)!27|VIII CI A 3 (local2)!23|VIII CI A 3 (local2)!24|VIII CI A 3 (local2)!25|VIII CI A 3 (local2)!26|VIII CI A 3 (local3)!23|VIII CI A 3 (local3)!24|VIII CI A 3 (local3)!25|VIII CI A 3 (local3)!26|VIII CI A 3 (local4)!23|VIII CI A 3 (local4)!24|VIII CI A 3 (local4)!25|VIII CI A 3 (local4)!26|VIII CII A 1!29|VIII CII A 1!30|VIII CII A 1!31|VIII CII A 1!32|VIII CII A 1!91|VIII CII A 1!92|VIII CII A 1!93|VIII CII A 1!94|VIII CII A 2!25|VIII CII A 2!26|VIII CII A 2!27|VIII CII A 2!28
consilier juridic specialist,Consilier juridic specialist,V,,56.00201001.02.1|56.00201002.02.1|56.00201003.02.1|56.00201004.02.1,4,V CVInef!16|V CVInef!17|V CVInef!18|V CVInef!19
consilier parlamentar,Consilier parlamentar,VIII,funcționar public,81.10105001.01.1,1,VIII_CI_A_1!42
consilier pentru afaceri europene,Consilier pentru afaceri europene,VIII,personal contractual,82.40110001.01.1,1,VIII CII A 1!135
consilier prezidential,Consilier prezidenţial,IX,,,1,IX B!40
consilier relatii interpret relatii i consilier cabinet i,"Consilier relaţii, interpret relaţii I, consilier cabinet I",IV,,42.00200001.03.1,1,IV CI + CII!26
consilier relatii interpret relatii ii consilier cabinet ii,"Consilier relaţii, interpret relaţii II, consilier cabinet II",IV,,42.00200002.03.1,1,IV CI + CII!27
consilier relatii interpret relatii iii consilier cabinet iii,"Consilier relaţii, interpret relaţii III, consilier cabinet III",IV,,42.00200003.03.1,1,IV CI + CII!28
consiliului,Consiliului,VII,,,1,VII CI !43
consultant,Consultant,VIII,personal contractual,82.40112004.01.1,1,VIII CII A 1!150
consultant parlamentar,Consultant parlamentar,VIII,funcționar public,81.10105003.01.1,1,VIII_CI_A_1!44
contabil,contabil,VIII,personal contractual,82.40202006.04.1|82.40202006.04.2|82.40202006.04.3|82.40202006.04.4,4,VIII CII B!36|VIII CII B!37|VIII CII B!38|VIII CII B!39
contabil sef,contabil-şef,I|II|VII|VIII,funcționar public|personal contractual,11.00301001.02.2|21.00301002.01.2|81.10103004.12.2|82.40201004.05.2|82.50125004.04.2|82.60127004.04.2,11,I CI 1-3!23|II CI 3!9|VII CI !14|VII CI !29|VIII_CI_A_1!18|VIII CII A 2!14|VIII CII A 3_local1!12|VIII CII A 3_local2!12|VIII CII A 3_local3!13|VIII CII A 3_local4!14|VIII CII B!12
contabil sef isj,Contabil-şef ISJ,I,,,1,I CI 1-3!29
contabil sef nivel maxim,Contabil-şef - nivel maxim,I,,11.00302001.01.2,1,I CI 1-3!31
contraamiral,contraamiral,VI,,,1,VI_Armata!15
contraamiral de flotila,contraamiral de flotilă,VI,,,1,VI_Armata!16
controlor date,controlor date,VIII,personal contractual,82.40208004.02.1|82.40208004.02.2|82.40208004.02.3|82.40208004.02.4,4,VIII CII B!78|VIII CII B!79|VIII CII B!80|VIII CII B!81
controlor delegat al ministerului finantelor publice,Controlor delegat al Ministerului Finanţelor Publice,VIII,funcționar public,81.10105008.01.1,1,VIII_CI_A_1!49
controlor financiar sef,controlor financiar şef,VIII,funcționar public,81.10103001.05.2|81.30110002.02.2,5,VIII_CI_A_1!15|VIII CI A 3 (local1)!11|VIII CI A 3 (local2)!10|VIII CI A 3 (local3)!10|VIII CI A 3 (local4)!10
controlor financiar sef adjunct,controlor financiar şef adjunct,VIII,funcționar public,81.10103002.05.2|81.30110004.02.2,5,VIII_CI_A_1!16|VIII CI A 3 (local1)!13|VIII CI A 3 (local2)!12|VIII CI A 3 (local3)!12|VIII CI A 3 (local4)!12
controlor vamal,controlor vamal,VIII,funcționar public,81.10105012.03.1|81.10105012.03.2|81.10105012.03.3|81.10105012.03.4,4,VIII_CI_A_1!66|VIII_CI_A_1!67|VIII_CI_A_1!68|VIII_CI_A_1!69
coordonator personal de specialitate,Coordonator personal de specialitate,II,,21.00302002.01.2,1,II CI 3!12
coordonator securitate cibernetica,Coordonator securitate cibernetica,VIII,personal contractual,,1,VIII CII A 1!250
coordonator superior securitate cibernetica,Coordonator superior securitate cibernetica,VIII,personal contractual,,1,VIII CII A 1!249
corepetitor,Corepetitor,I,,11.00601005.03.1|11.00601005.03.2|11.00601005.03.3|11.00601011.03.1|11.00601011.03.2|11.00601011.03.3|11.00601017.02.1|11.00601017.02.2|11.00601017.02.3|11.00601017.02.4,12,I CI 4-5-6!168|I CI 4-5-6!169|I CI 4-5-6!170|I CI 4-5-6!171|I CI 4-5-6!196|I CI 4-5-6!197|I CI 4-5-6!198|I CI 4-5-6!199|I CI 4-5-6!224|I CI 4-5-6!225|I CI 4-5-6!226|I CI 4-5-6!227
corespondent special redactor documentarist grafician videojurnalist,"Corespondent special, redactor documentarist, grafician, videojurnalist",III,,,8,III CIV!32|III CIV!33|III CIV!34|III CIV!35|III CIV!36|III CIV!37|III CIV!38|III CIV!39
cosmetician medical,cosmetician medical,II,,21.00201032.27.1,1,II CI 2!36
cosmetician medical specialist,cosmetician medical specialist,II,,21.00201032.27.1,1,II CI 2!36
cueier,cueier,VIII,personal contractual,82.60128013.07.1,4,VIII CII A 3_local1!50|VIII CII A 3_local2!50|VIII CII A 3_local3!51|VIII CII A 3_local4!52
curier,curier,VIII,personal contractual,82.40302007.07.1,1,VIII CII C!24
curier relatii i,Curier relaţii I,IV,,42.00200019.01.1,1,IV CI + CII!37
curier relatii ii,Curier relaţii II,IV,,42.00200020.01.1,1,IV CI + CII!38
dactilograf,dactilograf,VIII,personal contractual,82.40302001.03.1|82.40302001.03.2|82.40302001.03.3|82.60128007.03.1|82.60128007.03.2|82.60128007.03.3,15,VIII CII A 3_local1!38|VIII CII A 3_local1!39|VIII CII A 3_local1!40|VIII CII A 3_local2!38|VIII CII A 3_local2!39|VIII CII A 3_local2!40|VIII CII A 3_local3!39|VIII CII A 3_local3!40|VIII CII A 3_local3!41|VIII CII A 3_local4!40|VIII CII A 3_local4!41|VIII CII A 3_local4!42|VIII CII C!12|VIII CII C!13|VIII CII C!14
debutant,debutant *,II,,21.00205010.04.1|21.00303024.04.1,2,II CI 2!66|II CI 3!38
debutant 1,debutant 1*),II,,21.00303027.03.1|21.00303030.06.1,2,II CI 3!41|II CI 3!44
decan,Decan,I,,11.00101004.01.2,1,I CI 1-3!10
dietetician,dietetician,II,,21.00201026.11.1|21.00201027.11.1|21.00201028.11.1,3,II CI 2!33|II CI 2!34|II CI 2!35
director,Director,I|II|III|IV|V|VII|VIII,funcționar public|personal contractual,11.00101007.02.2|11.00301001.02.2|21.00301001.01.2|31.00101003.01.2|31.00102003.01.2|32.00101003.01.2|32.00102003.01.2|33.00101003.01.2|33.00102003.01.2|55.00101001.01.1|81.10103003.09.2|81.20107003.06.2|81.30110005.05.2|82.40114001.01.2|82.40116002.01.1|82.40118002.01.1|82.40120004.01.1|82.40201003.01.2|82.50125003.04.2|82.60127003.04.2,33,I CI 1-3!13|I CI 1-3!23|II CI 1!20|II CI 3!8|III CI !10|III CI !65|III CII!11|III CII!41|III CIII!9|III CIII!39|IV CVII!13|V CV!8|VII CI !13|VII CI !28|VII CI !47|VIII_CI_A_1!17|VIII_CI_A_2!12|VIII CI A 3 (local1)!14|VIII CI A 3 (local2)!13|VIII CI A 3 (local3)!13|VIII CI A 3 (local4)!13|VIII CII A 1!160|VIII CII A 1!176|VIII CII A 1!187|VIII CII A 1!202|VIII CII A 2!13|VIII CII A 3_local1!11|VIII CII A 3_local2!11|VIII CII A 3_local3!12|VIII CII A 3_local4!13|VIII CII B!11|VIII CII F!23|VIII CII F!24
director adjunct,Director adjunct,V|VII|VIII,funcționar public|personal contractual,55.00101002.01.1|81.10103004.12.2|81.20107004.09.2|81.30110006.08.2|82.40114002.01.2|82.40116003.01.1|82.40120005.01.1|82.40122004.01.2|82.40201004.05.2|82.50125004.04.2|82.60127004.04.2,20,V CV!9|VII CI !14|VII CI !29|VII CI !48|VIII_CI_A_1!18|VIII_CI_A_2!13|VIII CI A 3 (local1)!15|VIII CI A 3 (local2)!14|VIII CI A 3 (local3)!14|VIII CI A 3 (local4)!14|VIII CII A 1!161|VIII CII A 1!177|VIII CII A 1!203|VIII CII A 1!215|VIII CII A 2!14|VIII CII A 3_local1!12|VIII CII A 3_local2!12|VIII CII A 3_local3!13|VIII CII A 3_local4!14|VIII CII B!12
director adjunct centru de cercetare,Director adjunct centru de cercetare,I,,12.00101007.02.2,1,I CII!16
director adjunct contabil sef,"Director adjunct, contabil-şef",III,,35.00101002.02.2,2,III CV!9|III CV!29
director adjunct contabil sef inginer sef,"Director adjunct, contabil-şef, inginer-şef",III,,31.00101004.03.2|31.00102004.03.2|32.00101004.03.2|32.00102004.03.2|33.00101004.03.2|33.00102004.03.2,6,III CI !11|III CI !66|III CII!12|III CII!42|III CIII!10|III CIII!40
director adjunct cu rang de secretar ii,Director adjunct cu rang de secretar II,IV,,41.00100006.01.2,1,IV CI + CII!13
director adjunct cu rang diplomatic,Director adjunct cu rang diplomatic,VIII,personal contractual,82.40103004.01.2,1,VIII CII A 1!48
director adjunct departament informatic,director adjunct departament informatic,V,,52.00101002.03.1,1,V CII!9
director adjunct inspector sef adjunct contabil sef inginer sef,"Director adjunct, inspector șef adjunct, contabil șef, inginer șef",VIII,personal contractual,82.40101007.04.2,1,VIII CII A 1!16
director adjunct institut de cercetare,Director adjunct institut de cercetare,I,,12.00101004.01.2,1,I CII!13
director adjunct institutie subordonata,Director adjunct institutie subordonata,VIII,personal contractual,82.40107004.01.2,1,VIII CII A 1!81
director adjunct orct,Director adjunct ORCT,V,,56.00101004.01.2,1,V CVInef!11
director adjunct statiune de cercetare,director adjunct stațiune de cercetare,I,,12.00101007.02.2,1,I CII!16
director adjunct unitate de invatamant,Director adjunct unitate de învăţământ,I,,11.00201006.01.2,1,I CI 1-3!20
director casa corpului didactic,Director casa corpului didactic,I,,11.00201003.01.2,1,I CI 1-3!17
director centru de cercetare,Director centru de cercetare,I,,12.00101005.02.2,1,I CII!14
director cu rang de secretar i,Director cu rang de secretar I,IV,,41.00100005.01.2,1,IV CI + CII!12
director cu rang diplomatic,Director cu rang diplomatic,VIII,personal contractual,82.40103003.01.2,1,VIII CII A 1!47
director de cabinet,Director de cabinet,VIII,personal contractual,82.40112001.01.1,1,VIII CII A 1!146
director de departament director extensie universitara,Director de departament/director extensie universitara),I,,11.00101006.01.2,1,I CI 1-3!12
director de departament in cadrul directiei nationale de probatiune,Director de departament în cadrul Direcției Naționale de Probațiune,V,,,1,V CVII!9
director de ingrijiri,Director de îngrijiri,II,,21.00102005.01.2,1,II CI 1!15
director departament informatic,director departament informatic,V,,52.00101001.05.1,1,V CII!8
director directie,Director directie,VIII,personal contractual,82.40107005.01.2,1,VIII CII A 1!82
director economic,Director economic,II,,21.00103004.02.2,1,II CI 1!25
director executiv,Director executiv,II|VIII,funcționar public,81.10103003.09.2|81.20107003.06.2|81.30110005.05.2,11,II CI 1!20|VIII_CI_A_1!17|VIII_CI_A_2!12|VIII CI A 3 (local1)!14|VIII CI A 3 (local1)!18|VIII CI A 3 (local2)!13|VIII CI A 3 (local2)!17|VIII CI A 3 (local3)!13|VIII CI A 3 (local3)!17|VIII CI A 3 (local4)!13|VIII CI A 3 (local4)!17
director executiv adjunct,director executiv adjunct,VIII,funcționar public,81.10103004.12.2|81.20107004.09.2|81.30110006.08.2,6,VIII_CI_A_1!18|VIII_CI_A_2!13|VIII CI A 3 (local1)!15|VIII CI A 3 (local2)!14|VIII CI A 3 (local3)!14|VIII CI A 3 (local4)!14
director financiar contabil,Director financiar-contabil,II,,21.00102004.02.2,1,II CI 1!14
director general,Director general,II|IV|IX|VII|VIII,funcționar public|personal contractual,21.00104001.01.2|81.10103001.05.2|81.20107001.02.2|81.30110002.02.2|82.40107001.01.2|82.40116001.01.1|82.40118001.01.1|82.40120002.01.1|82.40201001.01.2|82.50125001.01.2|82.60127001.01.2,24,II CI 1!18|IV CVII!12|VII CI !11|VII CI !26|VII CI !45|VIII_CI_A_1!15|VIII_CI_A_2!10|VIII CI A 3 (local1)!11|VIII CI A 3 (local2)!10|VIII CI A 3 (local3)!10|VIII CI A 3 (local4)!10|VIII CII A 1!78|VIII CII A 1!159|VIII CII A 1!175|VIII CII A 1!186|VIII CII A 1!200|VIII CII A 2!11|VIII CII A 3_local1!9|VIII CII A 3_local2!9|VIII CII A 3_local3!10|VIII CII A 3_local4!11|VIII CII B!9|VIII CII F!11|IX B!64
director general adj,Director general adj,II,,21.00104002.02.2,1,II CI 1!19
director general adjunct,Director general adjunct,III|VII|VIII,funcționar public|personal contractual,31.00101002.01.2|31.00102002.01.2|32.00101002.01.2|32.00102002.01.2|33.00101002.01.2|33.00102002.01.2|81.10103002.05.2|81.20107002.04.2|81.30110004.02.2|82.40107002.01.2|82.40120003.01.1|82.40122002.01.2|82.40201002.01.2|82.50125002.01.2|82.60127002.01.2,25,III CI !9|III CI !64|III CII!10|III CII!40|III CIII!8|III CIII!38|VII CI !12|VII CI !27|VII CI !46|VIII_CI_A_1!16|VIII_CI_A_2!11|VIII CI A 3 (local1)!13|VIII CI A 3 (local2)!12|VIII CI A 3 (local3)!12|VIII CI A 3 (local4)!12|VIII CII A 1!79|VIII CII A 1!201|VIII CII A 1!213|VIII CII A 2!12|VIII CII A 3_local1!10|VIII CII A 3_local2!10|VIII CII A 3_local3!11|VIII CII A 3_local4!12|VIII CII B!10|VIII CII F!12
director general adjunct administrativ al universitatii,Director general adjunct administrativ al universitatii,I,,11.00101007.02.2,1,I CI 1-3!13
director general adjunct al directiei nationale de probatiune,Director general adjunct al Direcției Naționale de Probațiune,V,,57.00101002.01.1,1,V CVII!8
director general adjunct director de cabinet cu rang de consilier diplomatic,"Director general adjunct, director de cabinet cu rang de consilier diplomatic",IV,,41.00100004.02.2,1,IV CI + CII!11
director general adjunct director de cabinet cu rang diplomatic,"Director general adjunct, director de cabinet cu rang diplomatic",VIII,personal contractual,82.40103002.02.2,1,VIII CII A 1!46
director general adjunct inspector de stat sef adjunct inspector general adjunct,"Director general adjunct, inspector de stat șef adjunct, inspector general adjunct",VIII,personal contractual,82.40101005.03.2,1,VIII CII A 1!14
director general adjunct institut de cercetare,Director general adjunct institut de cercetare,I,,12.00101002.01.2,1,I CII!11
director general adjunct onrc,Director general adjunct ONRC,V,,56.00101002.01.2,1,V CVInef!9
director general administrativ al universitatii,Director general administrativ al universitatii,I,,11.00101003.01.2,1,I CI 1-3!9
director general al directiei nationale de probatiune,Director general al Direcției Naționale de Probațiune,V,,57.00101001.01.1,1,V CVII!7
director general cu rang de ministru consilier,Director general cu rang de ministru consilier,IV,,41.00100003.01.2,1,IV CI + CII!10
director general cu rang diplomatic,Director general cu rang diplomatic,VIII,personal contractual,82.40103001.01.2,1,VIII CII A 1!45
director general inspector de stat sef inspector general,"Director general, inspector de stat șef, inspector general",VIII,personal contractual,82.40101004.03.2,1,VIII CII A 1!13
director general institut de cercetare,Director general institut de cercetare,I,,12.00101001.01.2,1,I CII!10
director general onrc,Director general ONRC,V,,56.00101001.01.2,1,V CVInef!8
director inspector sef sef sector sef compartiment,"Director, inspector șef, șef sector, șef compartiment",VIII,personal contractual,82.40101006.04.2,1,VIII CII A 1!15
director institut de cercetare,Director institut de cercetare,I,,12.00101003.01.2,1,I CII!12
director institutie subordonata,Director institutie subordonata,VIII,personal contractual,82.40107003.01.2,1,VIII CII A 1!80
director medical,Director medical,II,,21.00102003.01.2|21.00103003.01.2,2,II CI 1!13|II CI 1!24
director onrc,Director ONRC,V,,56.00101003.01.2,1,V CVInef!10
director program de rezidentiat medicina de urgenta,Director program de rezidenţiat medicină de urgenţă,II,,,1,II CI 1!31
director sef sector audit,"Director, Şef sector audit",VIII,personal contractual,82.40122003.02.2,1,VIII CII A 1!214
director statiune de cercetare,director stațiune de cercetare,I,,12.00101005.02.2,1,I CII!14
director tehnic,Director tehnic,II|VIII,personal contractual,21.00103006.01.2,2,II CI 1!26|VIII CII F!24
director unitate de invatamant,Director unitate de învăţământ,I,,11.00201005.01.2,1,I CI 1-3!19
director zbor,Director zbor,VIII,personal contractual,,1,VIII CII F!23
directorul general al directiei generale de informatii a apararii,directorul general al Direcţiei Generale de Informaţii a Apărării,VI,,,1,VI_Armata!11
directorul serviciului de protectie si paza,directorul Serviciului de Protecţie şi Pază,VI,,,1,VI_Armata!10
directorul serviciului de telecomunicatii speciale,directorul Serviciului de Telecomunicaţii Speciale,VI,,,1,VI_Armata!10
dirijor cor maestru,"Dirijor cor, maestru",III,,31.00201002.03.1|31.00201002.03.2|31.00201002.03.3|31.00201002.03.4|31.00202002.03.1|31.00202002.03.2|31.00202002.03.3|31.00202002.03.4,8,III CI !22|III CI !23|III CI !24|III CI !25|III CI !77|III CI !78|III CI !79|III CI !80
dirijor dirijor cor actor artist circ instrumentist corist opera actor manuitor papusi corist sufleor balerin dansator corepetitor sculptor papusi artist plastic grafician referent literar muzical artistic regizor tehnic solist vocal balet instrumentist concertist instrumentist maestru balet dans corepetitor artist circ concertmaestru coregraf,"Dirijor, dirijor cor, Actor, artist circ, instrumentist, corist operă, actor mânuitor-păpuși, corist, sufleor, balerin, dansator, corepetitor, sculptor păpuși, artist plastic, grafician, referent literar/muzical/artistic, regizor tehnic), solist (vocal, balet, instrumentist, concertist, instrumentist), maestru (balet-dans, corepetitor, artist circ), concertmaestru, coregraf",III,,31.00201007.21.1|31.00201007.21.2|31.00201007.21.3|31.00201007.21.4|31.00202007.21.1|31.00202007.21.2|31.00202007.21.3|31.00202007.21.4,8,III CI !42|III CI !43|III CI !44|III CI !45|III CI !97|III CI !98|III CI !99|III CI !100
dirijor regizor artistic scenograf coregraf solist vocal balet concertist instrumentist prim balerin concertmaestru sef parada actor teatru manuitor papusi marionete,"Dirijor, regizor artistic, scenograf, coregraf, solist (vocal, balet, concertist, instrumentist), prim balerin, concertmaestru, șef paradă, actor (teatru, mânuitor păpuși-marionete)",III,,31.00202001.08.1|31.00202001.08.2|31.00202001.08.3|31.00202001.08.4,4,III CI !73|III CI !74|III CI !75|III CI !76
dirijor regizor artistic scenograf coregraf solist vocal balet concertist instrumentist sef parada prim balerin concertmaestru actor teatru manuitor papusi marionete,"Dirijor, regizor artistic, scenograf, coregraf, solist (vocal, balet, concertist, instrumentist), șef paradă, prim balerin, concertmaestru, actor (teatru, mânuitor păpuși-marionete)",III,,31.00201001.08.1|31.00201001.08.2|31.00201001.08.3|31.00201001.08.4,4,III CI !18|III CI !19|III CI !20|III CI !21
dispecer operatiuni sol,Dispecer operaţiuni sol,VIII,personal contractual,,4,VIII CII F!87|VIII CII F!88|VIII CII F!89|VIII CII F!90
dispecer operatiuni zbor,Dispecer operaţiuni zbor,VIII,personal contractual,,4,VIII CII F!83|VIII CII F!84|VIII CII F!85|VIII CII F!86
djip,DJIP,I,,11.00302005.01.2,2,I CI 1-3!29|I CI 1-3!30
dmbip nivel maxim,DMBIP - nivel maxim,I,,11.00302005.01.2,2,I CI 1-3!29|I CI 1-3!30
economist,economist,VIII,personal contractual,82.40202003.02.1|82.40202003.02.2|82.40202003.02.3|82.40202003.02.4,4,VIII CII B!24|VIII CII B!25|VIII CII B!26|VIII CII B!27
educatoare,educatoare,I,,11.00501017.03.1|11.00501017.03.2|11.00501017.03.3|11.00501017.03.4|11.00501017.03.5|11.00501018.03.1|11.00501018.03.2|11.00501018.03.3|11.00501018.03.4|11.00501018.03.5|11.00501018.03.6|11.00501019.03.1|11.00501019.03.2|11.00501019.03.3|11.00501019.03.4|11.00501019.03.5|11.00501019.03.6|11.00501020.03.1|11.00501021.04.1|11.00501021.04.2|11.00501021.04.3|11.00501021.04.4|11.00501021.04.5|11.00501021.04.6|11.00501021.04.7,25,I CI 4-5-6!106|I CI 4-5-6!107|I CI 4-5-6!108|I CI 4-5-6!109|I CI 4-5-6!110|I CI 4-5-6!111|I CI 4-5-6!112|I CI 4-5-6!113|I CI 4-5-6!114|I CI 4-5-6!115|I CI 4-5-6!116|I CI 4-5-6!117|I CI 4-5-6!118|I CI 4-5-6!119|I CI 4-5-6!120|I CI 4-5-6!121|I CI 4-5-6!122|I CI 4-5-6!123|I CI 4-5-6!124|I CI 4-5-6!125|I CI 4-5-6!126|I CI 4-5-6!127|I CI 4-5-6!128|I CI 4-5-6!129|I CI 4-5-6!130
educator,Educator,II,,21.00303017.01.1,1,II CI 3!31
educator debutant,Educator debutant,II,,21.00303018.01.1,1,II CI 3!32
educator educator puericultor asistent igiena asistent bft optician protezare ortopedica si auditiva asistent medical tehnician asistenta sociala 1,"Educator, educator puericultor, asistent igiena, asistent BFT, optician protezare ortopedică și auditivă, asistent medical, tehnician asistență socială 1*)",II,,21.00303029.06.1,1,II CI 3!43
educator educator puericultor asistent igiena asistent bft optician protezare ortopedica si auditiva asistent medical tehnician asistenta sociala principal 1,"Educator, educator puericultor, asistent igiena, asistent BFT, optician protezare ortopedică și auditivă, asistent medical, tehnician asistență socială, principal 1*)",II,,21.00303028.06.1,1,II CI 3!42
educator educator puericultor asistent medical,"Educator, educator puericultor, asistent medical",II,,21.00303025.03.1|21.00303027.03.1,2,II CI 3!39|II CI 3!41
educator educator puericultor asistent medical 1,"Educator, educator puericultor, asistent medical 1*)",II,,21.00303026.03.1,1,II CI 3!40
educator principal,Educator principal,II,,21.00303016.01.1,1,II CI 3!30
educator profesor cfm educator puericultor asistent medical,"Educator, profesor CFM, educator puericultor, asistent medical",II,,21.00303022.04.1|21.00303023.04.1|21.00303024.04.1,3,II CI 3!36|II CI 3!37|II CI 3!38
educator puericultor,educator-puericultor,I,,11.00501001.01.1|11.00501001.01.2|11.00501001.01.3|11.00501001.01.4|11.00501001.01.5|11.00501001.01.6|11.00501002.01.1|11.00501002.01.2|11.00501002.01.3|11.00501002.01.4|11.00501002.01.5|11.00501002.01.6|11.00501003.01.1|11.00501003.01.2|11.00501003.01.3|11.00501003.01.4|11.00501003.01.5|11.00501003.01.6|11.00501004.01.1|11.00501005.01.1|11.00501005.01.2|11.00501005.01.3|11.00501005.01.4|11.00501005.01.5|11.00501006.01.1|11.00501006.01.2|11.00501006.01.3|11.00501006.01.4|11.00501006.01.5|11.00501006.01.6|11.00501007.01.1|11.00501007.01.2|11.00501007.01.3|11.00501007.01.4|11.00501007.01.5|11.00501007.01.6|11.00501008.01.1|11.00501013.02.1|11.00501013.02.2|11.00501013.02.3|11.00501013.02.4|11.00501013.02.5|11.00501014.02.1|11.00501014.02.2|11.00501014.02.3|11.00501014.02.4|11.00501014.02.5|11.00501014.02.6|11.00501015.02.1|11.00501015.02.2|11.00501015.02.3|11.00501015.02.4|11.00501015.02.5|11.00501015.02.6|11.00501016.02.1|11.00501017.03.1|11.00501017.03.2|11.00501017.03.3|11.00501017.03.4|11.00501017.03.5|11.00501018.03.1|11.00501018.03.2|11.00501018.03.3|11.00501018.03.4|11.00501018.03.5|11.00501018.03.6|11.00501019.03.1|11.00501019.03.2|11.00501019.03.3|11.00501019.03.4|11.00501019.03.5|11.00501019.03.6|11.00501020.03.1|11.00501021.04.1|11.00501021.04.2|11.00501021.04.3|11.00501021.04.4|11.00501021.04.5|11.00501021.04.6|11.00501021.04.7,80,I CI 4-5-6!33|I CI 4-5-6!34|I CI 4-5-6!35|I CI 4-5-6!36|I CI 4-5-6!37|I CI 4-5-6!38|I CI 4-5-6!39|I CI 4-5-6!40|I CI 4-5-6!41|I CI 4-5-6!42|I CI 4-5-6!43|I CI 4-5-6!44|I CI 4-5-6!45|I CI 4-5-6!46|I CI 4-5-6!47|I CI 4-5-6!48|I CI 4-5-6!49|I CI 4-5-6!50|I CI 4-5-6!51|I CI 4-5-6!52|I CI 4-5-6!53|I CI 4-5-6!54|I CI 4-5-6!55|I CI 4-5-6!56|I CI 4-5-6!57|I CI 4-5-6!58|I CI 4-5-6!59|I CI 4-5-6!60|I CI 4-5-6!61|I CI 4-5-6!62|I CI 4-5-6!63|I CI 4-5-6!64|I CI 4-5-6!65|I CI 4-5-6!66|I CI 4-5-6!67|I CI 4-5-6!68|I CI 4-5-6!69|I CI 4-5-6!88|I CI 4-5-6!89|I CI 4-5-6!90
electrician aspirant,electrician aspirant,VIII,personal contractual,,1,VIII CII E!23
electrician de bord,electrician de bord,VIII,personal contractual,,2,VIII CII E!38|VIII CII E!40
expert,expert,IV|VIII,funcționar public|personal contractual,81.10104002.04.1|81.10104002.04.2|81.10104002.04.3|81.10104002.04.4|81.20108002.04.1|81.20108002.04.2|81.20108002.04.3|81.20108002.04.4|81.30111002.04.1|81.30111002.04.2|81.30111002.04.3|81.30111002.04.4|82.40112003.01.1|82.40202002.04.1|82.40202002.04.2|82.40202002.04.3|82.40202002.04.4|82.40204001.01.1|82.40204001.01.2|82.40204001.01.3|82.50126002.07.1|82.50126002.07.2|82.50126002.07.3|82.50126002.07.4|82.60128002.07.1|82.60128002.07.2|82.60128002.07.3|82.60128002.07.4,56,IV CVII!23|IV CVII!24|IV CVII!25|IV CVII!26|VIII_CI_A_1!25|VIII_CI_A_1!26|VIII_CI_A_1!27|VIII_CI_A_1!28|VIII_CI_A_2!20|VIII_CI_A_2!21|VIII_CI_A_2!22|VIII_CI_A_2!23|VIII CI A 3 (local1)!24|VIII CI A 3 (local1)!25|VIII CI A 3 (local1)!26|VIII CI A 3 (local1)!27|VIII CI A 3 (local2)!23|VIII CI A 3 (local2)!24|VIII CI A 3 (local2)!25|VIII CI A 3 (local2)!26|VIII CI A 3 (local3)!23|VIII CI A 3 (local3)!24|VIII CI A 3 (local3)!25|VIII CI A 3 (local3)!26|VIII CI A 3 (local4)!23|VIII CI A 3 (local4)!24|VIII CI A 3 (local4)!25|VIII CI A 3 (local4)!26|VIII CII A 1!149|VIII CII A 2!21|VIII CII A 2!22|VIII CII A 2!23|VIII CII A 2!24|VIII CII A 3_local1!19|VIII CII A 3_local1!20|VIII CII A 3_local1!21|VIII CII A 3_local1!22|VIII CII A 3_local2!19|VIII CII A 3_local2!20|VIII CII A 3_local2!21
expert accesare fonduri implementare si administrare proiecte securitate cibernetica,"expert accesare fonduri, implementare şi administrare proiecte Securitate cibernetică",VIII,personal contractual,,4,VIII CII A 1!252|VIII CII A 1!253|VIII CII A 1!254|VIII CII A 1!255
expert analiza surse deschise riscuri si amenintari securitate cibernetica,"expert analiză surse deschise, riscuri şi ameninţări securitate cibernetică",VIII,personal contractual,,4,VIII CII A 1!252|VIII CII A 1!253|VIII CII A 1!254|VIII CII A 1!255
expert consultant,Expert-consultant,VIII,personal contractual,82.40203001.01.1|82.40203001.01.2|82.40203001.01.3,3,VIII CII B!41|VIII CII B!42|VIII CII B!43
expert coordonator,expert coordonator,VIII,funcționar public,81.10105009.04.1|81.10105009.04.2|81.10105009.04.3|81.10105009.04.4|81.20109001.03.1|81.20109001.03.2|81.20109001.03.3|81.20109001.03.4,8,VIII_CI_A_1!50|VIII_CI_A_1!51|VIII_CI_A_1!52|VIII_CI_A_1!53|VIII_CI_A_2!33|VIII_CI_A_2!34|VIII_CI_A_2!35|VIII_CI_A_2!36
expert criminalist gradul i,Expert criminalist gradul I,V,,55.00101004.01.1|55.00101004.01.2|55.00101004.01.3|55.00101004.01.4|55.00101004.01.5,5,V CV!12|V CV!13|V CV!14|V CV!15|V CV!16
expert criminalist gradul ii,Expert criminalist gradul II,V,,55.00101005.01.1|55.00101005.01.2|55.00101005.01.3|55.00101005.01.4|55.00101005.01.5,5,V CV!17|V CV!18|V CV!19|V CV!20|V CV!21
expert criminalist gradul iii,Expert criminalist gradul III,V,,55.00101006.01.1|55.00101006.01.2|55.00101006.01.3|55.00101006.01.4|55.00101006.01.5,5,V CV!22|V CV!23|V CV!24|V CV!25|V CV!26
expert criminalist gradul iv,Expert criminalist gradul IV,V,,55.00101007.01.1|55.00101007.01.2|55.00101007.01.3|55.00101007.01.4|55.00101007.01.5,5,V CV!27|V CV!28|V CV!29|V CV!30|V CV!31
expert dezvoltare competente aptitudini si cunostinte specifice de securitate cibernetica,"expert dezvoltare competenţe, aptitudini şi cunoştinţe specifice de securitate cibernetică",VIII,personal contractual,,4,VIII CII A 1!252|VIII CII A 1!253|VIII CII A 1!254|VIII CII A 1!255
expert dezvoltare implementare si administrare infrastructuri securitate cibernetica,"expert dezvoltare, implementare şi administrare infrastructuri securitate cibernetică",VIII,personal contractual,,4,VIII CII A 1!252|VIII CII A 1!253|VIII CII A 1!254|VIII CII A 1!255
expert evaluare examinare,expert evaluare - examinare,VIII,funcționar public,81.10105013.02.1|81.10105013.02.2|81.10105013.02.3|81.10105013.02.4,4,VIII_CI_A_1!70|VIII_CI_A_1!71|VIII_CI_A_1!72|VIII_CI_A_1!73
expert evaluare si impact financiar securitate cibernetica,expert evaluare şi impact financiar Securitate cibernetică,VIII,personal contractual,,4,VIII CII A 1!252|VIII CII A 1!253|VIII CII A 1!254|VIII CII A 1!255
expert gradul i,Expert gradul I,V,,54.00101003.01.1|54.00101003.01.2|54.00101003.01.3|54.00101003.01.4|54.00101003.01.5,5,V CIV!19|V CIV!20|V CIV!21|V CIV!22|V CIV!23
expert in fizica medicala,Expert în fizică medicală,II,,,1,II CI 2!75
expert instruire sol,Expert instruire sol,VIII,personal contractual,,3,VIII CII F!79|VIII CII F!80|VIII CII F!81
expert investigatii digitale si analiza malware,expert investigaţii digitale şi analiză malware,VIII,personal contractual,,4,VIII CII A 1!252|VIII CII A 1!253|VIII CII A 1!254|VIII CII A 1!255
expert legal politici standardizare de securitate cibernetica,"expert legal politici, standardizare de securitate cibernetică",VIII,personal contractual,,4,VIII CII A 1!252|VIII CII A 1!253|VIII CII A 1!254|VIII CII A 1!255
expert parlamentar,Expert parlamentar,VIII,funcționar public,81.10105002.01.1,1,VIII_CI_A_1!43
expert politici strategii si cooperare securitate cibernetica,"expert politici, strategii şi cooperare Securitate cibernetică",VIII,personal contractual,,4,VIII CII A 1!252|VIII CII A 1!253|VIII CII A 1!254|VIII CII A 1!255
expert preluare analiza primara si raspuns la incidente securitate cibernetica,"expert preluare, analiză primară şi răspuns la incidente securitate cibernetică",VIII,personal contractual,,4,VIII CII A 1!252|VIII CII A 1!253|VIII CII A 1!254|VIII CII A 1!255
expert securitate cibernetica,Expert securitate cibernetică,VIII,personal contractual,,4,VIII CII A 1!252|VIII CII A 1!253|VIII CII A 1!254|VIII CII A 1!255
expert specialist,Expert specialist,V,,56.00201009.01.1|56.00201010.01.1|56.00201011.01.1|56.00201012.01.1,4,V CVInef!20|V CVInef!21|V CVInef!22|V CVInef!23
expert sportiv,expert sportiv,VIII,personal contractual,82.40401001.04.1|82.40401001.04.2|82.40401001.04.3|82.40401001.04.4|82.40401001.04.5|82.40403001.01.1|82.40403001.01.2|82.40403001.01.3,8,VIII CII D!9|VIII CII D!10|VIII CII D!11|VIII CII D!12|VIII CII D!13|VIII CII D!23|VIII CII D!24|VIII CII D!25
farmacist,Farmacist,II,,21.00201018.01.1,1,II CI 2!25
farmacist primar,Farmacist primar *,II,,21.00201016.01.1,1,II CI 2!23
farmacist rezident anul i,Farmacist rezident anul I,II,,21.00201021.01.1,1,II CI 2!28
farmacist rezident anul ii,Farmacist rezident anul II,II,,21.00201020.01.1,1,II CI 2!27
farmacist rezident anul iii,Farmacist rezident anul III,II,,21.00201019.01.1,1,II CI 2!26
farmacist sef,Farmacist şef,II,,,1,II CI 1!35
farmacist specialist,Farmacist specialist,II,,21.00201017.01.1,1,II CI 2!24
fitter,fitter,VIII,personal contractual,,2,VIII CII E!38|VIII CII E!40
fizician medical,Fizician medical,II,,,1,II CI 2!77
fizician medical debutant,Fizician medical - debutant,II,,,1,II CI 2!78
fizician medical principal,Fizician medical - principal,II,,,1,II CI 2!75
fizician medical specialist,Fizician medical - specialist,II,,,1,II CI 2!76
fiziokinetoterapeut,Fiziokinetoterapeut,II,,21.00303014.01.1,1,II CI 3!28
fiziokinetoterapeut debutant,Fiziokinetoterapeut debutant,II,,21.00303015.01.1,1,II CI 3!29
fiziokinetoterapeut principal,Fiziokinetoterapeut principal,II,,21.00303012.01.1,1,II CI 3!26
fiziokinetoterapeut specialist,Fiziokinetoterapeut specialist,II,,21.00303013.01.1,1,II CI 3!27
fizioterapeut,Fizioterapeut,II,,21.00205007.05.1,1,II CI 2!73
fizioterapeut debutant,Fizioterapeut debutant,II,,,1,II CI 2!74
fizioterapeut principal,Fizioterapeut principal,II,,21.00205005.05.1,1,II CI 2!71
fizioterapeut specialist,Fizioterapeut specialist,II,,21.00205006.05.1,1,II CI 2!72
functii corespunzatoare gradului de agent agent sef principal de politie,Funcţii corespunzătoare gradului de agent - agent șef principal de poliţie,VI,,,4,VI_Armata!24|VI_Armata!25|VI_Armata!26|VI_Armata!27
functii corespunzatoare gradului de agent de politie,Funcţii corespunzătoare gradului de agent de poliţie,VI,,,2,VI_Armata!28|VI_Armata!29
functii corespunzatoare gradului de capitan,Funcţii corespunzătoare gradului de căpitan,VI,,,1,VI_Armata!20
functii corespunzatoare gradului de caporal clasa a ii a,Funcţii corespunzătoare gradului de caporal clasa a II-a,VI,,,1,VI_Armata!65
functii corespunzatoare gradului de caporal clasa a iii a,Funcţii corespunzătoare gradului de caporal clasa a III-a,VI,,,1,VI_Armata!66
functii corespunzatoare gradului de caporal clasa i,Funcţii corespunzătoare gradului de caporal clasa I,VI,,,1,VI_Armata!64
functii corespunzatoare gradului de colonel,Funcţii corespunzătoare gradului de colonel,VI,,,1,VI_Armata!17
functii corespunzatoare gradului de fruntas,Funcţii corespunzătoare gradului de fruntaș,VI,,,1,VI_Armata!67
functii corespunzatoare gradului de general,Funcţii corespunzătoare gradului de general,VI,,,1,VI_Armata!13
functii corespunzatoare gradului de general de brigada,Funcţii corespunzătoare gradului de general de brigadă,VI,,,1,VI_Armata!16
functii corespunzatoare gradului de general locotenent,Funcţii corespunzătoare gradului de general-locotenent,VI,,,1,VI_Armata!14
functii corespunzatoare gradului de general maior,Funcţii corespunzătoare gradului de general-maior,VI,,,1,VI_Armata!15
functii corespunzatoare gradului de locotenent,Funcţii corespunzătoare gradului de locotenent,VI,,,1,VI_Armata!21
functii corespunzatoare gradului de locotenent colonel,Funcţii corespunzătoare gradului de locotenent-colonel,VI,,,1,VI_Armata!18
functii corespunzatoare gradului de maior,Funcţii corespunzătoare gradului de maior,VI,,,1,VI_Armata!19
functii corespunzatoare gradului de maistru militar clasa a ii a,Funcţii corespunzătoare gradului de maistru militar clasa a II-a,VI,,,3,VI_Armata!42|VI_Armata!43|VI_Armata!44
functii corespunzatoare gradului de maistru militar clasa a iii a,Funcţii corespunzătoare gradului de maistru militar clasa a III-a,VI,,,3,VI_Armata!48|VI_Armata!49|VI_Armata!50
functii corespunzatoare gradului de maistru militar clasa a iv a,Funcţii corespunzătoare gradului de maistru militar clasa a IV-a,VI,,,3,VI_Armata!54|VI_Armata!55|VI_Armata!56
functii corespunzatoare gradului de maistru militar clasa a v a,Funcţii corespunzătoare gradului de maistru militar clasa a V-a,VI,,,2,VI_Armata!60|VI_Armata!61
functii corespunzatoare gradului de maistru militar clasa i,Funcţii corespunzătoare gradului de maistru militar clasa I,VI,,,3,VI_Armata!36|VI_Armata!37|VI_Armata!38
functii corespunzatoare gradului de maistru militar principal,Funcţii corespunzătoare gradului de maistru militar principal,VI,,,3,VI_Armata!30|VI_Armata!31|VI_Armata!32
functii corespunzatoare gradului de plutonier,Funcţii corespunzătoare gradului de plutonier,VI,,,3,VI_Armata!51|VI_Armata!52|VI_Armata!53
functii corespunzatoare gradului de plutonier adjutant,Funcţii corespunzătoare gradului de plutonier adjutant,VI,,,3,VI_Armata!39|VI_Armata!40|VI_Armata!41
functii corespunzatoare gradului de plutonier adjutant sef,Funcţii corespunzătoare gradului de plutonier adjutant șef,VI,,,3,VI_Armata!33|VI_Armata!34|VI_Armata!35
functii corespunzatoare gradului de plutonier major,Funcţii corespunzătoare gradului de plutonier major,VI,,,3,VI_Armata!45|VI_Armata!46|VI_Armata!47
functii corespunzatoare gradului de sergent,Funcţii corespunzătoare gradului de sergent,VI,,,2,VI_Armata!62|VI_Armata!63
functii corespunzatoare gradului de sergent major,Funcţii corespunzătoare gradului de sergent-major,VI,,,3,VI_Armata!57|VI_Armata!58|VI_Armata!59
functii corespunzatoare gradului de soldat,Funcţii corespunzătoare gradului de soldat,VI,,,1,VI_Armata!68
functii corespunzatoare gradului de subinspector de politie,Funcţii corespunzătoare gradului de subinspector de poliţie,VI,,,1,VI_Armata!23
functii corespunzatoare gradului de sublocotenent,Funcţii corespunzătoare gradului de sublocotenent,VI,,,1,VI_Armata!22
functionar,funcţionar,VIII,personal contractual,82.40302005.04.1|82.40302005.04.2,2,VIII CII C!21|VIII CII C!22
garderobier,Garderobier,III,,33.00201009.01.1|33.00202009.01.1,2,III CIII!34|III CIII!64
general de flotila aeriana,general de flotilă aeriană,VI,,,1,VI_Armata!16
gerontologie si asistenta sociala pentru varstnici,gerontologie şi asistenţă socială pentru vârstnici,II,,21.00201032.27.1,1,II CI 2!36
grefier,Grefier,V,,52.00101007.07.1|52.00101007.07.2|52.00101007.07.3|52.00101007.07.4|52.00101007.07.5|52.00101008.07.1|52.00101008.07.2|52.00101008.07.3|52.00101008.07.4|52.00101008.07.5|52.00101009.07.1|52.00101010.05.1|52.00101010.05.2|52.00101010.05.3|52.00101010.05.4|52.00101010.05.5,16,V CII!13|V CII!14|V CII!15|V CII!16|V CII!17|V CII!18|V CII!19|V CII!20|V CII!21|V CII!22|V CII!23|V CII!24|V CII!25|V CII!26|V CII!27|V CII!28
grefier arhivar,grefier arhivar,V,,52.00101007.07.1|52.00101007.07.2|52.00101007.07.3|52.00101007.07.4|52.00101007.07.5|52.00101008.07.1|52.00101008.07.2|52.00101008.07.3|52.00101008.07.4|52.00101008.07.5|52.00101009.07.1|52.00101010.05.1|52.00101010.05.2|52.00101010.05.3|52.00101010.05.4|52.00101010.05.5,16,V CII!13|V CII!14|V CII!15|V CII!16|V CII!17|V CII!18|V CII!19|V CII!20|V CII!21|V CII!22|V CII!23|V CII!24|V CII!25|V CII!26|V CII!27|V CII!28
grefier arhivar sef,grefier arhivar șef,V,,52.00101002.03.1|52.00101005.05.1,2,V CII!9|V CII!10
grefier documentarist,grefier-documentarist,V,,52.00101007.07.1|52.00101007.07.2|52.00101007.07.3|52.00101007.07.4|52.00101007.07.5|52.00101008.07.1|52.00101008.07.2|52.00101008.07.3|52.00101008.07.4|52.00101008.07.5|52.00101009.07.1|52.00101010.05.1|52.00101010.05.2|52.00101010.05.3|52.00101010.05.4|52.00101010.05.5,16,V CII!13|V CII!14|V CII!15|V CII!16|V CII!17|V CII!18|V CII!19|V CII!20|V CII!21|V CII!22|V CII!23|V CII!24|V CII!25|V CII!26|V CII!27|V CII!28
grefier grefier statistician grefier documentarist grefier arhivar grefier registrator debutant,"Grefier, grefier-statistician, grefier-documentarist, grefier arhivar, grefier registrator, debutant",V,,52.00101012.05.1,1,V CII!34
grefier grefier statistician grefier documentarist grefier arhivar grefier registrator treapta ii,"Grefier, grefier-statistician, grefier-documentarist, grefier arhivar, grefier registrator, treaptă II",V,,52.00101011.05.1|52.00101011.05.2|52.00101011.05.3|52.00101011.05.4|52.00101011.05.5,5,V CII!29|V CII!30|V CII!31|V CII!32|V CII!33
grefier registrator,grefier registrator,V,,52.00101007.07.1|52.00101007.07.2|52.00101007.07.3|52.00101007.07.4|52.00101007.07.5|52.00101008.07.1|52.00101008.07.2|52.00101008.07.3|52.00101008.07.4|52.00101008.07.5|52.00101009.07.1,11,V CII!13|V CII!14|V CII!15|V CII!16|V CII!17|V CII!18|V CII!19|V CII!20|V CII!21|V CII!22|V CII!23
grefier registrator treapta i,"grefier registrator, treaptă I",V,,52.00101010.05.1|52.00101010.05.2|52.00101010.05.3|52.00101010.05.4|52.00101010.05.5,5,V CII!24|V CII!25|V CII!26|V CII!27|V CII!28
grefier sef,grefier - şef,V,,52.00101001.05.1|52.00101005.05.1,2,V CII!8|V CII!10
grefier sef cabinet,grefier-şef cabinet,V,,52.00101001.05.1|52.00101006.01.1,2,V CII!8|V CII!11
grefier sef sectie,grefier-şef secţie,V,,52.00101001.05.1|52.00101005.05.1,2,V CII!8|V CII!10
grefier sef serviciu,Grefier-şef serviciu,V,,52.00101002.03.1|52.00101006.01.1,2,V CII!9|V CII!11
grefier statistician,grefier-statistician,V,,52.00101007.07.1|52.00101007.07.2|52.00101007.07.3|52.00101007.07.4|52.00101007.07.5|52.00101008.07.1|52.00101008.07.2|52.00101008.07.3|52.00101008.07.4|52.00101008.07.5|52.00101009.07.1|52.00101010.05.1|52.00101010.05.2|52.00101010.05.3|52.00101010.05.4|52.00101010.05.5,16,V CII!13|V CII!14|V CII!15|V CII!16|V CII!17|V CII!18|V CII!19|V CII!20|V CII!21|V CII!22|V CII!23|V CII!24|V CII!25|V CII!26|V CII!27|V CII!28
grt,GRT,VIII,personal contractual,,1,VIII CII E!13
guard,guard,VIII,personal contractual,82.40302007.07.1|82.60128013.07.1,5,VIII CII A 3_local1!50|VIII CII A 3_local2!50|VIII CII A 3_local3!51|VIII CII A 3_local4!52|VIII CII C!24
impresar artistic pictor consultant artistic producator delegat sufleor,"Impresar artistic, pictor, consultant-artistic, producător-delegat, sufleor",III,,31.00201005.05.1|31.00201005.05.2|31.00201005.05.3|31.00201005.05.4|31.00202005.05.1|31.00202005.05.2|31.00202005.05.3|31.00202005.05.4,8,III CI !34|III CI !35|III CI !36|III CI !37|III CI !89|III CI !90|III CI !91|III CI !92
infirmiera,Infirmieră,II,,21.00304001.01.1,1,II CI 3!65
infirmiera agent ddd,"Infirmieră, agent DDD",II,,21.00209001.02.1|21.00209002.02.1,2,II CI 2!80|II CI 2!81
infirmiera debutanta,Infirmieră debutantă,II,,21.00304002.01.1,1,II CI 3!66
informatician,Informatician,I|V|VIII,personal contractual,11.00601002.02.1|11.00601002.02.2|11.00601002.02.3|11.00601002.02.4|56.00201013.02.1|56.00201014.02.1|56.00201015.02.1|56.00201016.02.1|82.40208002.02.1|82.40208002.02.2|82.40208002.02.3|82.40208002.02.4,12,I CI 4-5-6!152|I CI 4-5-6!153|I CI 4-5-6!154|I CI 4-5-6!155|V CVInef!24|V CVInef!25|V CVInef!26|V CVInef!27|VIII CII B!70|VIII CII B!71|VIII CII B!72|VIII CII B!73
informatician analist programator,"Informatician, analist programator",I,,11.00601008.02.1|11.00601008.02.2|11.00601008.02.3|11.00601008.02.4|11.00601014.02.1|11.00601014.02.2|11.00601014.02.3|11.00601014.02.4,8,I CI 4-5-6!184|I CI 4-5-6!185|I CI 4-5-6!186|I CI 4-5-6!187|I CI 4-5-6!212|I CI 4-5-6!213|I CI 4-5-6!214|I CI 4-5-6!215
inginer,Inginer,VIII,personal contractual,82.40202003.02.1|82.40202003.02.2|82.40202003.02.3|82.40202003.02.4,8,VIII CII B!24|VIII CII B!25|VIII CII B!26|VIII CII B!27|VIII CII G!12|VIII CII G!13|VIII CII G!14|VIII CII G!15
inginer de aviatie,Inginer de aviaţie,VIII,personal contractual,,5,VIII CII F!53|VIII CII F!54|VIII CII F!55|VIII CII F!56|VIII CII F!57
inginer de sistem,inginer de sistem,VIII,personal contractual,82.40208001.03.1|82.40208001.03.2|82.40208001.03.3|82.40208001.03.4,4,VIII CII B!66|VIII CII B!67|VIII CII B!68|VIII CII B!69
inginer medic chimist,"Inginer* , medic, chimist",VIII,personal contractual,82.40124005.05.1|82.40124006.04.1|82.40124007.04.1|82.40124008.04.1,4,VIII CII A 1!228|VIII CII A 1!229|VIII CII A 1!230|VIII CII A 1!231
inginer receptie si control,Inginer recepţie şi control,VIII,personal contractual,,3,VIII CII F!47|VIII CII F!48|VIII CII F!49
inginer sef,inginer-șef,VII|VIII,funcționar public|personal contractual,81.10103004.12.2|82.40201004.05.2|82.50125004.04.2|82.60127004.04.2,9,VII CI !14|VII CI !29|VIII_CI_A_1!18|VIII CII A 2!14|VIII CII A 3_local1!12|VIII CII A 3_local2!12|VIII CII A 3_local3!13|VIII CII A 3_local4!14|VIII CII B!12
ingrijitoare spalatoreasa,"Îngrijitoare, spălătoreasă",II,,21.00304005.02.1,1,II CI 3!69
ingrijitor,Îngrijitor,VIII,personal contractual,82.40302009.01.1|82.40302009.01.2|82.60128015.01.1|82.60128015.01.2,10,VIII CII A 3_local1!52|VIII CII A 3_local1!53|VIII CII A 3_local2!52|VIII CII A 3_local2!53|VIII CII A 3_local3!53|VIII CII A 3_local3!54|VIII CII A 3_local4!54|VIII CII A 3_local4!55|VIII CII C!27|VIII CII C!28
ingrijitor animale de experienta,Îngrijitor animale de experienţa,VIII,personal contractual,82.40124021.01.1,1,VIII CII A 1!244
inspector,Inspector,VIII,funcționar public|personal contractual,81.20108002.04.1|81.20108002.04.2|81.20108002.04.3|81.20108002.04.4|81.30111002.04.1|81.30111002.04.2|81.30111002.04.3|81.30111002.04.4|82.50126004.09.1|82.50126004.09.2|82.50126004.09.3|82.50126004.09.4|82.50126005.03.1|82.50126005.03.2|82.50126005.03.3|82.50126005.03.4|82.60128004.09.1|82.60128004.09.2|82.60128004.09.3|82.60128004.09.4|82.60128005.04.1|82.60128005.04.2|82.60128005.04.3|82.60128005.04.4,64,VIII_CI_A_1!29|VIII_CI_A_1!30|VIII_CI_A_1!31|VIII_CI_A_1!32|VIII_CI_A_2!20|VIII_CI_A_2!21|VIII_CI_A_2!22|VIII_CI_A_2!23|VIII CI A 3 (local1)!24|VIII CI A 3 (local1)!25|VIII CI A 3 (local1)!26|VIII CI A 3 (local1)!27|VIII CI A 3 (local2)!23|VIII CI A 3 (local2)!24|VIII CI A 3 (local2)!25|VIII CI A 3 (local2)!26|VIII CI A 3 (local3)!23|VIII CI A 3 (local3)!24|VIII CI A 3 (local3)!25|VIII CI A 3 (local3)!26|VIII CI A 3 (local4)!23|VIII CI A 3 (local4)!24|VIII CI A 3 (local4)!25|VIII CI A 3 (local4)!26|VIII CII A 2!29|VIII CII A 2!30|VIII CII A 2!31|VIII CII A 2!32|VIII CII A 2!33|VIII CII A 2!34|VIII CII A 2!35|VIII CII A 2!36|VIII CII A 3_local1!27|VIII CII A 3_local1!28|VIII CII A 3_local1!29|VIII CII A 3_local1!30|VIII CII A 3_local1!31|VIII CII A 3_local1!32|VIII CII A 3_local1!33|VIII CII A 3_local1!34
inspector aeronautic,Inspector aeronautic,VIII,personal contractual,,2,VIII CII F!76|VIII CII F!77
inspector antifrauda,Inspector antifrauda,VIII,funcționar public,81.10105009.04.1|81.10105009.04.2|81.10105009.04.3|81.10105009.04.4,4,VIII_CI_A_1!54|VIII_CI_A_1!55|VIII_CI_A_1!56|VIII_CI_A_1!57
inspector casier,inspector casier,VIII,personal contractual,82.50126002.07.1|82.50126002.07.2|82.50126002.07.3|82.50126002.07.4|82.60128002.07.1|82.60128002.07.2|82.60128002.07.3|82.60128002.07.4,20,VIII CII A 2!21|VIII CII A 2!22|VIII CII A 2!23|VIII CII A 2!24|VIII CII A 3_local1!19|VIII CII A 3_local1!20|VIII CII A 3_local1!21|VIII CII A 3_local1!22|VIII CII A 3_local2!19|VIII CII A 3_local2!20|VIII CII A 3_local2!21|VIII CII A 3_local2!22|VIII CII A 3_local3!20|VIII CII A 3_local3!21|VIII CII A 3_local3!22|VIII CII A 3_local3!23|VIII CII A 3_local4!21|VIII CII A 3_local4!22|VIII CII A 3_local4!23|VIII CII A 3_local4!24
inspector de concurenta,Inspector de concurenţă,VIII,personal contractual,82.40117001.01.1|82.40117002.01.1|82.40117003.01.1|82.40117004.01.1,4,VIII CII A 1!180|VIII CII A 1!181|VIII CII A 1!182|VIII CII A 1!183
inspector de control,Inspector de control,V,,56.00201001.02.1|56.00201002.02.1|56.00201003.02.1|56.00201004.02.1,4,V CVInef!16|V CVInef!17|V CVInef!18|V CVInef!19
inspector de integritate,Inspector de integritate,VIII,personal contractual,82.40121001.01.1|82.40121001.01.2|82.40121001.01.3|82.40121001.01.4,4,VIII CII A 1!206|VIII CII A 1!207|VIII CII A 1!208|VIII CII A 1!209
inspector de munca,Inspector de muncă,VIII,funcționar public,81.10105009.04.1|81.10105009.04.2|81.10105009.04.3|81.10105009.04.4|81.20109001.03.1|81.20109001.03.2|81.20109001.03.3|81.20109001.03.4,8,VIII_CI_A_1!50|VIII_CI_A_1!51|VIII_CI_A_1!52|VIII_CI_A_1!53|VIII_CI_A_2!33|VIII_CI_A_2!34|VIII_CI_A_2!35|VIII_CI_A_2!36
inspector de politie,inspector de poliţie,VI,,,1,VI_Armata!21
inspector de probatiune gradul i,Inspector de probațiune gradul I,V,,57.00101007.01.1|57.00101007.01.2|57.00101007.01.3|57.00101007.01.4,4,V CVII!13|V CVII!14|V CVII!15|V CVII!16
inspector de probatiune gradul ii,Inspector de probațiune gradul II,V,,57.00101008.01.1|57.00101008.01.2|57.00101008.01.3|57.00101008.01.4|57.00101008.01.5,5,V CVII!17|V CVII!18|V CVII!19|V CVII!20|V CVII!21
inspector de specialitate,inspector de specialitate,VIII,personal contractual,82.40202002.04.1|82.40202002.04.2|82.40202002.04.3|82.40202002.04.4|82.50126002.07.1|82.50126002.07.2|82.50126002.07.3|82.50126002.07.4|82.60128002.07.1|82.60128002.07.2|82.60128002.07.3|82.60128002.07.4,24,VIII CII A 2!21|VIII CII A 2!22|VIII CII A 2!23|VIII CII A 2!24|VIII CII A 3_local1!19|VIII CII A 3_local1!20|VIII CII A 3_local1!21|VIII CII A 3_local1!22|VIII CII A 3_local2!19|VIII CII A 3_local2!20|VIII CII A 3_local2!21|VIII CII A 3_local2!22|VIII CII A 3_local3!20|VIII CII A 3_local3!21|VIII CII A 3_local3!22|VIII CII A 3_local3!23|VIII CII A 3_local4!21|VIII CII A 3_local4!22|VIII CII A 3_local4!23|VIII CII A 3_local4!24|VIII CII B!20|VIII CII B!21|VIII CII B!22|VIII CII B!23
inspector de specialitate expert inginer,"Inspector de specialitate, expert, inginer",VIII,personal contractual,,4,VIII CII H!10|VIII CII H!11|VIII CII H!12|VIII CII H!13
inspector de stat sef adjunct,inspector de stat şef adjunct,VIII,funcționar public,81.10103002.05.2|81.20107002.04.2,2,VIII_CI_A_1!16|VIII_CI_A_2!11
inspector de urmarire si administrare bunuri,inspector de urmărire și administrare bunuri,VIII,funcționar public,81.10105009.04.1|81.10105009.04.2|81.10105009.04.3|81.10105009.04.4,4,VIII_CI_A_1!54|VIII_CI_A_1!55|VIII_CI_A_1!56|VIII_CI_A_1!57
inspector general de stat,Inspector general de stat,VIII,funcționar public,,1,VIII_CI_A_1!11
inspector general de stat adj,Inspector general de stat adj,VIII,funcționar public,,1,VIII_CI_A_1!12
inspector general de stat adjunct,inspector general de stat adjunct,VIII,funcționar public,81.20107002.04.2,1,VIII_CI_A_2!11
inspector pilotaj,Inspector pilotaj,VIII,personal contractual,,2,VIII CII F!50|VIII CII F!51
inspector principal de politie,inspector principal de poliţie,VI,,,1,VI_Armata!20
inspector scolar de specialitate inspector scolar,"Inspector şcolar de specialitate, inspector şcolar",I,,11.00201004.02.2,1,I CI 1-3!18
inspector scolar general,Inspector şcolar general,I,,11.00201001.01.2,1,I CI 1-3!15
inspector scolar general adjunct,Inspector şcolar general adjunct,I,,11.00201002.01.2,1,I CI 1-3!16
inspector sef,inspector şef,VIII,funcționar public|personal contractual,81.10103003.09.2|81.20107003.06.2|82.40201004.05.2|82.50125003.04.2|82.60127003.04.2,8,VIII_CI_A_1!17|VIII_CI_A_2!12|VIII CII A 2!13|VIII CII A 3_local1!11|VIII CII A 3_local2!11|VIII CII A 3_local3!12|VIII CII A 3_local4!13|VIII CII B!12
inspector sef adjunct,inspector şef adjunct,VIII,funcționar public|personal contractual,81.10103004.12.2|81.20107004.09.2|82.50125004.04.2|82.60127004.04.2,7,VIII_CI_A_1!18|VIII_CI_A_2!13|VIII CII A 2!14|VIII CII A 3_local1!12|VIII CII A 3_local2!12|VIII CII A 3_local3!13|VIII CII A 3_local4!14
inspector sef de stat,inspector şef de stat,VIII,funcționar public,81.10103001.05.2,1,VIII_CI_A_1!15
inspector social,inspector social,VIII,funcționar public,81.10105009.04.1|81.10105009.04.2|81.10105009.04.3|81.10105009.04.4|81.20109001.03.1|81.20109001.03.2|81.20109001.03.3|81.20109001.03.4,8,VIII_CI_A_1!50|VIII_CI_A_1!51|VIII_CI_A_1!52|VIII_CI_A_1!53|VIII_CI_A_2!33|VIII_CI_A_2!34|VIII_CI_A_2!35|VIII_CI_A_2!36
inspector specialist,Inspector specialist,V,,56.00201009.01.1|56.00201010.01.1|56.00201011.01.1|56.00201012.01.1,4,V CVInef!20|V CVInef!21|V CVInef!22|V CVInef!23
inspector vamal,Inspector vamal,VIII,funcționar public,81.10105009.04.1|81.10105009.04.2|81.10105009.04.3|81.10105009.04.4,4,VIII_CI_A_1!54|VIII_CI_A_1!55|VIII_CI_A_1!56|VIII_CI_A_1!57
institutor,Institutor,I,,11.00501009.02.1|11.00501009.02.2|11.00501009.02.3|11.00501009.02.4|11.00501009.02.5|11.00501010.02.1|11.00501010.02.2|11.00501010.02.3|11.00501010.02.4|11.00501010.02.5|11.00501010.02.6|11.00501011.02.1|11.00501011.02.2|11.00501011.02.3|11.00501011.02.4|11.00501011.02.5|11.00501011.02.6|11.00501012.02.1|11.00501013.02.1|11.00501013.02.2|11.00501013.02.3|11.00501013.02.4|11.00501013.02.5|11.00501014.02.1|11.00501014.02.2|11.00501014.02.3|11.00501014.02.4|11.00501014.02.5|11.00501014.02.6|11.00501015.02.1|11.00501015.02.2|11.00501015.02.3|11.00501015.02.4|11.00501015.02.5|11.00501015.02.6|11.00501016.02.1,36,I CI 4-5-6!70|I CI 4-5-6!71|I CI 4-5-6!72|I CI 4-5-6!73|I CI 4-5-6!74|I CI 4-5-6!75|I CI 4-5-6!76|I CI 4-5-6!77|I CI 4-5-6!78|I CI 4-5-6!79|I CI 4-5-6!80|I CI 4-5-6!81|I CI 4-5-6!82|I CI 4-5-6!83|I CI 4-5-6!84|I CI 4-5-6!85|I CI 4-5-6!86|I CI 4-5-6!87|I CI 4-5-6!88|I CI 4-5-6!89|I CI 4-5-6!90|I CI 4-5-6!91|I CI 4-5-6!92|I CI 4-5-6!93|I CI 4-5-6!94|I CI 4-5-6!95|I CI 4-5-6!96|I CI 4-5-6!97|I CI 4-5-6!98|I CI 4-5-6!99|I CI 4-5-6!100|I CI 4-5-6!101|I CI 4-5-6!102|I CI 4-5-6!103|I CI 4-5-6!104|I CI 4-5-6!105
instructor,Instructor,I|VIII,personal contractual,11.00601021.02.1|11.00601021.02.2|11.00601021.02.3|82.40205002.01.1|82.40205002.01.2|82.40205002.01.3|82.40205002.01.4,8,I CI 4-5-6!240|I CI 4-5-6!241|I CI 4-5-6!242|I CI 4-5-6!243|VIII CII B!48|VIII CII B!49|VIII CII B!50|VIII CII B!51
instructor animator,Instructor-animator,I,,11.00601005.03.1|11.00601005.03.2|11.00601005.03.3|11.00601011.03.1|11.00601011.03.2|11.00601011.03.3|11.00601017.02.1|11.00601017.02.2|11.00601017.02.3|11.00601017.02.4,12,I CI 4-5-6!164|I CI 4-5-6!165|I CI 4-5-6!166|I CI 4-5-6!167|I CI 4-5-6!196|I CI 4-5-6!197|I CI 4-5-6!198|I CI 4-5-6!199|I CI 4-5-6!224|I CI 4-5-6!225|I CI 4-5-6!226|I CI 4-5-6!227
instructor de educatie extrascolara,instructor de educaţie extraşcolară,I,,11.00601005.03.1|11.00601005.03.2|11.00601005.03.3|11.00601011.03.1|11.00601011.03.2|11.00601011.03.3,8,I CI 4-5-6!168|I CI 4-5-6!169|I CI 4-5-6!170|I CI 4-5-6!171|I CI 4-5-6!196|I CI 4-5-6!197|I CI 4-5-6!198|I CI 4-5-6!199
instructor de educatie instructor cfm,"Instructor de educaţie, instructor CFM",II,,21.00303032.02.1|21.00303033.02.1|21.00303034.02.1,3,II CI 3!46|II CI 3!47|II CI 3!48
instructor de ergoterapie art terapeut animator socio educativ pedagog de recuperare,"Instructor de ergoterapie, art terapeut, animator socio-educativ, pedagog de recuperare",II,,21.00303035.04.1|21.00303036.04.1|21.00303037.04.1|21.00303038.04.1|21.00303039.04.1|21.00303040.04.1,6,II CI 3!49|II CI 3!50|II CI 3!51|II CI 3!52|II CI 3!53|II CI 3!54
instructor educatie extrascolara,instructor educaţie extraşcolară,I,,11.00601017.02.1|11.00601017.02.2|11.00601017.02.3|11.00601017.02.4,4,I CI 4-5-6!224|I CI 4-5-6!225|I CI 4-5-6!226|I CI 4-5-6!227
instructor parasutism,Instructor paraşutism,VIII,personal contractual,,3,VIII CII F!38|VIII CII F!39|VIII CII F!40
instructor sef de zbor,Instructor șef de zbor,VIII,personal contractual,,1,VIII CII F!16
instructor sef zbor sintetic,Instructor șef zbor sintetic,VIII,personal contractual,,1,VIII CII F!16
instructor sportiv,Instructor sportiv,VIII,personal contractual,82.40401002.01.1|82.40401002.01.2|82.40401002.01.3|82.40402003.02.1|82.40402003.02.2|82.40402003.02.3|82.40402003.02.4,7,VIII CII D!14|VIII CII D!15|VIII CII D!16|VIII CII D!17|VIII CII D!18|VIII CII D!19|VIII CII D!20
interpret profesional,interpret profesional,VIII,personal contractual,82.50126004.09.1|82.50126004.09.2|82.50126004.09.3|82.50126004.09.4|82.60128004.09.1|82.60128004.09.2|82.60128004.09.3|82.60128004.09.4,20,VIII CII A 2!29|VIII CII A 2!30|VIII CII A 2!31|VIII CII A 2!32|VIII CII A 3_local1!27|VIII CII A 3_local1!28|VIII CII A 3_local1!29|VIII CII A 3_local1!30|VIII CII A 3_local2!27|VIII CII A 3_local2!28|VIII CII A 3_local2!29|VIII CII A 3_local2!30|VIII CII A 3_local3!28|VIII CII A 3_local3!29|VIII CII A 3_local3!30|VIII CII A 3_local3!31|VIII CII A 3_local4!29|VIII CII A 3_local4!30|VIII CII A 3_local4!31|VIII CII A 3_local4!32
interpret relatii,interpret relaţii,VIII,personal contractual,82.50126004.09.1|82.50126004.09.2|82.50126004.09.3|82.50126004.09.4|82.60128004.09.1|82.60128004.09.2|82.60128004.09.3|82.60128004.09.4,20,VIII CII A 2!29|VIII CII A 2!30|VIII CII A 2!31|VIII CII A 2!32|VIII CII A 3_local1!27|VIII CII A 3_local1!28|VIII CII A 3_local1!29|VIII CII A 3_local1!30|VIII CII A 3_local2!27|VIII CII A 3_local2!28|VIII CII A 3_local2!29|VIII CII A 3_local2!30|VIII CII A 3_local3!28|VIII CII A 3_local3!29|VIII CII A 3_local3!30|VIII CII A 3_local3!31|VIII CII A 3_local4!29|VIII CII A 3_local4!30|VIII CII A 3_local4!31|VIII CII A 3_local4!32
invatator,Învăţător,I,,11.00501017.03.1|11.00501017.03.2|11.00501017.03.3|11.00501017.03.4|11.00501017.03.5|11.00501018.03.1|11.00501018.03.2|11.00501018.03.3|11.00501018.03.4|11.00501018.03.5|11.00501018.03.6|11.00501019.03.1|11.00501019.03.2|11.00501019.03.3|11.00501019.03.4|11.00501019.03.5|11.00501019.03.6|11.00501020.03.1|11.00501021.04.1|11.00501021.04.2|11.00501021.04.3|11.00501021.04.4|11.00501021.04.5|11.00501021.04.6|11.00501021.04.7,25,I CI 4-5-6!106|I CI 4-5-6!107|I CI 4-5-6!108|I CI 4-5-6!109|I CI 4-5-6!110|I CI 4-5-6!111|I CI 4-5-6!112|I CI 4-5-6!113|I CI 4-5-6!114|I CI 4-5-6!115|I CI 4-5-6!116|I CI 4-5-6!117|I CI 4-5-6!118|I CI 4-5-6!119|I CI 4-5-6!120|I CI 4-5-6!121|I CI 4-5-6!122|I CI 4-5-6!123|I CI 4-5-6!124|I CI 4-5-6!125|I CI 4-5-6!126|I CI 4-5-6!127|I CI 4-5-6!128|I CI 4-5-6!129|I CI 4-5-6!130
judecator cu grad de curte de apel judecator militar cu grad de curte de apel procuror cu grad profesional de parchet de pe langa aceste instante,"Judecător cu grad de curte de apel, judecător militar cu grad de curte de apel, procuror cu grad profesional de parchet de pe lângă aceste instanţe",V,,51.00101002.01.1|51.00101002.01.2|51.00101002.01.3|51.00101002.01.4,4,V CI A+B!11|V CI A+B!12|V CI A+B!13|V CI A+B!14
judecator cu grad de iccj,Judecator cu grad de ICCJ,V,,51.00101001.01.1|51.00101001.01.2,2,V CI A+B!9|V CI A+B!10
judecator cu grad de judecatorie procuror cu grad de parchet de pe langa judecatorie,"Judecător cu grad de judecătorie, procuror cu grad de parchet de pe lângă judecătorie",V,,51.00101004.01.1|51.00101004.01.2|51.00101004.01.3|51.00101004.01.4|51.00101004.01.5|51.00101004.01.6,6,V CI A+B!19|V CI A+B!20|V CI A+B!21|V CI A+B!22|V CI A+B!23|V CI A+B!24
judecator cu grad de tribunal judecator militar la tribunalul militar procurori cu grad profesional de parchet de pe langa aceste instante,"Judecător cu grad de tribunal, judecător militar la tribunalul militar, procurori cu grad profesional de parchet de pe lângă aceste instanţe",V,,51.00101003.02.1|51.00101003.02.2|51.00101003.02.3|51.00101003.02.4,4,V CI A+B!15|V CI A+B!16|V CI A+B!17|V CI A+B!18
judecator stagiar procuror stagiar,"Judecător stagiar, procuror stagiar",V,,51.00101005.01.1|51.00101005.01.2,2,V CI A+B!25|V CI A+B!26
laborant,laborant,I,,11.00601004.03.1|11.00601004.03.2|11.00601004.03.3|11.00601004.03.4|11.00601020.01.1|11.00601020.01.2|11.00601020.01.3,7,I CI 4-5-6!160|I CI 4-5-6!161|I CI 4-5-6!162|I CI 4-5-6!163|I CI 4-5-6!237|I CI 4-5-6!238|I CI 4-5-6!239
laborant foto retusor foto fotograf,"Laborant foto, retuşor foto, fotograf",III,,34.00201005.03.1|34.00201005.03.2|34.00201005.03.3|34.00201005.03.4,4,III CIV!28|III CIV!29|III CIV!30|III CIV!31
lenjereasa,lenjereasă,VIII,personal contractual,82.60128014.02.1,4,VIII CII A 3_local1!51|VIII CII A 3_local2!51|VIII CII A 3_local3!52|VIII CII A 3_local4!53
licentiat in balneofiziokinetoterapie si recuperare,licenţiat în balneofiziokinetoterapie şi recuperare,II,,21.00201026.11.1|21.00201027.11.1|21.00201028.11.1,3,II CI 2!33|II CI 2!34|II CI 2!35
liderii grupurilor parlamentare ale senatului si camerei deputatilor,Liderii grupurilor parlamentare ale Senatului şi Camerei Deputaţilor,IX,,,1,IX A!15
locotenent comandor,locotenent-comandor,VI,,,1,VI_Armata!19
logoped profesor cfm interpret in limbajul mimico gestual si al limbajului specific persoanelor cu surdocecitate kinetoterapeut psihopedagog terapeut ocupational,"Logoped, profesor CFM, interpret în limbajul mimico-gestual și al limbajului specific persoanelor cu surdocecitate, kinetoterapeut, psihopedagog, terapeut ocupational",II,,21.00303009.06.1|21.00303010.06.1|21.00303011.06.1,3,II CI 3!23|II CI 3!24|II CI 3!25
logoped sociolog asistent social,"Logoped, sociolog, asistent social",II,,21.00205005.05.1|21.00205006.05.1|21.00205007.05.1,3,II CI 2!61|II CI 2!62|II CI 2!63
macaragiu macarale plutitoare,macaragiu macarale plutitoare,VIII,personal contractual,,1,VIII CII E!39
macaragiu macarale plutitoare debutant,"macaragiu macarale plutitoare, debutant",VIII,personal contractual,,1,VIII CII E!40
machior peruchier operator asistent regie,"Machior, peruchier, operator , asistent regie",III,,31.00201006.05.1|31.00201006.05.2|31.00201006.05.3|31.00201006.05.4|31.00202006.05.1|31.00202006.05.2|31.00202006.05.3|31.00202006.05.4,8,III CI !38|III CI !39|III CI !40|III CI !41|III CI !93|III CI !94|III CI !95|III CI !96
maestru maestru specialist sef orchestra,"Maestru , maestru , specialist , șef orchestră",III,,31.00201008.04.1|31.00201008.04.2|31.00201008.04.3|31.00201008.04.4|31.00202008.04.1|31.00202008.04.2|31.00202008.04.3|31.00202008.04.4,8,III CI !46|III CI !47|III CI !48|III CI !49|III CI !101|III CI !102|III CI !103|III CI !104
magaziner,magaziner,VIII,personal contractual,82.40302005.04.1|82.40302005.04.2|82.60128011.02.1|82.60128011.02.2,10,VIII CII A 3_local1!47|VIII CII A 3_local1!48|VIII CII A 3_local2!47|VIII CII A 3_local2!48|VIII CII A 3_local3!48|VIII CII A 3_local3!49|VIII CII A 3_local4!49|VIII CII A 3_local4!50|VIII CII C!21|VIII CII C!22
maistru,Maistru,VIII,personal contractual,82.40302010.01.1|82.40302010.01.2|82.60128016.01.1|82.60128016.01.2,10,VIII CII A 3_local1!54|VIII CII A 3_local1!55|VIII CII A 3_local2!54|VIII CII A 3_local2!55|VIII CII A 3_local3!55|VIII CII A 3_local3!56|VIII CII A 3_local4!56|VIII CII A 3_local4!57|VIII CII C!29|VIII CII C!30
maistru de aviatie,Maistru de aviaţie,VIII,personal contractual,,3,VIII CII F!73|VIII CII F!74|VIII CII F!75
maistru instructor,maistru-instructor,I,,11.00501021.04.1|11.00501021.04.2|11.00501021.04.3|11.00501021.04.4|11.00501021.04.5|11.00501021.04.6|11.00501021.04.7,7,I CI 4-5-6!124|I CI 4-5-6!125|I CI 4-5-6!126|I CI 4-5-6!127|I CI 4-5-6!128|I CI 4-5-6!129|I CI 4-5-6!130
maistru instructor debutant,maistru - instructor debutant,I,,11.00501020.03.1,1,I CI 4-5-6!123
maistru instructor grad didactic definitiv,maistru - instructor grad didactic definitiv,I,,11.00501019.03.1|11.00501019.03.2|11.00501019.03.3|11.00501019.03.4|11.00501019.03.5|11.00501019.03.6,6,I CI 4-5-6!117|I CI 4-5-6!118|I CI 4-5-6!119|I CI 4-5-6!120|I CI 4-5-6!121|I CI 4-5-6!122
maistru instructor grad didactic i,maistru - instructor grad didactic I,I,,11.00501017.03.1|11.00501017.03.2|11.00501017.03.3|11.00501017.03.4|11.00501017.03.5,5,I CI 4-5-6!106|I CI 4-5-6!107|I CI 4-5-6!108|I CI 4-5-6!109|I CI 4-5-6!110
maistru instructor grad didactic ii,maistru - instructor grad didactic II,I,,11.00501018.03.1|11.00501018.03.2|11.00501018.03.3|11.00501018.03.4|11.00501018.03.5|11.00501018.03.6,6,I CI 4-5-6!111|I CI 4-5-6!112|I CI 4-5-6!113|I CI 4-5-6!114|I CI 4-5-6!115|I CI 4-5-6!116
maistru instructor studii superioare lunga durata debutant,"maistru instructor, studii superioare lungă durată debutant",I,,11.00501012.02.1,1,I CI 4-5-6!87
maistru instructor studii superioare lunga durata grad didactic definitiv,"maistru instructor, studii superioare lungă durată grad didactic definitiv",I,,11.00501011.02.1|11.00501011.02.2|11.00501011.02.3|11.00501011.02.4|11.00501011.02.5|11.00501011.02.6,6,I CI 4-5-6!81|I CI 4-5-6!82|I CI 4-5-6!83|I CI 4-5-6!84|I CI 4-5-6!85|I CI 4-5-6!86
maistru instructor studii superioare lunga durata grad didactic i,"maistru instructor, studii superioare lungă durată grad didactic I",I,,11.00501009.02.1|11.00501009.02.2|11.00501009.02.3|11.00501009.02.4|11.00501009.02.5,5,I CI 4-5-6!70|I CI 4-5-6!71|I CI 4-5-6!72|I CI 4-5-6!73|I CI 4-5-6!74
maistru instructor studii superioare lunga durata grad didactic ii,"maistru instructor, studii superioare lungă durată grad didactic II",I,,11.00501010.02.1|11.00501010.02.2|11.00501010.02.3|11.00501010.02.4|11.00501010.02.5|11.00501010.02.6,6,I CI 4-5-6!75|I CI 4-5-6!76|I CI 4-5-6!77|I CI 4-5-6!78|I CI 4-5-6!79|I CI 4-5-6!80
maistru instructor studii superioare scurta durata debutant,"maistru instructor, studii superioare scurtă durată debutant",I,,11.00501016.02.1,1,I CI 4-5-6!105
maistru instructor studii superioare scurta durata grad didactic definitiv,"maistru instructor, studii superioare scurtă durată grad didactic definitiv",I,,11.00501015.02.1|11.00501015.02.2|11.00501015.02.3|11.00501015.02.4|11.00501015.02.5|11.00501015.02.6,6,I CI 4-5-6!99|I CI 4-5-6!100|I CI 4-5-6!101|I CI 4-5-6!102|I CI 4-5-6!103|I CI 4-5-6!104
maistru instructor studii superioare scurta durata grad didactic i,"maistru instructor, studii superioare scurtă durată grad didactic I",I,,11.00501013.02.1|11.00501013.02.2|11.00501013.02.3|11.00501013.02.4|11.00501013.02.5,5,I CI 4-5-6!88|I CI 4-5-6!89|I CI 4-5-6!90|I CI 4-5-6!91|I CI 4-5-6!92
maistru instructor studii superioare scurta durata grad didactic ii,"maistru instructor, studii superioare scurtă durată grad didactic II",I,,11.00501014.02.1|11.00501014.02.2|11.00501014.02.3|11.00501014.02.4|11.00501014.02.5|11.00501014.02.6,6,I CI 4-5-6!93|I CI 4-5-6!94|I CI 4-5-6!95|I CI 4-5-6!96|I CI 4-5-6!97|I CI 4-5-6!98
manager,Manager,II|III,,21.00102001.01.2|31.00101001.01.2|31.00102001.01.2|32.00101001.01.2|32.00102001.01.2|33.00101001.01.2|33.00102001.01.2|34.00101001.01.2|35.00101001.01.2,10,II CI 1!12|III CI !8|III CI !63|III CII!9|III CII!39|III CIII!7|III CIII!37|III CIV!9|III CV!8|III CV!28
manager general,Manager general,II,,21.00103002.01.2,1,II CI 1!23
manager public,Manager public,VIII,funcționar public,81.10106001.01.1|81.10106001.01.2|81.10106001.01.3,3,VIII_CI_A_1!79|VIII_CI_A_1!80|VIII_CI_A_1!81
manager securitate cibernetica,Manager securitate cibernetica,VIII,personal contractual,,1,VIII CII A 1!248
manager superior securitate cibernetica,Manager superior securitate cibernetica,VIII,personal contractual,,1,VIII CII A 1!247
manager tic,Manager TIC,VIII,personal contractual,,3,VIII CII I!17|VIII CII I!24|VIII CII I!31
manipulant bunuri,manipulant bunuri,VIII,personal contractual,82.40302007.07.1|82.60128013.07.1,5,VIII CII A 3_local1!50|VIII CII A 3_local2!50|VIII CII A 3_local3!51|VIII CII A 3_local4!52|VIII CII C!24
manipulant decor,Manipulant decor,III,,31.00201012.01.1|31.00201012.01.2|31.00202012.01.1|31.00202012.01.2,4,III CI !59|III CI !60|III CI !114|III CI !115
manuitor carte garderobier,"Mânuitor carte, garderobier",III,,32.00201006.02.1|32.00202006.02.1,2,III CII!36|III CII!66
marinar,marinar,VIII,personal contractual,,1,VIII CII E!40
marinar bucatar,"Marinar, bucătar",VIII,personal contractual,,1,VIII CII E!39
marinar stagiar,Marinar stagiar,VIII,personal contractual,,1,VIII CII E!33
mecanic,Mecanic,VIII,personal contractual,,1,VIII CII E!32
mecanic de aviatie,Mecanic de aviație,VIII,personal contractual,,5,VIII CII F!63|VIII CII F!64|VIII CII F!65|VIII CII F!66|VIII CII F!67
mecanic navigant,Mecanic navigant,VIII,personal contractual,,3,VIII CII F!44|VIII CII F!45|VIII CII F!46
mecanic navigant instructor,Mecanic navigant instructor,VIII,personal contractual,,3,VIII CII F!41|VIII CII F!42|VIII CII F!43
mecanic pentru intretinerea aparatelor de lansare la zbor,Mecanic pentru întreţinerea aparatelor de lansare la zbor,VIII,personal contractual,,5,VIII CII F!68|VIII CII F!69|VIII CII F!70|VIII CII F!71|VIII CII F!72
mecanic stagiar,Mecanic stagiar,VIII,personal contractual,,1,VIII CII E!34
mecanic utilaj,Mecanic utilaj,VIII,personal contractual,82.60130008.01.1,4,VIII CII A 3_local1!76|VIII CII A 3_local2!76|VIII CII A 3_local3!77|VIII CII A 3_local4!78
mediator scolar,mediator școlar,I,,11.00601004.03.1|11.00601004.03.2|11.00601004.03.3|11.00601004.03.4|11.00601010.03.1|11.00601010.03.2|11.00601010.03.3|11.00601010.03.4|11.00601022.01.1|11.00601022.01.2|11.00601022.01.3,12,I CI 4-5-6!160|I CI 4-5-6!161|I CI 4-5-6!162|I CI 4-5-6!163|I CI 4-5-6!192|I CI 4-5-6!193|I CI 4-5-6!194|I CI 4-5-6!195|I CI 4-5-6!244|I CI 4-5-6!245|I CI 4-5-6!246|I CI 4-5-6!247
medic,Medic,II,,21.00201014.01.1,1,II CI 2!21
medic coordonator,Medic coordonator,II,,,1,II CI 1!34
medic dentist,Medic dentist,II,,21.00201015.01.1,1,II CI 2!22
medic dentist rezident anul i,Medic dentist rezident anul I,II,,21.00201013.01.1,1,II CI 2!20
medic dentist rezident anul ii,Medic dentist rezident anul II,II,,21.00201011.01.1,1,II CI 2!18
medic dentist rezident anul iii,Medic dentist rezident anul III,II,,21.00201009.01.1,1,II CI 2!16
medic dentist rezident anul iv v,Medic dentist rezident anul IV-V,II,,21.00201007.01.1,1,II CI 2!14
medic primar,Medic primar,II,,21.00201001.01.1,1,II CI 2!8
medic primar dentist,Medic primar dentist,II,,21.00201002.01.1,1,II CI 2!9
medic primar veterinar,Medic primar veterinar,VIII,personal contractual,82.40124001.02.1,1,VIII CII A 1!224
medic rezident anul i,Medic rezident anul I,II,,21.00201012.01.1,1,II CI 2!19
medic rezident anul ii,Medic rezident anul II,II,,21.00201010.01.1,1,II CI 2!17
medic rezident anul iii,Medic rezident anul III,II,,21.00201008.01.1,1,II CI 2!15
medic rezident anul iv v,Medic rezident anul IV-V,II,,21.00201006.01.1,1,II CI 2!13
medic rezident anul vi,Medic rezident anul VI,II,,21.00201005.01.1,1,II CI 2!12
medic sef ambulatoriu de specialitate si altele similare,Medic şef ambulatoriu de specialitate şi altele similare,II,,,1,II CI 1!33
medic specialist,Medic specialist,II,,21.00201003.01.1,1,II CI 2!10
medic specialist dentist,Medic specialist dentist,II,,21.00201004.01.1,1,II CI 2!11
medic veterinar,Medic veterinar,VIII,personal contractual,82.40124002.01.1|82.40124003.01.1|82.40124004.01.1,3,VIII CII A 1!225|VIII CII A 1!226|VIII CII A 1!227
medic veterinar gradul i,Medic veterinar gradul I,VIII,personal contractual,82.40124001.02.1,1,VIII CII A 1!224
membri,Membri,IX,,,2,IX B!48|IX B!53
membru al comitetului de reglementare,Membru al Comitetului de reglementare,VII,,,1,VII CI !43
merceolog,merceolog,VIII,personal contractual,82.40202006.04.1|82.40202006.04.2|82.40202006.04.3|82.40202006.04.4,4,VIII CII B!36|VIII CII B!37|VIII CII B!38|VIII CII B!39
ministru,Ministru,IX,,,1,IX B!11
ministru consilier,Ministru consilier,IV,,42.00100003.01.1,1,IV CI + CII!19
ministru delegat,Ministru delegat,IX,,,1,IX B!12
ministru plenipotentiar,Ministru plenipotenţiar,IV,,42.00100002.01.1,1,IV CI + CII!18
moasa,moaşă,II,,21.00201026.11.1|21.00201027.11.1|21.00201028.11.1,3,II CI 2!33|II CI 2!34|II CI 2!35
model,model,I,,11.00601021.02.1|11.00601021.02.2|11.00601021.02.3,4,I CI 4-5-6!240|I CI 4-5-6!241|I CI 4-5-6!242|I CI 4-5-6!243
motorist,Motorist,VIII,personal contractual,,2,VIII CII E!38|VIII CII E!40
muncitor calificat,Muncitor calificat,VIII,personal contractual,82.40302012.01.1|82.40302012.01.2|82.40302012.01.3|82.40302012.01.4|82.60128018.01.1|82.60128018.01.2|82.60128018.01.3|82.60128018.01.4,20,VIII CII A 3_local1!58|VIII CII A 3_local1!59|VIII CII A 3_local1!60|VIII CII A 3_local1!61|VIII CII A 3_local2!58|VIII CII A 3_local2!59|VIII CII A 3_local2!60|VIII CII A 3_local2!61|VIII CII A 3_local3!59|VIII CII A 3_local3!60|VIII CII A 3_local3!61|VIII CII A 3_local3!62|VIII CII A 3_local4!60|VIII CII A 3_local4!61|VIII CII A 3_local4!62|VIII CII A 3_local4!63|VIII CII C!33|VIII CII C!34|VIII CII C!35|VIII CII C!36
muncitor din activitatea specifica institutiilor de spectacole sau concerte,Muncitor din activitatea specifică instituțiilor de spectacole sau concerte,III,,31.00201010.01.1|31.00201010.01.2|31.00201010.01.3|31.00201010.01.4|31.00202010.01.1|31.00202010.01.2|31.00202010.01.3|31.00202010.01.4,8,III CI !54|III CI !55|III CI !56|III CI !57|III CI !109|III CI !110|III CI !111|III CI !112
muncitor necalificat,Muncitor necalificat,VIII,personal contractual,82.40302013.01.1|82.40302013.01.2|82.60128019.01.1|82.60128019.01.2,10,VIII CII A 3_local1!62|VIII CII A 3_local1!63|VIII CII A 3_local2!62|VIII CII A 3_local2!63|VIII CII A 3_local3!63|VIII CII A 3_local3!64|VIII CII A 3_local4!64|VIII CII A 3_local4!65|VIII CII C!37|VIII CII C!38
muzeograf restaurator conservator bibliograf arheolog arhitect istoric curator designer taxidermist fotograf desenator artistic educator muzeal arhivist,"Muzeograf, restaurator, conservator, bibliograf, arheolog, arhitect, istoric, curator, designer, taxidermist, fotograf, desenator artistic, educator muzeal, arhivist",III,,33.00201001.14.1|33.00201001.14.2|33.00201001.14.3|33.00201001.14.4|33.00202001.14.1|33.00202001.14.2|33.00202001.14.3|33.00202001.14.4,8,III CIII!17|III CIII!18|III CIII!19|III CIII!20|III CIII!47|III CIII!48|III CIII!49|III CIII!50
muzeograf restaurator conservator bibliograf bibliotecar arhivist conductor arhitect educator muzeal topograf,"Muzeograf, restaurator, conservator, bibliograf, bibliotecar-arhivist, conductor arhitect, educator muzeal, topograf",III,,33.00201006.08.1|33.00201006.08.2|33.00201006.08.3|33.00201006.08.4|33.00202006.08.1|33.00202006.08.2|33.00202006.08.3|33.00202006.08.4,8,III CIII!25|III CIII!26|III CIII!27|III CIII!28|III CIII!55|III CIII!56|III CIII!57|III CIII!58
ofiter electrician,ofiţer electrician,VIII,personal contractual,,1,VIII CII E!28
ofiter electrician maritim,ofiţer electrician maritim,VIII,personal contractual,,1,VIII CII E!21
ofiter electrician maritim portuar,ofiţer electrician maritim-portuar,VIII,personal contractual,,1,VIII CII E!27
ofiter maritim mecanic,Ofiţer maritim mecanic,VIII,personal contractual,,1,VIII CII E!23
ofiter maritim punte,Ofiţer maritim punte,VIII,personal contractual,,1,VIII CII E!20
ofiter maritim sar,Ofițer maritim SAR,VIII,personal contractual,,1,VIII CII E!29
ofiter mecanic,Ofiţer mecanic,VIII,personal contractual,,1,VIII CII E!28
ofiter mecanic maritim,Ofiţer mecanic maritim,VIII,personal contractual,,1,VIII CII E!21
ofiter mecanic maritim portuar,ofiţer mecanic maritim-portuar,VIII,personal contractual,,1,VIII CII E!27
ofiter mecanic secund,Ofiţer mecanic secund,VIII,personal contractual,,1,VIII CII E!19
ofiter punte aspirant,Ofiţer punte aspirant,VIII,personal contractual,,2,VIII CII E!22|VIII CII E!28
ofiter punte maritim portuar,Ofiţer punte maritim-portuar,VIII,personal contractual,,1,VIII CII E!27
ofiter punte secund,Ofiţer punte secund,VIII,personal contractual,,1,VIII CII E!18
operator,Operator,VIII,personal contractual,82.40208004.02.1|82.40208004.02.2|82.40208004.02.3|82.40208004.02.4,4,VIII CII B!78|VIII CII B!79|VIII CII B!80|VIII CII B!81
operator editor regizor scena iluminist scena machior peruchier butafor recuziter,"Operator , editor , regizor scenă, iluminist scenă, machior, peruchier, butafor, recuziter",III,,31.00201009.08.1|31.00201009.08.2|31.00201009.08.3|31.00201009.08.4|31.00202009.08.1|31.00202009.08.2|31.00202009.08.3|31.00202009.08.4,8,III CI !50|III CI !51|III CI !52|III CI !53|III CI !105|III CI !106|III CI !107|III CI !108
operator registrator de urgenta,operator registrator de urgență,II,,21.00201051.02.1,1,II CI 2!55
operator registrator de urgenta debutant,"operator registrator de urgență, debutant",II,,21.00201052.02.1,1,II CI 2!56
operator registrator de urgenta principal,"operator registrator de urgență, principal",II,,21.00201050.02.1,1,II CI 2!54
operator statistician,Operator statistician,VIII,personal contractual,,4,VIII CII A 1!265|VIII CII A 1!266|VIII CII A 1!267|VIII CII A 1!268
orct,ORCT,V,,56.00101003.01.2|56.00101005.01.2,2,V CVInef!10|V CVInef!12
parinte social ingrijitor la domiciliu asistent personal,"Părinte social, îngrijitor la domiciliu, asistent personal",II,,21.00303045.04.1,1,II CI 3!59
paznic,paznic,VIII,personal contractual,82.40302007.07.1|82.60128013.07.1,5,VIII CII A 3_local1!50|VIII CII A 3_local2!50|VIII CII A 3_local3!51|VIII CII A 3_local4!52|VIII CII C!24
pedagog scolar,Pedagog scolar,I,,11.00601004.03.1|11.00601004.03.2|11.00601004.03.3|11.00601004.03.4|11.00601016.01.1|11.00601016.01.2|11.00601016.01.3|11.00601016.01.4,8,I CI 4-5-6!160|I CI 4-5-6!161|I CI 4-5-6!162|I CI 4-5-6!163|I CI 4-5-6!220|I CI 4-5-6!221|I CI 4-5-6!222|I CI 4-5-6!223
pedagog scolar laborant,"Pedagog şcolar, laborant",I,,11.00601010.03.1|11.00601010.03.2|11.00601010.03.3|11.00601010.03.4,4,I CI 4-5-6!192|I CI 4-5-6!193|I CI 4-5-6!194|I CI 4-5-6!195
penitenciare,penitenciare,VI,,,4,VI_Armata!24|VI_Armata!25|VI_Armata!26|VI_Armata!27
penitenciare debutant,penitenciare debutant,VI,,,2,VI_Armata!28|VI_Armata!29
pilot aeronava,Pilot aeronavă,VIII,personal contractual,,3,VIII CII F!35|VIII CII F!36|VIII CII F!37
pilot instructor,Pilot instructor,VIII,personal contractual,,3,VIII CII F!32|VIII CII F!33|VIII CII F!34
pilot maritim aspirant,pilot maritim aspirant,VIII,personal contractual,,1,VIII CII E!18
pilot maritim i,Pilot maritim I,VIII,personal contractual,,1,VIII CII E!15
pilot maritim ii,Pilot maritim II,VIII,personal contractual,,1,VIII CII E!16
politie penitenciara,poliție penitenciară,VI,,,8,VI_Armata!15|VI_Armata!16|VI_Armata!17|VI_Armata!18|VI_Armata!19|VI_Armata!20|VI_Armata!21|VI_Armata!22
politie penitenciara debutant,poliție penitenciară debutant,VI,,,1,VI_Armata!23
politist local,Polițist local,VIII,funcționar public,81.30111003.01.1|81.30111003.01.2|81.30111003.01.3|81.30111003.01.4|81.30111004.01.1|81.30111004.01.2|81.30111004.01.3|81.30111004.01.4,48,VIII CI A 3 (local1)!28|VIII CI A 3 (local1)!29|VIII CI A 3 (local1)!30|VIII CI A 3 (local1)!31|VIII CI A 3 (local1)!32|VIII CI A 3 (local1)!33|VIII CI A 3 (local1)!34|VIII CI A 3 (local1)!35|VIII CI A 3 (local1)!36|VIII CI A 3 (local1)!37|VIII CI A 3 (local1)!38|VIII CI A 3 (local1)!39|VIII CI A 3 (local2)!27|VIII CI A 3 (local2)!28|VIII CI A 3 (local2)!29|VIII CI A 3 (local2)!30|VIII CI A 3 (local2)!35|VIII CI A 3 (local2)!36|VIII CI A 3 (local2)!37|VIII CI A 3 (local2)!38|VIII CI A 3 (local2)!43|VIII CI A 3 (local2)!44|VIII CI A 3 (local2)!45|VIII CI A 3 (local2)!46|VIII CI A 3 (local3)!27|VIII CI A 3 (local3)!28|VIII CI A 3 (local3)!29|VIII CI A 3 (local3)!30|VIII CI A 3 (local3)!35|VIII CI A 3 (local3)!36|VIII CI A 3 (local3)!37|VIII CI A 3 (local3)!38|VIII CI A 3 (local3)!43|VIII CI A 3 (local3)!44|VIII CI A 3 (local3)!45|VIII CI A 3 (local3)!46|VIII CI A 3 (local4)!27|VIII CI A 3 (local4)!28|VIII CI A 3 (local4)!29|VIII CI A 3 (local4)!30
pompagiu,pompagiu,VIII,personal contractual,,2,VIII CII E!38|VIII CII E!40
pompier,pompier,VIII,personal contractual,82.40302007.07.1|82.60128013.07.1,5,VIII CII A 3_local1!50|VIII CII A 3_local2!50|VIII CII A 3_local3!51|VIII CII A 3_local4!52|VIII CII C!24
pompieri,pompieri,VIII,personal contractual,82.40302006.02.1|82.60128012.02.1,5,VIII CII A 3_local1!49|VIII CII A 3_local2!49|VIII CII A 3_local3!50|VIII CII A 3_local4!51|VIII CII C!23
portar,Portar,VIII,personal contractual,82.40302007.07.1|82.60128013.07.1,5,VIII CII A 3_local1!50|VIII CII A 3_local2!50|VIII CII A 3_local3!51|VIII CII A 3_local4!52|VIII CII C!24
prefect,Prefect,IX,,,1,IX B!69
preot,Preot,I,,,7,I CIII A!11|I CIII A!12|I CIII A!13|I CIII A!14|I CIII A!16|I CIII A!17|I CIII A!18
preot debutant,Preot - debutant,I,,,2,I CIII A B C D!11|I CIII A B C D!14
preot definitiv,Preot - definitiv,I,,,2,I CIII A B C D!10|I CIII A B C D!13
preot gradul i,Preot - gradul I,I,,,2,I CIII A B C D!8|I CIII A B C D!12
preot gradul ii,Preot - gradul II,I,,,1,I CIII A B C D!9
presedinte,Președinte *),IX|VII,,,11,VII CI !41|IX B!16|IX B!26|IX B!32|IX B!43|IX B!47|IX B!50|IX B!55|IX B!58|IX B!61|IX B!66
presedinte al consiliului judetean,Preşedinte al consiliului judeţean,IX,,,1,IX C!13
presedinte autoritatea de audit,Preşedinte Autoritatea de audit,IX,,,1,IX B!28
presedinte club,Președinte club,VIII,personal contractual,82.40201007.01.2,1,VIII CII B!15
presedinte consiliu,Preşedinte consiliu,IX,,,1,IX B!20
presedinte de sectie,Preşedinte de secţie,IX,,,1,IX B!21
presedinte federatie,președinte federație,VIII,personal contractual,82.40201005.07.2,1,VIII CII B!13
presedintele romaniei,Preşedintele României,IX,,,1,IX A!10
presedintele senatului si presedintele camerei deputatilor,Preşedintele Senatului şi Preşedintele Camerei Deputaţilor,IX,,,1,IX A!12
presedintii comisiilor permanente ale senatului si camerei deputatilor,Preşedinţii comisiilor permanente ale Senatului şi Camerei Deputaţilor,IX,,,1,IX A!16
prim adjunctul directorului serviciului roman de informatii,prim-adjunctul directorului Serviciului Român de Informaţii,VI,,,1,VI_Armata!10
prim adjunctul si adjunctii directorului serviciului de telecomunicatii speciale,Prim-adjunctul şi adjuncţii directorului Serviciului de Telecomunicaţii Speciale,VI,,,1,VI_Armata!12
prim adjunctul si adjunctul directorului serviciului de protectie si paza,prim-adjunctul şi adjunctul directorului Serviciului de Protecţie şi Pază,VI,,,1,VI_Armata!12
prim grefier,Prim- grefier,V,,52.00101001.05.1|52.00101005.05.1,2,V CII!8|V CII!10
prim ministru,Prim-ministru,IX,,,1,IX B!9
primar al sectoarelor mun bucuresti,Primar al sectoarelor mun. București,IX,,,1,IX C!16
primar general al capitalei,Primar general al Capitalei,IX,,,1,IX C!11
primar municipiu resedinta de judet,Primar municipiu resedinta de judet,IX,,,1,IX C!15
primar unitati administrativ teritoriale cu 10 001 pana la 50 000 locuitori,Primar unităţi administrativ-teritoriale cu 10.001 pana la 50.000 locuitori,IX,,,1,IX C!18
primar unitati administrativ teritoriale cu 50 001 pana la 200 000 locuitori,Primar unităţi administrativ-teritoriale cu 50.001 pana la 200.000 locuitori,IX,,,1,IX C!17
primar unitati administrativ teritoriale pana la 10 000 locuitori,Primar unităţi administrativ-teritoriale pana la 10.000 locuitori,IX,,,1,IX C!19
primul adjunct al directorului serviciului de informatii externe,primul adjunct al directorului Serviciului de Informaţii Externe,VI,,,1,VI_Armata!10
principal,principal *,II,,21.00303022.04.1,1,II CI 3!36
principal 1,principal 1*),II,,21.00303025.03.1,1,II CI 3!39
procuror cu grad de curte de apel,Procuror cu grad de curte de apel,V,,51.00201002.01.1|51.00201002.01.2|51.00201002.01.3|51.00201002.01.4,4,V CI A+B!34|V CI A+B!35|V CI A+B!36|V CI A+B!37
procuror cu grad de judecatorie,Procuror cu grad de judecătorie,V,,51.00201004.01.1|51.00201004.01.2|51.00201004.01.3|51.00201004.01.4|51.00201004.01.5|51.00201004.01.6,6,V CI A+B!42|V CI A+B!43|V CI A+B!44|V CI A+B!45|V CI A+B!46|V CI A+B!47
procuror cu grad de tribunal procuror militar la tribunalul militar,"Procuror cu grad de tribunal, procuror militar la tribunalul militar",V,,51.00201003.02.1|51.00201003.02.2|51.00201003.02.3|51.00201003.02.4,4,V CI A+B!38|V CI A+B!39|V CI A+B!40|V CI A+B!41
procuror cu grad profesional corespunzator piccj procurordin cadrul directiei nationale anticoruptie si directiei de investigare a infractiunilor de criminalitate organizata si terorism,"Procuror cu grad profesional corespunzător PICCJ, procurordin cadrul Direcţiei Naţionale Anticorupţie şi Direcţiei de Investigare a Infracţiunilor de Criminalitate Organizată şi Terorism",V,,51.00201001.01.1|51.00201001.01.2|51.00201001.01.3|51.00201001.01.4,4,V CI A+B!30|V CI A+B!31|V CI A+B!32|V CI A+B!33
procuror stagiar,Procuror stagiar,V,,51.00201005.01.1|51.00201005.01.2,2,V CI A+B!48|V CI A+B!49
prodecan,Prodecan,I,,11.00101005.01.2,1,I CI 1-3!11
profesor,Profesor,I,,11.00501001.01.1|11.00501001.01.2|11.00501001.01.3|11.00501001.01.4|11.00501001.01.5|11.00501001.01.6|11.00501002.01.1|11.00501002.01.2|11.00501002.01.3|11.00501002.01.4|11.00501002.01.5|11.00501002.01.6|11.00501003.01.1|11.00501003.01.2|11.00501003.01.3|11.00501003.01.4|11.00501003.01.5|11.00501003.01.6|11.00501004.01.1|11.00501005.01.1|11.00501005.01.2|11.00501005.01.3|11.00501005.01.4|11.00501005.01.5|11.00501006.01.1|11.00501006.01.2|11.00501006.01.3|11.00501006.01.4|11.00501006.01.5|11.00501006.01.6|11.00501007.01.1|11.00501007.01.2|11.00501007.01.3|11.00501007.01.4|11.00501007.01.5|11.00501007.01.6|11.00501008.01.1|11.00501021.04.1|11.00501021.04.2|11.00501021.04.3|11.00501021.04.4|11.00501021.04.5|11.00501021.04.6|11.00501021.04.7,44,I CI 4-5-6!33|I CI 4-5-6!34|I CI 4-5-6!35|I CI 4-5-6!36|I CI 4-5-6!37|I CI 4-5-6!38|I CI 4-5-6!39|I CI 4-5-6!40|I CI 4-5-6!41|I CI 4-5-6!42|I CI 4-5-6!43|I CI 4-5-6!44|I CI 4-5-6!45|I CI 4-5-6!46|I CI 4-5-6!47|I CI 4-5-6!48|I CI 4-5-6!49|I CI 4-5-6!50|I CI 4-5-6!51|I CI 4-5-6!52|I CI 4-5-6!53|I CI 4-5-6!54|I CI 4-5-6!55|I CI 4-5-6!56|I CI 4-5-6!57|I CI 4-5-6!58|I CI 4-5-6!59|I CI 4-5-6!60|I CI 4-5-6!61|I CI 4-5-6!62|I CI 4-5-6!63|I CI 4-5-6!64|I CI 4-5-6!65|I CI 4-5-6!66|I CI 4-5-6!67|I CI 4-5-6!68|I CI 4-5-6!69|I CI 4-5-6!124|I CI 4-5-6!125|I CI 4-5-6!126
profesor antrenor studii superioare de lunga durata debutant,"profesor-antrenor ,studii superioare de lungă durată debutant",I,,11.00501004.01.1,1,I CI 4-5-6!51
profesor antrenor studii superioare de lunga durata grad didactic definitiv,"profesor-antrenor, studii superioare de lungă durată grad didactic definitiv",I,,11.00501003.01.1|11.00501003.01.2|11.00501003.01.3|11.00501003.01.4|11.00501003.01.5|11.00501003.01.6,6,I CI 4-5-6!45|I CI 4-5-6!46|I CI 4-5-6!47|I CI 4-5-6!48|I CI 4-5-6!49|I CI 4-5-6!50
profesor antrenor studii superioare de lunga durata grad didactic i,"profesor-antrenor, studii superioare de lungă durată grad didactic I",I,,11.00501001.01.1|11.00501001.01.2|11.00501001.01.3|11.00501001.01.4|11.00501001.01.5|11.00501001.01.6,6,I CI 4-5-6!33|I CI 4-5-6!34|I CI 4-5-6!35|I CI 4-5-6!36|I CI 4-5-6!37|I CI 4-5-6!38
profesor antrenor studii superioare de lunga durata grad didactic ii,"profesor-antrenor, studii superioare de lungă durată grad didactic II",I,,11.00501002.01.1|11.00501002.01.2|11.00501002.01.3|11.00501002.01.4|11.00501002.01.5|11.00501002.01.6,6,I CI 4-5-6!39|I CI 4-5-6!40|I CI 4-5-6!41|I CI 4-5-6!42|I CI 4-5-6!43|I CI 4-5-6!44
profesor antrenor studii superioare de scurta durata debutant,"profesor-antrenor, studii superioare de scurtă durată debutant",I,,11.00501008.01.1,1,I CI 4-5-6!69
profesor antrenor studii superioare de scurta durata grad didactic definitiv,"profesor-antrenor, studii superioare de scurtă durată grad didactic definitiv",I,,11.00501007.01.1|11.00501007.01.2|11.00501007.01.3|11.00501007.01.4|11.00501007.01.5|11.00501007.01.6,6,I CI 4-5-6!63|I CI 4-5-6!64|I CI 4-5-6!65|I CI 4-5-6!66|I CI 4-5-6!67|I CI 4-5-6!68
profesor antrenor studii superioare de scurta durata grad didactic i,"profesor-antrenor, studii superioare de scurtă durată grad didactic I",I,,11.00501005.01.1|11.00501005.01.2|11.00501005.01.3|11.00501005.01.4|11.00501005.01.5,5,I CI 4-5-6!52|I CI 4-5-6!53|I CI 4-5-6!54|I CI 4-5-6!55|I CI 4-5-6!56
profesor antrenor studii superioare de scurta durata grad didactic ii,"profesor-antrenor, studii superioare de scurtă durată grad didactic II",I,,11.00501006.01.1|11.00501006.01.2|11.00501006.01.3|11.00501006.01.4|11.00501006.01.5|11.00501006.01.6,6,I CI 4-5-6!57|I CI 4-5-6!58|I CI 4-5-6!59|I CI 4-5-6!60|I CI 4-5-6!61|I CI 4-5-6!62
profesor cfm,Profesor CFM,II,,21.00205008.04.1|21.00205009.04.1|21.00205010.04.1,3,II CI 2!64|II CI 2!65|II CI 2!66
profesor cfm interpret in limbaj mimico gestual si al limbajului specific persoanelor cu surdocecitate,"Profesor CFM, interpret în limbaj mimico gestual și al limbajului specific persoanelor cu surdocecitate",II,,21.00303031.02.1,1,II CI 3!45
profesor gradul i,Profesor gradul I,V,,54.00101001.01.1|54.00101001.01.2|54.00101001.01.3|54.00101001.01.4|54.00101001.01.5,5,V CIV!9|V CIV!10|V CIV!11|V CIV!12|V CIV!13
profesor gradul ii,Profesor gradul II,V,,54.00101002.01.1|54.00101002.01.2|54.00101002.01.3|54.00101002.01.4|54.00101002.01.5,5,V CIV!14|V CIV!15|V CIV!16|V CIV!17|V CIV!18
profesor universitar,Profesor universitar,I,,11.00401001.01.1|11.00401001.01.2|11.00401001.01.3|11.00401001.01.4|11.00401001.01.5,5,I CI 4-5-6!8|I CI 4-5-6!9|I CI 4-5-6!10|I CI 4-5-6!11|I CI 4-5-6!12
programator,programator,VIII,personal contractual,82.40208001.03.1|82.40208001.03.2|82.40208001.03.3|82.40208001.03.4,4,VIII CII B!66|VIII CII B!67|VIII CII B!68|VIII CII B!69
proiectant,Proiectant,VIII,personal contractual,82.40206001.01.1|82.40206001.01.2|82.40206001.01.3|82.40206001.01.4,4,VIII CII B!53|VIII CII B!54|VIII CII B!55|VIII CII B!56
prorector,Prorector,I,,11.00101002.01.2,1,I CI 1-3!8
psiholog practicant,Psiholog practicant,II,,21.00205013.01.1|21.00303007.01.1,2,II CI 2!69|II CI 3!21
psiholog principal,Psiholog principal,II,,21.00205011.01.1|21.00303005.01.1,2,II CI 2!67|II CI 3!19
psiholog specialist,Psiholog specialist,II,,21.00205012.01.1|21.00303006.01.1,2,II CI 2!68|II CI 3!20
psiholog stagiar,Psiholog stagiar,II,,21.00205014.01.1|21.00303008.01.1,2,II CI 2!70|II CI 3!22
radiologie,radiologie,II,,21.00201032.27.1,1,II CI 2!36
radioterapie si radiodiagnostic,radioterapie şi radiodiagnostic,II,,21.00201032.27.1,1,II CI 2!36
rector,Rector,I,,11.00101001.01.2,1,I CI 1-3!7
redactor,Redactor,IV,,,4,IV CVII!27|IV CVII!28|IV CVII!29|IV CVII!30
redactor de rubrica redactor lector publicist comentator tehnoredactor corespondent in strainatate,"Redactor de rubrică, redactor, lector, publicist comentator, tehnoredactor, corespondent în străinătate",III,,34.00201001.06.1|34.00201001.06.2|34.00201001.06.3|34.00201001.06.4,4,III CIV!12|III CIV!13|III CIV!14|III CIV!15
redactor secretar de redactie,"Redactor, secretar de redacţie",III,,34.00201003.02.1|34.00201003.02.2|34.00201003.02.3|34.00201003.02.4,4,III CIV!20|III CIV!21|III CIV!22|III CIV!23
redactor secretar tehnic de redactie documentarist traducator caricaturist desenator artistic corector tehnoredactor,"Redactor, secretar (tehnic) de redacţie, documentarist, traducător, caricaturist, desenator artistic, corector, tehnoredactor",III,,34.00201004.08.1|34.00201004.08.2|34.00201004.08.3|34.00201004.08.4,4,III CIV!24|III CIV!25|III CIV!26|III CIV!27
redactor sef,redactor șef,VIII,personal contractual,82.40201004.05.2,1,VIII CII B!12
redactor sef adjunct,Redactor-şef adjunct,III|VIII,personal contractual,34.00101002.01.2|82.40201005.07.2,2,III CIV!10|VIII CII B!13
referent,Referent,III|IV|V|VIII,funcționar public|personal contractual,35.00201001.01.1|35.00201001.01.2|35.00201001.01.3|35.00201002.01.1|35.00201002.01.2|35.00201002.01.3|35.00201003.01.1|35.00201003.01.2|35.00201003.01.3|35.00201004.01.1|35.00201004.01.2|35.00201004.01.3|56.00201013.02.1|56.00201014.02.1|56.00201015.02.1|56.00201016.02.1|81.10104004.01.1|81.10104004.01.2|81.10104004.01.3|81.10104004.01.4|81.10105005.03.1|81.10105006.03.1|81.10105007.03.1|81.20108004.01.1|81.20108004.01.2|81.20108004.01.3|81.20108004.01.4|81.30111004.01.1|81.30111004.01.2|81.30111004.01.3|81.30111004.01.4|82.40108013.01.1|82.40108013.01.2|82.40108013.01.3|82.40108013.01.4|82.40202004.05.1|82.40202004.05.2|82.40202004.05.3|82.40202004.05.4|82.40202006.04.1|82.40202006.04.2|82.40202006.04.3|82.40202006.04.4|82.40402003.02.1|82.40402003.02.2|82.40402003.02.3|82.40402003.02.4|82.50126004.09.1|82.50126004.09.2|82.50126004.09.3|82.50126004.09.4|82.50126005.03.1|82.50126005.03.2|82.50126005.03.3|82.50126005.03.4|82.60128004.09.1|82.60128004.09.2|82.60128004.09.3|82.60128004.09.4|82.60128005.04.1|82.60128005.04.2|82.60128005.04.3|82.60128005.04.4,119,III CV!14|III CV!15|III CV!16|III CV!17|III CV!18|III CV!19|III CV!20|III CV!21|III CV!22|III CV!23|III CV!24|III CV!25|III CV!34|III CV!35|III CV!36|III CV!37|III CV!38|III CV!39|III CV!40|III CV!41|III CV!42|III CV!43|III CV!44|III CV!45|IV CVII!31|IV CVII!32|IV CVII!33|IV CVII!34|IV CVII!39|IV CVII!40|IV CVII!41|IV CVII!42|V CVInef!24|V CVInef!25|V CVInef!26|V CVInef!27|VIII_CI_A_1!37|VIII_CI_A_1!38|VIII_CI_A_1!39|VIII_CI_A_1!40
referent asistent,Referent asistent,V,,56.00201017.01.1|56.00201018.01.1|56.00201019.01.1|56.00201020.01.1,4,V CVInef!28|V CVInef!29|V CVInef!30|V CVInef!31
referent casier,referent casier,VIII,personal contractual,82.60128005.04.1|82.60128005.04.2|82.60128005.04.3|82.60128005.04.4,16,VIII CII A 3_local1!31|VIII CII A 3_local1!32|VIII CII A 3_local1!33|VIII CII A 3_local1!34|VIII CII A 3_local2!31|VIII CII A 3_local2!32|VIII CII A 3_local2!33|VIII CII A 3_local2!34|VIII CII A 3_local3!32|VIII CII A 3_local3!33|VIII CII A 3_local3!34|VIII CII A 3_local3!35|VIII CII A 3_local4!33|VIII CII A 3_local4!34|VIII CII A 3_local4!35|VIII CII A 3_local4!36
referent casier ia,referent casier IA,VIII,personal contractual,82.50126005.03.1|82.50126005.03.2|82.50126005.03.3|82.50126005.03.4,4,VIII CII A 2!33|VIII CII A 2!34|VIII CII A 2!35|VIII CII A 2!36
referent de securitate a informatiilor,Referent de securitate a informaţiilor,VIII,personal contractual,82.40123002.01.1|82.40123003.01.1,2,VIII CII A 1!219|VIII CII A 1!220
referent de specialitate,Referent de specialitate,VIII,funcționar public|personal contractual,81.10104003.01.1|81.10104003.01.2|81.10104003.01.3|81.10104003.01.4|81.20108003.01.1|81.20108003.01.2|81.20108003.01.3|81.20108003.01.4|81.20109004.01.1|81.20109004.01.2|81.20109004.01.3|81.20109004.01.4|81.30111003.01.1|81.30111003.01.2|81.30111003.01.3|81.30111003.01.4|82.40202002.04.1|82.40202002.04.2|82.40202002.04.3|82.40202002.04.4|82.50126002.07.1|82.50126002.07.2|82.50126002.07.3|82.50126002.07.4|82.60128002.07.1|82.60128002.07.2|82.60128002.07.3|82.60128002.07.4,52,VIII_CI_A_1!33|VIII_CI_A_1!34|VIII_CI_A_1!35|VIII_CI_A_1!36|VIII_CI_A_2!24|VIII_CI_A_2!25|VIII_CI_A_2!26|VIII_CI_A_2!27|VIII_CI_A_2!45|VIII_CI_A_2!46|VIII_CI_A_2!47|VIII_CI_A_2!48|VIII CI A 3 (local1)!32|VIII CI A 3 (local1)!33|VIII CI A 3 (local1)!34|VIII CI A 3 (local1)!35|VIII CI A 3 (local2)!31|VIII CI A 3 (local2)!32|VIII CI A 3 (local2)!33|VIII CI A 3 (local2)!34|VIII CI A 3 (local3)!31|VIII CI A 3 (local3)!32|VIII CI A 3 (local3)!33|VIII CI A 3 (local3)!34|VIII CI A 3 (local4)!31|VIII CI A 3 (local4)!32|VIII CI A 3 (local4)!33|VIII CI A 3 (local4)!34|VIII CII A 2!21|VIII CII A 2!22|VIII CII A 2!23|VIII CII A 2!24|VIII CII A 3_local1!19|VIII CII A 3_local1!20|VIII CII A 3_local1!21|VIII CII A 3_local1!22|VIII CII A 3_local2!19|VIII CII A 3_local2!20|VIII CII A 3_local2!21|VIII CII A 3_local2!22
referent de specialitate inspector casier,"referent de specialitate, inspector casier",VIII,personal contractual,82.40102002.07.1|82.40102002.07.2|82.40102002.07.3|82.40102002.07.4,4,VIII CII A 1!25|VIII CII A 1!26|VIII CII A 1!27|VIII CII A 1!28
referent inspector referent casier,"Referent, inspector, referent casier",VIII,personal contractual,82.40102005.03.1|82.40102005.03.2|82.40102005.03.3|82.40102005.03.4,4,VIII CII A 1!37|VIII CII A 1!38|VIII CII A 1!39|VIII CII A 1!40
referent relatii referent comunicatii referent protectie curier diplomatic i,"Referent relaţii, referent comunicaţii, referent protecţie, curier diplomatic I",IV,,42.00200005.04.1|42.00200007.04.1,2,IV CI + CII!30|IV CI + CII!32
referent relatii referent comunicatii referent protectie curier diplomatic i referent cabinet,"Referent relaţii, referent comunicaţii, referent protecţie,curier diplomatic I, referent cabinet",IV,,42.00200004.05.1|42.00200006.05.1,2,IV CI + CII!29|IV CI + CII!31
referent relatii referent comunicatii referent protectie curier diplomatic ii,"Referent relaţii, referent comunicaţii, referent protecţie, curier diplomatic II",IV,,42.00200008.04.1|42.00200009.04.1|42.00200010.04.1|42.00200011.04.1,4,IV CI + CII!33|IV CI + CII!34|IV CI + CII!35|IV CI + CII!36
referent specialist,Referent specialist,V,,56.00201009.01.1|56.00201010.01.1|56.00201011.01.1|56.00201012.01.1,4,V CVInef!20|V CVInef!21|V CVInef!22|V CVInef!23
referent sportiv,Referent sportiv,VIII,personal contractual,82.40403002.01.1|82.40403002.01.2|82.40403002.01.3,3,VIII CII D!26|VIII CII D!27|VIII CII D!28
referent transmitere,Referent transmitere,VIII,personal contractual,82.40104005.01.1|82.40104005.01.2|82.40104005.01.3|82.40104005.01.4,4,VIII CII A 1!57|VIII CII A 1!58|VIII CII A 1!59|VIII CII A 1!60
registrator coordonator,Registrator coordonator,VIII,personal contractual,,1,VIII CII A 1!84
registrator de carte funciara,Registrator de carte funciară,VIII,personal contractual,82.40108005.01.1|82.40108005.01.2|82.40108005.01.3,3,VIII CII A 1!96|VIII CII A 1!97|VIII CII A 1!98
registrator de registru comertului,Registrator de registru comerțului,V,,,2,V CVInef!14|V CVInef!15
registrator medical,registrator medical,II,,21.00201050.02.1|21.00201051.02.1|21.00201052.02.1,3,II CI 2!54|II CI 2!55|II CI 2!56
registrator sef,Registrator șef,VIII,personal contractual,82.40107006.01.2,1,VIII CII A 1!83
restaurator,restaurator,I,,11.00601001.02.1|11.00601001.02.2|11.00601001.02.3|11.00601001.02.4|11.00601007.02.1|11.00601007.02.2|11.00601007.02.3|11.00601007.02.4|11.00601013.02.1|11.00601013.02.2|11.00601013.02.3|11.00601013.02.4,12,I CI 4-5-6!148|I CI 4-5-6!149|I CI 4-5-6!150|I CI 4-5-6!151|I CI 4-5-6!180|I CI 4-5-6!181|I CI 4-5-6!182|I CI 4-5-6!183|I CI 4-5-6!208|I CI 4-5-6!209|I CI 4-5-6!210|I CI 4-5-6!211
restaurator conservator trezorier redactor tehnoredactor gestionar custode taxidermist desenator artistic fotograf operator video topograf documentarist grafician,"Restaurator, conservator, trezorier, redactor, tehnoredactor, gestionar custode, taxidermist, desenator artistic, fotograf, operator video, topograf, documentarist, grafician",III,,33.00201007.13.1|33.00201007.13.2|33.00201007.13.3|33.00201007.13.4|33.00202007.13.1|33.00202007.13.2|33.00202007.13.3|33.00202007.13.4,8,III CIII!29|III CIII!30|III CIII!31|III CIII!32|III CIII!59|III CIII!60|III CIII!61|III CIII!62
revizor contabil,revizor contabil,VIII,personal contractual,82.50126002.07.1|82.50126002.07.2|82.50126002.07.3|82.50126002.07.4|82.60128002.07.1|82.60128002.07.2|82.60128002.07.3|82.60128002.07.4,20,VIII CII A 2!21|VIII CII A 2!22|VIII CII A 2!23|VIII CII A 2!24|VIII CII A 3_local1!19|VIII CII A 3_local1!20|VIII CII A 3_local1!21|VIII CII A 3_local1!22|VIII CII A 3_local2!19|VIII CII A 3_local2!20|VIII CII A 3_local2!21|VIII CII A 3_local2!22|VIII CII A 3_local3!20|VIII CII A 3_local3!21|VIII CII A 3_local3!22|VIII CII A 3_local3!23|VIII CII A 3_local4!21|VIII CII A 3_local4!22|VIII CII A 3_local4!23|VIII CII A 3_local4!24
salvare si prim ajutor,salvare şi prim ajutor,VIII,personal contractual,82.60130003.02.1,4,VIII CII A 3_local1!71|VIII CII A 3_local2!71|VIII CII A 3_local3!72|VIII CII A 3_local4!73
salvator montan,Salvator montan,VIII,personal contractual,82.60129001.01.1|82.60129001.01.2|82.60129001.01.3,12,VIII CII A 3_local1!65|VIII CII A 3_local1!66|VIII CII A 3_local1!67|VIII CII A 3_local2!65|VIII CII A 3_local2!66|VIII CII A 3_local2!67|VIII CII A 3_local3!66|VIII CII A 3_local3!67|VIII CII A 3_local3!68|VIII CII A 3_local4!67|VIII CII A 3_local4!68|VIII CII A 3_local4!69
scafandru autonom,Scafandru autonom,VIII,personal contractual,,1,VIII CII E!42
scafandru debutant,Scafandru debutant,VIII,personal contractual,,1,VIII CII E!44
scafandru greu,Scafandru greu,VIII,personal contractual,,1,VIII CII E!43
scafandru salvator,Scafandru salvator,VIII,personal contractual,,1,VIII CII E!41
scenografie secretar platou,"scenografie, secretar platou",III,,31.00201006.05.1|31.00201006.05.2|31.00201006.05.3|31.00201006.05.4|31.00202006.05.1|31.00202006.05.2|31.00202006.05.3|31.00202006.05.4,8,III CI !38|III CI !39|III CI !40|III CI !41|III CI !93|III CI !94|III CI !95|III CI !96
secretar,Secretar,VIII,personal contractual,82.40302002.01.1|82.40302002.01.2|82.60128008.01.1|82.60128008.01.2,10,VIII CII A 3_local1!41|VIII CII A 3_local1!42|VIII CII A 3_local2!41|VIII CII A 3_local2!42|VIII CII A 3_local3!42|VIII CII A 3_local3!43|VIII CII A 3_local4!43|VIII CII A 3_local4!44|VIII CII C!15|VIII CII C!16
secretar al consiliului,Secretar al Consiliului,IX,,,1,IX B!52
secretar cabinet secretar dactilograf curier personal,"Secretar cabinet, secretar dactilograf, curier personal",VIII,personal contractual,82.40112009.03.1,1,VIII CII A 1!155
secretar dactilograf,secretar-dactilograf,VIII,personal contractual,82.40302001.03.1|82.40302001.03.2|82.40302001.03.3|82.60128007.03.1|82.60128007.03.2|82.60128007.03.3,15,VIII CII A 3_local1!38|VIII CII A 3_local1!39|VIII CII A 3_local1!40|VIII CII A 3_local2!38|VIII CII A 3_local2!39|VIII CII A 3_local2!40|VIII CII A 3_local3!39|VIII CII A 3_local3!40|VIII CII A 3_local3!41|VIII CII A 3_local4!40|VIII CII A 3_local4!41|VIII CII A 3_local4!42|VIII CII C!12|VIII CII C!13|VIII CII C!14
secretar dactilograf laborator expertize criminalistice,Secretar – dactilograf laborator expertize criminalistice,V,,55.00101011.01.1|55.00101011.01.2|55.00101011.01.3|55.00101011.01.4|55.00101011.01.5,5,V CV!39|V CV!40|V CV!41|V CV!42|V CV!43
secretar dactilograf laborator expertize criminalistice debutant,Secretar – dactilograf laborator expertize criminalistice debutant,V,,55.00101012.01.1,1,V CV!44
secretar de stat,Secretar de stat,IX,,,1,IX B!13
secretar de stat sef al departamentului ordine si siguranta publica,secretar de stat - şef al Departamentului Ordine şi Siguranţă Publică,VI,,,1,VI_Armata!10
secretar economic,Secretar economic,VIII,personal contractual,82.40104003.01.1|82.40104003.01.2|82.40104003.01.3,3,VIII CII A 1!53|VIII CII A 1!54|VIII CII A 1!55
secretar federatie,Secretar federaţie,VIII,personal contractual,82.40401001.04.1|82.40401001.04.2|82.40401001.04.3|82.40401001.04.4|82.40401001.04.5,5,VIII CII D!9|VIII CII D!10|VIII CII D!11|VIII CII D!12|VIII CII D!13
secretar general,Secretar general,IV|IX|VII|VIII,funcționar public|personal contractual,81.10101001.01.2|81.30110001.01.2|82.40101001.01.2|82.40120001.01.1,10,IV CVII!10|VII CI !44|VIII_CI_A_1!9|VIII CI A 3 (local1)!10|VIII CI A 3 (local2)!9|VIII CI A 3 (local3)!9|VIII CI A 3 (local4)!9|VIII CII A 1!10|VIII CII A 1!199|IX B!18
secretar general adjunct,Secretar general adjunct,IV|VIII,funcționar public|personal contractual,81.10101002.02.2|82.40101002.01.2,3,IV CVII!11|VIII_CI_A_1!10|VIII CII A 1!11
secretar general adjunct al guvernului,Secretar general adjunct al Guvernului,IX,,,1,IX B!36
secretar general adjunct cu rang de ministru plenipotentiar,Secretar general adjunct cu rang de ministru plenipotenţiar,IV,,41.00100002.01.2,1,IV CI + CII!9
secretar general al guvernului,Secretar general al Guvernului,IX,,,1,IX B!35
secretar general cu rang de ambasador,Secretar general cu rang de ambasador,IV,,41.00100001.01.2,1,IV CI + CII!8
secretar general federatie,secretar general federație,VIII,personal contractual,82.40201006.10.2,1,VIII CII B!14
secretar gradul i,Secretar gradul I,V,,54.00101004.01.1|54.00101004.01.2|54.00101004.01.3|54.00101004.01.4|54.00101004.01.5,5,V CIV!24|V CIV!25|V CIV!26|V CIV!27|V CIV!28
secretar i consul,"Secretar I, consul",IV,,42.00100005.02.1,1,IV CI + CII!21
secretar ii viceconsul,"Secretar II, viceconsul",IV,,42.00100006.02.1,1,IV CI + CII!22
secretar iii,Secretar III,IV,,42.00100007.01.1,1,IV CI + CII!23
secretar institutie,Secretar institutie,I,,11.00601003.01.1|11.00601003.01.2|11.00601003.01.3|11.00601003.01.4|11.00601009.01.1|11.00601009.01.2|11.00601009.01.3|11.00601009.01.4|11.00601015.01.1|11.00601015.01.2|11.00601015.01.3|11.00601015.01.4,12,I CI 4-5-6!156|I CI 4-5-6!157|I CI 4-5-6!158|I CI 4-5-6!159|I CI 4-5-6!188|I CI 4-5-6!189|I CI 4-5-6!190|I CI 4-5-6!191|I CI 4-5-6!216|I CI 4-5-6!217|I CI 4-5-6!218|I CI 4-5-6!219
secretar sculptor papusi artist plastic grafician sef orchestra,"Secretar , sculptor păpuși, artist plastic, grafician, șef orchestră",III,,31.00201004.05.1|31.00201004.05.2|31.00201004.05.3|31.00201004.05.4|31.00202004.05.1|31.00202004.05.2|31.00202004.05.3|31.00202004.05.4,8,III CI !30|III CI !31|III CI !32|III CI !33|III CI !85|III CI !86|III CI !87|III CI !88
secretar sef facultate,Secretar-şef facultate,I,,11.00301004.01.2,1,I CI 1-3!26
secretar sef unitate de invatamant nivel maxim,Secretar- şef unitate de învăţământ - nivel maxim,I,,11.00302002.01.2,1,I CI 1-3!32
secretar sef universitate,Secretar-şef universitate,I,,11.00301003.01.2,1,I CI 1-3!25
secretar stiintific centru de cercetare,Secretar ştiinţific centru de cercetare,I,,12.00101008.02.2,1,I CII!17
secretar stiintific institut de cercetare,Secretar ştiinţific institut de cercetare,I,,12.00101006.02.2,1,I CII!15
secretar stiintific sectie asas,secretar științific secție ASAS,I,,12.00101006.02.2,1,I CII!15
secretar stiintific statiune de cercetare,secretar științific stațiune de cercetare,I,,12.00101008.02.2,1,I CII!17
secretar superior,secretar superior,VIII,personal contractual,82.50126004.09.1|82.50126004.09.2|82.50126004.09.3|82.50126004.09.4|82.60128004.09.1|82.60128004.09.2|82.60128004.09.3|82.60128004.09.4,20,VIII CII A 2!29|VIII CII A 2!30|VIII CII A 2!31|VIII CII A 2!32|VIII CII A 3_local1!27|VIII CII A 3_local1!28|VIII CII A 3_local1!29|VIII CII A 3_local1!30|VIII CII A 3_local2!27|VIII CII A 3_local2!28|VIII CII A 3_local2!29|VIII CII A 3_local2!30|VIII CII A 3_local3!28|VIII CII A 3_local3!29|VIII CII A 3_local3!30|VIII CII A 3_local3!31|VIII CII A 3_local4!29|VIII CII A 3_local4!30|VIII CII A 3_local4!31|VIII CII A 3_local4!32
secretarii comisiilor permanente ale senatului si camerei deputatilor,Secretarii comisiilor permanente ale Senatului şi Camerei Deputaţilor,IX,,,1,IX A!18
secretarii si chestorii senatului si ai camerei deputatilor,Secretarii şi Chestorii Senatului şi ai Camerei Deputaţilor,IX,,,1,IX A!14
sectie sportiva,secție sportivă,VIII,personal contractual,82.40201008.03.2,1,VIII CII B!16
sef administratie,şef administraţie,VIII,funcționar public,81.30110005.05.2,4,VIII CI A 3 (local1)!14|VIII CI A 3 (local2)!13|VIII CI A 3 (local3)!13|VIII CI A 3 (local4)!13
sef administratie adjunct,şef administraţie adjunct,VIII,funcționar public,81.30110006.08.2,4,VIII CI A 3 (local1)!15|VIII CI A 3 (local2)!14|VIII CI A 3 (local3)!14|VIII CI A 3 (local4)!14
sef administratie financiara,şef administraţie financiară,VIII,funcționar public,81.10103003.09.2,1,VIII_CI_A_1!17
sef administratie financiara adjunct,şef administraţie financiară adjunct,VIII,funcționar public,81.10103004.12.2,1,VIII_CI_A_1!18
sef agentie publicitate administrator publicatii editura reporter fotoreporter corespondent local secretar tehnic de redactie documentarist traducator caricaturist desenator artistic corector,"Şef agenţie publicitate, administrator (publicaţii, editură), reporter (fotoreporter, corespondent local), secretar (tehnic) de redacţie, documentarist, traducător, caricaturist, desenator artistic, corector",III,,34.00201002.09.1|34.00201002.09.2|34.00201002.09.3|34.00201002.09.4,4,III CIV!16|III CIV!17|III CIV!18|III CIV!19
sef atelier,Șef atelier,III|VII|VIII,personal contractual,31.00101008.01.2|31.00102009.01.2|32.00101008.01.2|32.00102008.01.2|33.00101008.01.2|33.00102008.01.2|35.00101005.01.2|82.40201006.10.2|82.50125006.04.2|82.60127006.04.2,16,III CI !15|III CI !71|III CII!16|III CII!46|III CIII!14|III CIII!44|III CV!12|III CV!32|VII CI !16|VII CI !31|VIII CII A 2!16|VIII CII A 3_local1!14|VIII CII A 3_local2!14|VIII CII A 3_local3!15|VIII CII A 3_local4!16|VIII CII B!14
sef atelier scoala,Şef atelier-şcoală,I,,11.00601019.03.1|11.00601019.03.2|11.00601019.03.3|11.00601019.03.4,4,I CI 4-5-6!228|I CI 4-5-6!229|I CI 4-5-6!230|I CI 4-5-6!231
sef baza experimentala,șef bază experimentală,VIII,personal contractual,82.40201006.10.2,1,VIII CII B!14
sef baza sportiva,șef bază sportivă,VIII,personal contractual,82.40201008.03.2,1,VIII CII B!16
sef birou,Şef birou,VIII,funcționar public|personal contractual,81.10103006.02.2|82.40201006.10.2,2,VIII_CI_A_1!20|VIII CII B!14
sef birou demonstratii aeriene,Şef birou demonstraţii aeriene,VIII,personal contractual,,1,VIII CII F!29
sef birou managementul calitatii,Şef birou managementul calităţii,VIII,personal contractual,,1,VIII CII F!27
sef birou piloti aeronave,Șef birou piloți aeronave,VIII,personal contractual,,1,VIII CII F!14
sef birou pregatire personal navigant,Șef birou pregătire personal navigant,VIII,personal contractual,,1,VIII CII F!29
sef birou proiecte si componente aeronautice,Şef birou proiecte şi componente aeronautice,VIII,personal contractual,,1,VIII CII F!21
sef birou securitate aeronautica,Şef birou securitate aeronautică,VIII,personal contractual,,1,VIII CII F!28
sef birou sef atelier sef laborator sef oficiu secretar general federatie,"Şef birou, șef atelier, șef laborator, șef oficiu, secretar general federație",VIII,personal contractual,82.40101009.05.2,1,VIII CII A 1!18
sef birou sef laborator sef oficiu sef atelier,"Şef birou, şef laborator, şef oficiu, șef atelier",III,,32.00101007.04.2|32.00102007.04.2|33.00101007.04.2|33.00102007.04.2,5,III CII!15|III CII!45|III CIII!13|III CIII!43|III CV!31
sef birou siguranta aeronautica,Şef birou siguranţă aeronautică,VIII,personal contractual,,1,VIII CII F!28
sef birou tehnic tehnologic,Şef birou tehnic tehnologic,VIII,personal contractual,,1,VIII CII F!21
sef birou vamal,şef birou vamal,VIII,funcționar public,81.10103004.12.2,1,VIII_CI_A_1!18
sef cabinet,Şef cabinet,VIII,funcționar public|personal contractual,81.10105004.01.1|81.10105005.03.1|81.10105006.03.1|81.10105007.03.1|82.40112005.01.1,5,VIII_CI_A_1!45|VIII_CI_A_1!46|VIII_CI_A_1!47|VIII_CI_A_1!48|VIII CII A 1!151
sef cabinet stenodactilograf referent,"Şef cabinet, stenodactilograf, referent",VIII,personal contractual,82.40112006.03.1|82.40112007.03.1|82.40112008.03.1,3,VIII CII A 1!152|VIII CII A 1!153|VIII CII A 1!154
sef centru,Şef centru,II|VIII,personal contractual,21.00302001.01.2|82.40201005.07.2,2,II CI 3!11|VIII CII B!13
sef compartiment,Șef compartiment,VII|VIII,funcționar public|personal contractual,81.10103003.09.2|81.20107003.06.2|81.30110005.05.2|82.40118004.01.1|82.50125003.04.2|82.60127003.04.2,13,VII CI !51|VIII_CI_A_1!17|VIII_CI_A_2!12|VIII CI A 3 (local1)!14|VIII CI A 3 (local2)!13|VIII CI A 3 (local3)!13|VIII CI A 3 (local4)!13|VIII CII A 1!189|VIII CII A 2!13|VIII CII A 3_local1!11|VIII CII A 3_local2!11|VIII CII A 3_local3!12|VIII CII A 3_local4!13
sef compartiment cercetare,Șef compartiment cercetare,I,,12.00101009.01.2,1,I CII!18
sef compartiment pentru prevenire,Şef compartiment pentru prevenire,VIII,personal contractual,82.60130002.01.1,4,VIII CII A 3_local1!70|VIII CII A 3_local2!70|VIII CII A 3_local3!71|VIII CII A 3_local4!72
sef complex sportiv,șef complex sportiv,VIII,personal contractual,82.40201008.03.2,1,VIII CII B!16
sef corp control comercial i,șef corp control comercial I,VIII,personal contractual,82.40201005.07.2,1,VIII CII B!13
sef corp control comercial ii,șef corp control comercial II,VIII,personal contractual,82.40201006.10.2,1,VIII CII B!14
sef de cabinet,Șef de cabinet,VII,,,1,VII CI !50
sef departament,Șef departament,VIII,funcționar public|personal contractual,81.10101003.01.2|82.40101003.01.2|82.40122001.01.2,3,VIII_CI_A_1!13|VIII CII A 1!12|VIII CII A 1!212
sef departament secretar al consiliului suprem de aparare a tarii,șef departament - secretar al Consiliului Suprem de Apărare a Țării,VI,,,1,VI_Armata!10
sef depozit,Șef depozit,VIII,personal contractual,82.40302004.01.1|82.40302004.01.2|82.60128010.01.1|82.60128010.01.2,10,VIII CII A 3_local1!45|VIII CII A 3_local1!46|VIII CII A 3_local2!45|VIII CII A 3_local2!46|VIII CII A 3_local3!46|VIII CII A 3_local3!47|VIII CII A 3_local4!47|VIII CII A 3_local4!48|VIII CII C!19|VIII CII C!20
sef echipa specializata,Şef echipă specializată,VIII,personal contractual,82.60130007.01.1,4,VIII CII A 3_local1!75|VIII CII A 3_local2!75|VIII CII A 3_local3!76|VIII CII A 3_local4!77
sef echipaj,Şef echipaj,VIII,personal contractual,,1,VIII CII E!36
sef electrician,şef electrician,VIII,personal contractual,,1,VIII CII E!19
sef ferma,șef fermă,VIII,personal contractual,82.40201006.10.2,1,VIII CII B!14
sef filiala,șef filială,VII|VIII,personal contractual,82.40201005.07.2,3,VII CI !15|VII CI !30|VIII CII B!13
sef formatie de lucru,șef formație de lucru,VII,,,1,VII CI !16
sef formatie interventie,Şef formaţie intervenţie,VIII,personal contractual,82.60130003.02.1,4,VIII CII A 3_local1!71|VIII CII A 3_local2!71|VIII CII A 3_local3!72|VIII CII A 3_local4!73
sef formatie muncitori,Şef formaţie muncitori,III|VIII,personal contractual,31.00101009.01.2|31.00102008.01.2|32.00101009.01.2|32.00102009.01.2|33.00101009.01.2|33.00102009.01.2|82.40301001.01.2,7,III CI !16|III CI !70|III CII!17|III CII!47|III CIII!15|III CIII!45|VIII CII C!10
sef formatie paza,Șef formație paza,VIII,personal contractual,82.40302006.02.1|82.60128012.02.1,5,VIII CII A 3_local1!49|VIII CII A 3_local2!49|VIII CII A 3_local3!50|VIII CII A 3_local4!51|VIII CII C!23
sef grup scafandri,Şef grup scafandri,VIII,personal contractual,,1,VIII CII E!8
sef grupa interventie,Şef grupă intervenţie,VIII,personal contractual,82.60130006.01.1,4,VIII CII A 3_local1!74|VIII CII A 3_local2!74|VIII CII A 3_local3!75|VIII CII A 3_local4!76
sef laborator,șef laborator,VIII,personal contractual,82.40201006.10.2|82.50125006.04.2|82.60127006.04.2,6,VIII CII A 2!16|VIII CII A 3_local1!14|VIII CII A 3_local2!14|VIII CII A 3_local3!15|VIII CII A 3_local4!16|VIII CII B!14
sef laborator interjudetean expertize criminalistice sef sector,"Şef laborator interjudeţean expertize criminalistice, şef sector",V,,55.00101003.02.1,1,V CV!10
sef laborator sef oficiu sef atelier,"Şef laborator, şef oficiu, șef atelier",III,,31.00101007.04.2|31.00102007.04.2|35.00101004.04.2,3,III CI !14|III CI !69|III CV!11
sef lucrari,Şef lucrări,I,,11.00401003.01.1|11.00401003.01.2|11.00401003.01.3|11.00401003.01.4|11.00401003.01.5|11.00401003.01.6,6,I CI 4-5-6!19|I CI 4-5-6!20|I CI 4-5-6!21|I CI 4-5-6!22|I CI 4-5-6!23|I CI 4-5-6!24
sef mecanic,Şef mecanic,VIII,personal contractual,,1,VIII CII E!14
sef mecanic fluvial,Şef mecanic fluvial,VIII,personal contractual,,1,VIII CII E!30
sef mecanic instructor,Şef mecanic instructor,VIII,personal contractual,,1,VIII CII E!11
sef mecanic maritim portuar,șef mecanic maritim-portuar,VIII,personal contractual,,1,VIII CII E!26
sef mecanic sub 3000 kw,Şef mecanic sub 3000 KW,VIII,personal contractual,,1,VIII CII E!17
sef oficiu,șef oficiu,VII|VIII,funcționar public|personal contractual,81.10103006.02.2|81.20107006.02.2|81.30110008.03.2|82.40201006.10.2|82.50125006.04.2|82.60127006.04.2,14,VII CI !16|VII CI !31|VIII_CI_A_1!20|VIII_CI_A_2!15|VIII CI A 3 (local1)!17|VIII CI A 3 (local2)!16|VIII CI A 3 (local3)!16|VIII CI A 3 (local4)!16|VIII CII A 2!16|VIII CII A 3_local1!14|VIII CII A 3_local2!14|VIII CII A 3_local3!15|VIII CII A 3_local4!16|VIII CII B!14
sef oficiu regional de audit,Şef oficiu regional de audit,VIII,personal contractual,82.40114003.02.2,1,VIII CII A 1!162
sef pregatire activitati aeronautice,Șef pregatire activități aeronautice,VIII,personal contractual,,1,VIII CII F!14
sef pregatire la sol,Şef pregătire la sol,VIII,personal contractual,,1,VIII CII F!17
sef punct de lucru,șef punct de lucru,VIII,personal contractual,82.40101010.01.2,1,VIII CII A 1!19
sef sectie,Şef secţie,III|VII|VIII,funcționar public|personal contractual,31.00101005.01.2|31.00102005.01.2|32.00101005.01.2|32.00102005.01.2|33.00101005.01.2|33.00102005.01.2|81.10103005.03.2|82.40201005.07.2|82.50125005.02.2|82.60127005.02.2,15,III CI !12|III CI !67|III CII!13|III CII!43|III CIII!11|III CIII!41|VII CI !15|VII CI !30|VIII_CI_A_1!19|VIII CII A 2!15|VIII CII A 3_local1!13|VIII CII A 3_local2!13|VIII CII A 3_local3!14|VIII CII A 3_local4!15|VIII CII B!13
sef sectie intretinere si reparatii de baza,Şef secție întreținere și reparații de bază,VIII,personal contractual,,1,VIII CII F!19
sef sectie sef laborator sef serviciu medical si altele similare,"Șef secţie, şef laborator, șef serviciu medical și altele similare",II,,,1,II CI 1!32
sef sector,șef sector,VII|VIII,funcționar public|personal contractual,81.10103004.12.2|81.20107004.09.2|81.30110006.08.2|82.40201006.10.2|82.50125003.04.2|82.60127003.04.2,14,VII CI !16|VII CI !31|VIII_CI_A_1!18|VIII_CI_A_2!13|VIII CI A 3 (local1)!15|VIII CI A 3 (local2)!14|VIII CI A 3 (local3)!14|VIII CI A 3 (local4)!14|VIII CII A 2!13|VIII CII A 3_local1!11|VIII CII A 3_local2!11|VIII CII A 3_local3!12|VIII CII A 3_local4!13|VIII CII B!14
sef sector la consiliul legislativ,șef sector la Consiliul Legislativ,VIII,funcționar public,81.10103003.09.2,1,VIII_CI_A_1!17
sef sector tehnic,Şef sector tehnic,VIII,personal contractual,,1,VIII CII F!20
sef serviciu,Şef serviciu,I|III|IV|VII|VIII,funcționar public|personal contractual,11.00301005.01.2|31.00101006.01.2|31.00102006.01.2|32.00101006.01.2|32.00102006.01.2|33.00101006.01.2|33.00102006.01.2|35.00101003.01.2|81.10103005.03.2|81.20107005.02.2|81.30110007.02.2|81.30110007.04.2|82.40107006.01.2|82.40114003.02.2|82.40116004.01.1|82.40118003.01.1|82.40120006.01.1|82.40122005.01.2|82.40201005.07.2|82.50125005.02.2|82.60127005.02.2,32,I CI 1-3!27|III CI !13|III CI !68|III CII!14|III CII!44|III CIII!12|III CIII!42|III CV!10|III CV!30|IV CVII!14|VII CI !15|VII CI !30|VII CI !49|VIII_CI_A_1!19|VIII_CI_A_2!14|VIII CI A 3 (local1)!16|VIII CI A 3 (local2)!15|VIII CI A 3 (local3)!15|VIII CI A 3 (local4)!15|VIII CII A 1!83|VIII CII A 1!162|VIII CII A 1!178|VIII CII A 1!188|VIII CII A 1!204|VIII CII A 1!216|VIII CII A 2!15|VIII CII A 3_local1!13|VIII CII A 3_local2!13|VIII CII A 3_local3!14|VIII CII A 3_local4!15|VIII CII B!13|VIII CII F!25
sef serviciu aerodrom,Şef serviciu aerodrom,VIII,personal contractual,,1,VIII CII F!15
sef serviciu aeronave ultrausoare,Şef serviciu aeronave ultrauşoare,VIII,personal contractual,,1,VIII CII F!25
sef serviciu certificare personal si tehnica aeronautica,Şef serviciu certificare personal şi tehnică aeronautică,VIII,personal contractual,,1,VIII CII F!25
sef serviciu continuitatea navigabilitatii,Şef serviciu continuitatea navigabilităţii,VIII,personal contractual,,1,VIII CII F!25
sef serviciu cu rang de secretar iii,Şef serviciu cu rang de secretar III,IV,,41.00100007.01.2,1,IV CI + CII!14
sef serviciu cu rang diplomatic,Şef serviciu cu rang diplomatic,VIII,personal contractual,82.40103005.01.2,1,VIII CII A 1!49
sef serviciu de probatiune,Șef serviciu de probațiune,V,,57.00101005.01.1,1,V CVII!11
sef serviciu dispecerat zbor,Şef serviciu dispecerat zbor,VIII,personal contractual,,1,VIII CII F!26
sef serviciu in cadrul directiei nationale de probatiune,Șef Serviciu în cadrul Direcției Naționale de Probațiune,V,,57.00101003.01.1,1,V CVII!10
sef serviciu informare zboruri navigatie,Şef serviciu informare zboruri-navigaţie,VIII,personal contractual,,1,VIII CII F!26
sef serviciu intretinere aeronave,Şef serviciu întreţinere aeronave,VIII,personal contractual,,1,VIII CII F!19
sef serviciu isj,Șef serviciu - ISJ,I,,11.00302005.01.2,1,I CI 1-3!30
sef serviciu onrc,Șef serviciu ONRC,V,,56.00101005.01.2,1,V CVInef!12
sef serviciu sef sectie presedinte federatie,"Şef serviciu, șef secție, președinte federație",VIII,personal contractual,82.40101008.03.2,1,VIII CII A 1!17
sef serviciu voluntar pentru situatii de urgenta,Şef serviciu voluntar pentru situaţii de urgenţă,VIII,personal contractual,82.60130001.01.1,4,VIII CII A 3_local1!69|VIII CII A 3_local2!69|VIII CII A 3_local3!70|VIII CII A 3_local4!71
sef statie,șef stație,VIII,personal contractual,82.40201006.10.2,1,VIII CII B!14
sef timonier,Șef timonier,VIII,personal contractual,,1,VIII CII E!36
sef zbor aeroclub teritorial,Şef zbor aeroclub teritorial,VIII,personal contractual,,1,VIII CII F!17
seful cancelariei prim ministrului,Șeful Cancelariei Prim-ministrului,IX,,,1,IX B!38
seful statului major general,Şeful Statului Major General,VI,,,1,VI_Armata!10
senatori deputati,"Senatori, deputaţi",IX,,,1,IX A!19
servant pompier,Servant pompier,VIII,personal contractual,82.60130005.01.1,4,VIII CII A 3_local1!73|VIII CII A 3_local2!73|VIII CII A 3_local3!74|VIII CII A 3_local4!75
sofer,şofer,V|VIII,personal contractual,53.00101001.02.1|53.00101001.02.2|53.00101001.02.3|53.00101001.02.4|53.00101001.02.5|82.40302011.01.1|82.40302011.01.2|82.60128017.01.1|82.60128017.01.2,15,V CIII!8|V CIII!9|V CIII!10|V CIII!11|V CIII!12|VIII CII A 3_local1!56|VIII CII A 3_local1!57|VIII CII A 3_local2!56|VIII CII A 3_local2!57|VIII CII A 3_local3!57|VIII CII A 3_local3!58|VIII CII A 3_local4!58|VIII CII A 3_local4!59|VIII CII C!31|VIII CII C!32
sofer autosanitara i 6,Şofer autosanitară I *6,II,,21.00211005.01.1,1,II CI 2!84
sofer autosanitara ii 6,Şofer autosanitară II *6,II,,21.00209004.01.1,1,II CI 2!85
sofer autosanitara iii 6,Şofer autosanitară III *6,II,,21.00209005.01.1,1,II CI 2!86
soferi i ambulante veterinare autolaboratoare masini de dezinfectie masini de interventie si alte masini conducatori salupa motorist marinar,"Şoferi I - ambulanţe veterinare, autolaboratoare, maşini de dezinfecţie, maşini de intervenţie şi alte maşini, conducatori salupa, motorist, marinar",VIII,personal contractual,82.40124017.07.1,1,VIII CII A 1!240
soferi ii ambulante veterinare autolaboratoare masini de dezinfectie masini de interventie si alte masini conducatori salupa motorist marinar,"Şoferi II - ambulanţe veterinare, autolaboratoare, maşini de dezinfecţie, maşini de intervenţie şi alte maşini, conducatori salupa, motorist, marinar",VIII,personal contractual,82.40124018.07.1,1,VIII CII A 1!241
sora medicala,Soră medicală *,II,,21.00201045.01.1,1,II CI 2!49
sora medicala debutant,Soră medicală debutant *,II,,21.00201046.01.1,1,II CI 2!50
sora medicala masor,"Soră medicală, masor",II,,21.00303041.02.1|21.00303042.02.1|21.00303043.02.1,3,II CI 3!55|II CI 3!56|II CI 3!57
sora medicala principala,Soră medicală principală *,II,,21.00201044.01.1,1,II CI 2!48
specialist,specialist,II|VIII,personal contractual,21.00201023.02.1|82.40202003.02.1|82.40202003.02.2|82.40202003.02.3|82.40202003.02.4,5,II CI 2!30|VIII CII B!24|VIII CII B!25|VIII CII B!26|VIII CII B!27
specialist criminalist debutant,specialist criminalist -debutant,V,,52.00101009.07.1,1,V CII!23
specialist criminalist gradul i,specialist criminalist - gradul I,V,,52.00101007.07.1|52.00101007.07.2|52.00101007.07.3|52.00101007.07.4|52.00101007.07.5,5,V CII!13|V CII!14|V CII!15|V CII!16|V CII!17
specialist criminalist gradul ii,specialist criminalist - gradul II,V,,52.00101008.07.1|52.00101008.07.2|52.00101008.07.3|52.00101008.07.4|52.00101008.07.5,5,V CII!18|V CII!19|V CII!20|V CII!21|V CII!22
specialist gis,Specialist GIS,VIII,personal contractual,82.40108007.02.1|82.40108007.02.2|82.40108007.02.3|82.40108007.02.4,4,VIII CII A 1!103|VIII CII A 1!104|VIII CII A 1!105|VIII CII A 1!106
specialist in dezvoltare tic si managementul datelor,Specialist în dezvoltare TIC și managementul datelor,VIII,personal contractual,,4,VIII CII I!15|VIII CII I!22|VIII CII I!29|VIII CII I!36
specialist in furnizarea si suportul serviciilor tic,Specialist în furnizarea și suportul serviciilor TIC,VIII,personal contractual,,4,VIII CII I!13|VIII CII I!20|VIII CII I!27|VIII CII I!34
specialist in managementul serviciilor tic si e guvernare,Specialist în managementul serviciilor TIC și e-guvernare,VIII,personal contractual,,4,VIII CII I!14|VIII CII I!21|VIII CII I!28|VIII CII I!35
specialist it,Specialist IT,V,,56.00201001.02.1|56.00201002.02.1|56.00201003.02.1|56.00201004.02.1,4,V CVInef!16|V CVInef!17|V CVInef!18|V CVInef!19
specialist pentru prevenire,Specialist pentru prevenire,VIII,personal contractual,82.60130004.01.1,4,VIII CII A 3_local1!72|VIII CII A 3_local2!72|VIII CII A 3_local3!73|VIII CII A 3_local4!74
specialist securitate cibernetica,Specialist Securitate Cibernetica,VIII,personal contractual,,4,VIII CII I!12|VIII CII I!19|VIII CII I!26|VIII CII I!33
statistician,Statistician,VIII,personal contractual,,4,VIII CII A 1!261|VIII CII A 1!262|VIII CII A 1!263|VIII CII A 1!264
statistician medical,Statistician medical,II,,21.00201050.02.1|21.00201051.02.1|21.00201052.02.1,3,II CI 2!54|II CI 2!55|II CI 2!56
stenodactilograf,stenodactilograf,VIII,funcționar public|personal contractual,81.10105005.03.1|81.10105006.03.1|81.10105007.03.1|82.40302001.03.1|82.40302001.03.2|82.40302001.03.3|82.60128007.03.1|82.60128007.03.2|82.60128007.03.3,18,VIII_CI_A_1!46|VIII_CI_A_1!47|VIII_CI_A_1!48|VIII CII A 3_local1!38|VIII CII A 3_local1!39|VIII CII A 3_local1!40|VIII CII A 3_local2!38|VIII CII A 3_local2!39|VIII CII A 3_local2!40|VIII CII A 3_local3!39|VIII CII A 3_local3!40|VIII CII A 3_local3!41|VIII CII A 3_local4!40|VIII CII A 3_local4!41|VIII CII A 3_local4!42|VIII CII C!12|VIII CII C!13|VIII CII C!14
studii generale,Studii generale,VII,,,3,VII CI !23|VII CI !38|VII CI !58
studii medii,Studii medii,VII,,,3,VII CI !22|VII CI !37|VII CI !57
studii postliceale,Studii postliceale,VII,,,3,VII CI !21|VII CI !36|VII CI !56
studii superioare,Studii superioare,VII,,,3,VII CI !19|VII CI !34|VII CI !54
studii superioare de scurta durata,Studii superioare de scurta durată,VII,,,3,VII CI !20|VII CI !35|VII CI !55
subcomisar de politie,subcomisar de poliţie,VI,,,1,VI_Armata!19
subinginer,Subinginer,VIII,personal contractual,82.40108010.01.1|82.40108010.01.2|82.40108010.01.3|82.40108010.01.4|82.40202004.05.1|82.40202004.05.2|82.40202004.05.3|82.40202004.05.4|82.50126004.09.1|82.50126004.09.2|82.50126004.09.3|82.50126004.09.4|82.60128004.09.1|82.60128004.09.2|82.60128004.09.3|82.60128004.09.4,36,VIII CII A 1!115|VIII CII A 1!116|VIII CII A 1!117|VIII CII A 1!118|VIII CII A 2!29|VIII CII A 2!30|VIII CII A 2!31|VIII CII A 2!32|VIII CII A 3_local1!27|VIII CII A 3_local1!28|VIII CII A 3_local1!29|VIII CII A 3_local1!30|VIII CII A 3_local2!27|VIII CII A 3_local2!28|VIII CII A 3_local2!29|VIII CII A 3_local2!30|VIII CII A 3_local3!28|VIII CII A 3_local3!29|VIII CII A 3_local3!30|VIII CII A 3_local3!31|VIII CII A 3_local4!29|VIII CII A 3_local4!30|VIII CII A 3_local4!31|VIII CII A 3_local4!32|VIII CII B!28|VIII CII B!29|VIII CII B!30|VIII CII B!31|VIII CII G!16|VIII CII G!17|VIII CII G!18|VIII CII G!19|VIII CII H!14|VIII CII H!15|VIII CII H!16|VIII CII H!17
subinginer asistent veterinar tehnician conductor tehnic referent de specialitate,"Subinginer, asistent veterinar, tehnician* , conductor tehnic, referent de specialitate",VIII,personal contractual,82.40124009.05.1|82.40124010.05.1|82.40124011.05.1|82.40124012.05.1,4,VIII CII A 1!232|VIII CII A 1!233|VIII CII A 1!234|VIII CII A 1!235
subinginer cadastru,Subinginer cadastru,VIII,personal contractual,82.40108009.01.1|82.40108009.01.2|82.40108009.01.3|82.40108009.01.4,4,VIII CII A 1!111|VIII CII A 1!112|VIII CII A 1!113|VIII CII A 1!114
subinginer cartograf,Subinginer cartograf,VIII,personal contractual,82.40206002.01.1|82.40206002.01.2|82.40206002.01.3|82.40206002.01.4,4,VIII CII B!57|VIII CII B!58|VIII CII B!59|VIII CII B!60
subinspector de politie,subinspector de poliţie,VI,,,1,VI_Armata!22
subprefect,Subprefect,IX,,,1,IX B!70
subsecretar de stat,Subsecretar de stat,IX,,,1,IX B!14
subsecretarii de stat din ministerul afacerilor interne,subsecretarii de stat din Ministerul Afacerilor Interne,VI,,,1,VI_Armata!12
supraveghetor de noapte,Supraveghetor de noapte,II,,21.00304003.01.1,1,II CI 3!67
supraveghetor de noapte debutant,Supraveghetor de noapte debutant,II,,21.00304004.01.1,1,II CI 3!68
supraveghetor muzeu controlor bilete,"Supraveghetor muzeu, controlor bilete",III,,33.00201008.02.1|33.00202008.02.1,2,III CIII!33|III CIII!63
supraveghetor noapte,Supraveghetor noapte,I,,11.00601023.01.1|11.00601023.01.2,4,I CI 4-5-6!248|I CI 4-5-6!249|I CI 4-5-6!250|I CI 4-5-6!251
supraveghetor sala,Supraveghetor sală,III,,32.00201005.01.1|32.00202005.01.1,2,III CII!35|III CII!65
supraveghetor sala controlor bilete garderobier plasator sala,"Supraveghetor sală, controlor bilete, garderobier, plasator sală",III,,31.00201011.04.1|31.00202011.04.1,2,III CI !58|III CI !113
tehnician,Tehnician,I|VIII,personal contractual,11.00601019.03.1|11.00601019.03.2|11.00601019.03.3|11.00601019.03.4|82.40202006.04.1|82.40202006.04.2|82.40202006.04.3|82.40202006.04.4,13,I CI 4-5-6!232|I CI 4-5-6!233|I CI 4-5-6!234|I CI 4-5-6!235|I CI 4-5-6!236|VIII CII B!36|VIII CII B!37|VIII CII B!38|VIII CII B!39|VIII CII G!20|VIII CII G!21|VIII CII G!22|VIII CII G!23
tehnician aviatie,Tehnician aviaţie,VIII,personal contractual,,5,VIII CII F!58|VIII CII F!59|VIII CII F!60|VIII CII F!61|VIII CII F!62
tehnician cadastru,Tehnician cadastru,VIII,personal contractual,82.40108012.01.1|82.40108012.01.2|82.40108012.01.3|82.40108012.01.4,4,VIII CII A 1!123|VIII CII A 1!124|VIII CII A 1!125|VIII CII A 1!126
tehnician conductor tehnic,"tehnician**), conductor tehnic",VIII,personal contractual,,4,VIII CII G!16|VIII CII G!17|VIII CII G!18|VIII CII G!19
tehnician criminalist,Tehnician criminalist,V,,55.00101009.01.1|55.00101009.01.2|55.00101009.01.3|55.00101009.01.4|55.00101009.01.5,5,V CV!33|V CV!34|V CV!35|V CV!36|V CV!37
tehnician criminalist debutant,Tehnician criminalist debutant,V,,52.00101014.01.1|55.00101010.01.1,2,V CII!40|V CV!38
tehnician criminalist din cadrul parchetelor,Tehnician criminalist din cadrul parchetelor,V,,52.00101013.01.1|52.00101013.01.2|52.00101013.01.3|52.00101013.01.4|52.00101013.01.5,5,V CII!35|V CII!36|V CII!37|V CII!38|V CII!39
tehnician de audiologie si protezare auditiva,tehnician de audiologie şi protezare auditivă,II,,21.00201032.27.1,1,II CI 2!36
tehnician de audiologie si protezare auditiva licentiat,tehnician de audiologie şi protezare auditivă licenţiat,II,,21.00201026.11.1|21.00201027.11.1|21.00201028.11.1,3,II CI 2!33|II CI 2!34|II CI 2!35
tehnician de farmacie,tehnician de farmacie,II,,21.00201032.27.1,1,II CI 2!36
tehnician de farmacie licentiat,tehnician de farmacie licenţiat,II,,21.00201026.11.1|21.00201027.11.1|21.00201028.11.1,3,II CI 2!33|II CI 2!34|II CI 2!35
tehnician de laborator clinic,tehnician de laborator clinic,II,,21.00201032.27.1,1,II CI 2!36
tehnician de protezare oculara,tehnician de protezare oculară,II,,21.00201032.27.1,1,II CI 2!36
tehnician de radiologie si imagistica,tehnician de radiologie şi imagistică,II,,21.00201032.27.1,1,II CI 2!36
tehnician de radiologie si imagistica licentiat,tehnician de radiologie şi imagistică licenţiat,II,,21.00201026.11.1|21.00201027.11.1|21.00201028.11.1,3,II CI 2!33|II CI 2!34|II CI 2!35
tehnician dentar,Tehnician dentar *,II,,21.00201042.01.1,1,II CI 2!46
tehnician dentar debutant,Tehnician dentar debutant *,II,,21.00201043.01.1,1,II CI 2!47
tehnician dentar licentiat,tehnician dentar licenţiat,II,,21.00201026.11.1|21.00201027.11.1|21.00201028.11.1,3,II CI 2!33|II CI 2!34|II CI 2!35
tehnician dentar principal,Tehnician dentar principal *,II,,21.00201041.01.1,1,II CI 2!45
tehnician dentar specialist,tehnician dentar specialist,II,,21.00201032.27.1,1,II CI 2!36
tehnician dentar specializat,tehnician dentar specializat,II,,21.00201032.27.1,1,II CI 2!36
tehnician economist,Tehnician-economist,VIII,personal contractual,82.40202004.05.1|82.40202004.05.2|82.40202004.05.3|82.40202004.05.4|82.50126004.09.1|82.50126004.09.2|82.50126004.09.3|82.50126004.09.4|82.60128004.09.1|82.60128004.09.2|82.60128004.09.3|82.60128004.09.4,24,VIII CII A 2!29|VIII CII A 2!30|VIII CII A 2!31|VIII CII A 2!32|VIII CII A 3_local1!27|VIII CII A 3_local1!28|VIII CII A 3_local1!29|VIII CII A 3_local1!30|VIII CII A 3_local2!27|VIII CII A 3_local2!28|VIII CII A 3_local2!29|VIII CII A 3_local2!30|VIII CII A 3_local3!28|VIII CII A 3_local3!29|VIII CII A 3_local3!30|VIII CII A 3_local3!31|VIII CII A 3_local4!29|VIII CII A 3_local4!30|VIII CII A 3_local4!31|VIII CII A 3_local4!32|VIII CII B!28|VIII CII B!29|VIII CII B!30|VIII CII B!31
tehnician economist secretar superior interpret relatii interpret profesional conductor arhitect inspector referent subinginer arhivist,"Tehnician-economist, secretar superior, interpret relaţii, interpret profesional, conductor arhitect , inspector, referent, subinginer, arhivist;",VIII,personal contractual,82.40102004.09.1|82.40102004.09.2|82.40102004.09.3|82.40102004.09.4,4,VIII CII A 1!33|VIII CII A 1!34|VIII CII A 1!35|VIII CII A 1!36
tehnician observator conditii mediu,"Tehnician, observator condiţii mediu **)",VIII,personal contractual,,4,VIII CII H!18|VIII CII H!19|VIII CII H!20|VIII CII H!21
tehnician proiectant,Tehnician proiectant,VIII,personal contractual,82.40207003.01.1|82.40207003.01.2|82.40207003.01.3|82.40207003.01.4,4,VIII CII B!61|VIII CII B!62|VIII CII B!63|VIII CII B!64
tehnician protezist tehnician audioprotezist,"Tehnician protezist, tehnician audioprotezist",II,,21.00303046.02.1,1,II CI 3!60
tehnician superior de imagistica,tehnician superior de imagistică,II,,21.00201032.27.1,1,II CI 2!36
tehnoredactor,tehnoredactor,I,,11.00601007.02.1|11.00601007.02.2|11.00601007.02.3|11.00601007.02.4,4,I CI 4-5-6!180|I CI 4-5-6!181|I CI 4-5-6!182|I CI 4-5-6!183
timonier fluvial,Timonier fluvial,VIII,personal contractual,,1,VIII CII E!31
trezorier sef,trezorier şef,VIII,funcționar public,81.10103003.09.2|81.30110005.05.2,5,VIII_CI_A_1!17|VIII CI A 3 (local1)!14|VIII CI A 3 (local2)!13|VIII CI A 3 (local3)!13|VIII CI A 3 (local4)!13
trezorier sef adjunct,trezorier şef adjunct,VIII,funcționar public,81.10103004.12.2|81.30110006.08.2,5,VIII_CI_A_1!18|VIII CI A 3 (local1)!15|VIII CI A 3 (local2)!14|VIII CI A 3 (local3)!14|VIII CI A 3 (local4)!14
unitate de invatamant,unitate de invatamant,I,,11.00601003.01.1|11.00601003.01.2|11.00601003.01.3|11.00601003.01.4|11.00601009.01.1|11.00601009.01.2|11.00601009.01.3|11.00601009.01.4|11.00601015.01.1|11.00601015.01.2|11.00601015.01.3|11.00601015.01.4,12,I CI 4-5-6!156|I CI 4-5-6!157|I CI 4-5-6!158|I CI 4-5-6!159|I CI 4-5-6!188|I CI 4-5-6!189|I CI 4-5-6!190|I CI 4-5-6!191|I CI 4-5-6!216|I CI 4-5-6!217|I CI 4-5-6!218|I CI 4-5-6!219
viceamiral,viceamiral,VI,,,1,VI_Armata!14
vicepresedinte,Vicepreședinte*),IX|VII,,,10,VII CI !42|IX B!17|IX B!27|IX B!33|IX B!44|IX B!51|IX B!56|IX B!59|IX B!62|IX B!67
vicepresedinte al consiliului judetean,Vicepreşedinte al consiliului judeţean,IX,,,1,IX C!14
vicepresedinte autoritatea de audit,Vicepreşedinte Autoritatea de audit,IX,,,1,IX B!29
vicepresedinte club,Vicepreședinte club,VIII,personal contractual,82.40201008.03.2,1,VIII CII B!16
vicepresedintii comisiilor permanente ale senatului si camerei deputatilor,Vicepreşedinţii comisiilor permanente ale Senatului şi Camerei Deputaţilor,IX,,,1,IX A!17
vicepresedintii senatului si ai camerei deputatilor,Vicepreşedinţii Senatului şi ai Camerei Deputaţilor,IX,,,1,IX A!13
viceprim ministru,Viceprim-ministru,IX,,,1,IX B!10
viceprimar al capitalei,Viceprimar al Capitalei,IX,,,1,IX C!12
viceprimar al sectoarelor mun bucuresti,Viceprimar al sectoarelor mun. București,IX,,,1,IX C!21
viceprimar municipiu resedinta de judet,Viceprimar municipiu resedinta de judet,IX,,,1,IX C!20
viceprimar unitati administrativ teritoriale cu 10 001 pana la 50 000 locuitori,Viceprimar unităţi administrativ-teritoriale cu 10.001 pana la 50.000 locuitori,IX,,,1,IX C!23
viceprimar unitati administrativ teritoriale cu 50 001 pana la 200 000 locuitori,Viceprimar unităţi administrativ-teritoriale cu 50.001 pana la 200.000 locuitori,IX,,,1,IX C!22
viceprimar unitati administrativ teritoriale pana la 10 000 locuitori,Viceprimar unităţi administrativ-teritoriale pana la 10.000 locuitori,IX,,,1,IX C!24
