version_id,anexa,sheet,source_row,cod,coduri,functie,sinonime,regim,tip_post,nivel_administrativ,banda_populatie,grad_treapta,vechime,studii,sectiune,coef_min,coef_max,coeficienti,coef_labels,needs_review
2026-07-17,I,I CI 1-3,7,11.00101001.01.2,11.00101001.01.2,Rector,Rector,,conducere,,,,,S,1.Funcţiile de conducere din învăţământul superior,5.3,6,5.3|6,Grad I|Grad II,0
2026-07-17,I,I CI 1-3,8,11.00101002.01.2,11.00101002.01.2,Prorector,Prorector,,conducere,,,,,S,1.Funcţiile de conducere din învăţământul superior,5.2,5.5,5.2|5.5,Grad I|Grad II,0
2026-07-17,I,I CI 1-3,9,11.00101003.01.2,11.00101003.01.2,Director general administrativ al universitatii,Director general administrativ al universitatii,,conducere,,,,,S,1.Funcţiile de conducere din învăţământul superior,5.2,5.5,5.2|5.5,Grad I|Grad II,0
2026-07-17,I,I CI 1-3,10,11.00101004.01.2,11.00101004.01.2,Decan,Decan,,conducere,,,,,S,1.Funcţiile de conducere din învăţământul superior,5.1,5.3,5.1|5.3,Grad I|Grad II,0
2026-07-17,I,I CI 1-3,11,11.00101005.01.2,11.00101005.01.2,Prodecan,Prodecan,,conducere,,,,,S,1.Funcţiile de conducere din învăţământul superior,4.8999999999999995,5.1,4.9|5.1,Grad I|Grad II,0
2026-07-17,I,I CI 1-3,12,11.00101006.01.2,11.00101006.01.2,Director de departament/director extensie universitara),Director de departament/director extensie universitara),,conducere,,,,,S,1.Funcţiile de conducere din învăţământul superior,5,5.2,5|5.2,Grad I|Grad II,0
2026-07-17,I,I CI 1-3,13,11.00101007.02.2,11.00101007.02.2,Director general adjunct administrativ al universitatii / Director,Director general adjunct administrativ al universitatii|Director,,conducere,,,,,S,1.Funcţiile de conducere din învăţământul superior,4.7,4.9,4.7|4.9,Grad I|Grad II,0
2026-07-17,I,I CI 1-3,15,11.00201001.01.2,11.00201001.01.2,Inspector şcolar general,Inspector şcolar general,,conducere,,,,,S,"2. Funcţiile de conducere, de indrumare si control din învăţământul preuniversitar",3.83565825,4.037535,3.83565825|4.037535,Grad I|Grad II,0
2026-07-17,I,I CI 1-3,16,11.00201002.01.2,11.00201002.01.2,Inspector şcolar general adjunct,Inspector şcolar general adjunct,,conducere,,,,,S,"2. Funcţiile de conducere, de indrumare si control din învăţământul preuniversitar",3.661576260727903,3.854290800766214,3.661576261|3.854290801,Grad I|Grad II,0
2026-07-17,I,I CI 1-3,17,11.00201003.01.2,11.00201003.01.2,Director casa corpului didactic,Director casa corpului didactic,,conducere,,,,,S,"2. Funcţiile de conducere, de indrumare si control din învăţământul preuniversitar",3.661576260727903,3.854290800766214,3.661576261|3.854290801,Grad I|Grad II,0
2026-07-17,I,I CI 1-3,18,11.00201004.02.2,11.00201004.02.2,"Inspector şcolar de specialitate, inspector şcolar","Inspector şcolar de specialitate, inspector şcolar",,conducere,,,,,S,"2. Funcţiile de conducere, de indrumare si control din învăţământul preuniversitar",3.42012860625,3.6001353750000002,3.420128606|3.600135375,Grad I|Grad II,0
2026-07-17,I,I CI 1-3,19,11.00201005.01.2,11.00201005.01.2,Director unitate de învăţământ,Director unitate de învăţământ,,conducere,,,,,S,"2. Funcţiile de conducere, de indrumare si control din învăţământul preuniversitar",3.3,3.4991970000000006,3.3|3.499197,Grad I|Grad II,0
2026-07-17,I,I CI 1-3,20,11.00201006.01.2,11.00201006.01.2,Director adjunct unitate de învăţământ,Director adjunct unitate de învăţământ,,conducere,,,,,S,"2. Funcţiile de conducere, de indrumare si control din învăţământul preuniversitar",3.196381875,3.3646125000000002,3.196381875|3.3646125,Grad I|Grad II,0
2026-07-17,I,I CI 1-3,23,11.00301001.02.2,11.00301001.02.2,Director; contabil-şef,Director|contabil-şef,,conducere,,,,,S,a) Învăţământ superior,3.717,4.13,3.717|4.13,Grad I|Grad II,0
2026-07-17,I,I CI 1-3,24,11.00301002.01.2,11.00301002.01.2,Administrator șef facultate,Administrator șef facultate,,conducere,,,,,S,a) Învăţământ superior,3.195,3.55,3.195|3.55,Grad I|Grad II,0
2026-07-17,I,I CI 1-3,25,11.00301003.01.2,11.00301003.01.2,Secretar-şef universitate,Secretar-şef universitate,,conducere,,,,,S,a) Învăţământ superior,3.717,4.13,3.717|4.13,Grad I|Grad II,0
2026-07-17,I,I CI 1-3,26,11.00301004.01.2,11.00301004.01.2,Secretar-şef facultate,Secretar-şef facultate,,conducere,,,,,S,a) Învăţământ superior,3.195,3.55,3.195|3.55,Grad I|Grad II,0
2026-07-17,I,I CI 1-3,27,11.00301005.01.2,11.00301005.01.2,Şef serviciu,Şef serviciu,,conducere,,,,,S,a) Învăţământ superior,2.79,3.1,2.79|3.1,Grad I|Grad II,0
2026-07-17,I,I CI 1-3,29,,,Contabil-şef ISJ/DJIP/DMBIP - nivel maxim,Contabil-şef ISJ|DJIP|DMBIP - nivel maxim,,conducere,,,,,S,a) Învăţământ superior,3.15,3.42,3.15|3.42,Grad I|Grad II,0
2026-07-17,I,I CI 1-3,30,11.00302005.01.2,11.00302005.01.2,Șef serviciu - ISJ/DJIP/DMBIP - nivel maxim,Șef serviciu - ISJ|DJIP|DMBIP - nivel maxim,,conducere,,,,,S,a) Învăţământ superior,2.7961099576687123,3.1067888418541245,2.796109958|3.106788842,Grad I|Grad II,0
2026-07-17,I,I CI 1-3,31,11.00302001.01.2,11.00302001.01.2,Contabil-şef - nivel maxim,Contabil-şef - nivel maxim,,conducere,,,,,S,a) Învăţământ superior,2.392239487500001,2.6580438750000006,2.392239488|2.658043875,Grad I|Grad II,0
2026-07-17,I,I CI 1-3,32,11.00302002.01.2,11.00302002.01.2,Secretar- şef unitate de învăţământ - nivel maxim,Secretar- şef unitate de învăţământ - nivel maxim,,conducere,,,,,S,a) Învăţământ superior,2.392239487500001,2.6580438750000006,2.392239488|2.658043875,Grad I|Grad II,0
2026-07-17,I,I CI 4-5-6,8,11.00401001.01.1,11.00401001.01.1,Profesor universitar,Profesor universitar,,,,,,peste 25 de ani,S,4. Coeficienți de salarizare învăţământ universitar,4,4,4,Gradația 0,0
2026-07-17,I,I CI 4-5-6,9,11.00401001.01.2,11.00401001.01.2,Profesor universitar,Profesor universitar,,,,,,20-25 ani,S,4. Coeficienți de salarizare învăţământ universitar,3.52,3.52,3.52,Gradația 0,0
2026-07-17,I,I CI 4-5-6,10,11.00401001.01.3,11.00401001.01.3,Profesor universitar,Profesor universitar,,,,,,15-20 ani,S,4. Coeficienți de salarizare învăţământ universitar,3.0624,3.0624,3.0624,Gradația 0,0
2026-07-17,I,I CI 4-5-6,11,11.00401001.01.4,11.00401001.01.4,Profesor universitar,Profesor universitar,,,,,,10-15 ani,S,4. Coeficienți de salarizare învăţământ universitar,2.694912,2.694912,2.694912,Gradația 0,0
2026-07-17,I,I CI 4-5-6,12,11.00401001.01.5,11.00401001.01.5,Profesor universitar,Profesor universitar,,,,,,5-10 ani,S,4. Coeficienți de salarizare învăţământ universitar,2.45,2.45,2.45,Gradația 0,0
2026-07-17,I,I CI 4-5-6,13,11.00401002.01.1,11.00401002.01.1,Conferenţiar universitar,Conferenţiar universitar,,,,,,peste 25 de ani,S,4. Coeficienți de salarizare învăţământ universitar,3.12,3.12,3.12,Gradația 0,0
2026-07-17,I,I CI 4-5-6,14,11.00401002.01.2,11.00401002.01.2,Conferenţiar universitar,Conferenţiar universitar,,,,,,20-25 ani,S,4. Coeficienți de salarizare învăţământ universitar,2.75,2.75,2.75,Gradația 0,0
2026-07-17,I,I CI 4-5-6,15,11.00401002.01.3,11.00401002.01.3,Conferenţiar universitar,Conferenţiar universitar,,,,,,15-20 ani,S,4. Coeficienți de salarizare învăţământ universitar,2.45,2.45,2.45,Gradația 0,0
2026-07-17,I,I CI 4-5-6,16,11.00401002.01.4,11.00401002.01.4,Conferenţiar universitar,Conferenţiar universitar,,,,,,10-15 ani,S,4. Coeficienți de salarizare învăţământ universitar,2.25,2.25,2.25,Gradația 0,0
2026-07-17,I,I CI 4-5-6,17,11.00401002.01.5,11.00401002.01.5,Conferenţiar universitar,Conferenţiar universitar,,,,,,5-10 ani,S,4. Coeficienți de salarizare învăţământ universitar,2.18,2.18,2.18,Gradația 0,0
2026-07-17,I,I CI 4-5-6,18,11.00401002.01.6,11.00401002.01.6,Conferenţiar universitar,Conferenţiar universitar,,,,,,3-5 ani,S,4. Coeficienți de salarizare învăţământ universitar,2.11,2.11,2.11,Gradația 0,0
2026-07-17,I,I CI 4-5-6,19,11.00401003.01.1,11.00401003.01.1,Şef lucrări (lector universitar),Şef lucrări,,,,,,peste 25 de ani,S,4. Coeficienți de salarizare învăţământ universitar,2.38,2.38,2.38,Gradația 0,0
2026-07-17,I,I CI 4-5-6,20,11.00401003.01.2,11.00401003.01.2,Şef lucrări (lector universitar),Şef lucrări,,,,,,20-25 ani,S,4. Coeficienți de salarizare învăţământ universitar,2.2371999999999996,2.2371999999999996,2.2372,Gradația 0,0
2026-07-17,I,I CI 4-5-6,21,11.00401003.01.3,11.00401003.01.3,Şef lucrări (lector universitar),Şef lucrări,,,,,,15-20 ani,S,4. Coeficienți de salarizare învăţământ universitar,2.1029679999999997,2.1029679999999997,2.102968,Gradația 0,0
2026-07-17,I,I CI 4-5-6,22,11.00401003.01.4,11.00401003.01.4,Şef lucrări (lector universitar),Şef lucrări,,,,,,10-15 ani,S,4. Coeficienți de salarizare învăţământ universitar,2.04,2.04,2.04,Gradația 0,0
2026-07-17,I,I CI 4-5-6,23,11.00401003.01.5,11.00401003.01.5,Şef lucrări (lector universitar),Şef lucrări,,,,,,5-10 ani,S,4. Coeficienți de salarizare învăţământ universitar,2.0094,2.0094,2.0094,Gradația 0,0
2026-07-17,I,I CI 4-5-6,24,11.00401003.01.6,11.00401003.01.6,Şef lucrări (lector universitar),Şef lucrări,,,,,,3-5 ani,S,4. Coeficienți de salarizare învăţământ universitar,1.98,1.98,1.98,Gradația 0,0
2026-07-17,I,I CI 4-5-6,25,11.00401004.01.1,11.00401004.01.1,Asistent universitar,Asistent universitar,,,,,,peste 25 de ani,S,4. Coeficienți de salarizare învăţământ universitar,2.142,2.142,2.142,Gradația 0,0
2026-07-17,I,I CI 4-5-6,26,11.00401004.01.2,11.00401004.01.2,Asistent universitar,Asistent universitar,,,,,,20-25 ani,S,4. Coeficienți de salarizare învăţământ universitar,2.118333333333333,2.118333333333333,2.118333333,Gradația 0,0
2026-07-17,I,I CI 4-5-6,27,11.00401004.01.3,11.00401004.01.3,Asistent universitar,Asistent universitar,,,,,,15-20 ani,S,4. Coeficienți de salarizare învăţământ universitar,2.0946666666666665,2.0946666666666665,2.094666667,Gradația 0,0
2026-07-17,I,I CI 4-5-6,28,11.00401004.01.4,11.00401004.01.4,Asistent universitar,Asistent universitar,,,,,,10-15 ani,S,4. Coeficienți de salarizare învăţământ universitar,2.0709999999999997,2.0709999999999997,2.071,Gradația 0,0
2026-07-17,I,I CI 4-5-6,29,11.00401004.01.5,11.00401004.01.5,Asistent universitar,Asistent universitar,,,,,,5-10 ani,S,4. Coeficienți de salarizare învăţământ universitar,2.047333333333333,2.047333333333333,2.047333333,Gradația 0,0
2026-07-17,I,I CI 4-5-6,30,11.00401004.01.6,11.00401004.01.6,Asistent universitar,Asistent universitar,,,,,,3-5 ani,S,4. Coeficienți de salarizare învăţământ universitar,2.0236666666666663,2.0236666666666663,2.023666667,Gradația 0,0
2026-07-17,I,I CI 4-5-6,31,11.00401004.01.7,11.00401004.01.7,Asistent universitar,Asistent universitar,,,,,,până la 3 ani,S,4. Coeficienți de salarizare învăţământ universitar,2,2,2,Gradația 0,0
2026-07-17,I,I CI 4-5-6,33,11.00501001.01.1,11.00501001.01.1,"Profesor; educator-puericultor; profesor-antrenor, studii superioare de lungă durată grad didactic I","Profesor|educator-puericultor|profesor-antrenor, studii superioare de lungă durată grad didactic I",,,,,,peste 25 de ani,S,5. Coeficienți de salarizare învăţământ preuniversitar,2.38,2.38,2.38,Gradația 0,0
2026-07-17,I,I CI 4-5-6,34,11.00501001.01.2,11.00501001.01.2,"Profesor; educator-puericultor; profesor-antrenor, studii superioare de lungă durată grad didactic I","Profesor|educator-puericultor|profesor-antrenor, studii superioare de lungă durată grad didactic I",,,,,,20-25 ani,S,5. Coeficienți de salarizare învăţământ preuniversitar,2.27,2.27,2.27,Gradația 0,0
2026-07-17,I,I CI 4-5-6,35,11.00501001.01.3,11.00501001.01.3,"Profesor; educator-puericultor; profesor-antrenor, studii superioare de lungă durată grad didactic I","Profesor|educator-puericultor|profesor-antrenor, studii superioare de lungă durată grad didactic I",,,,,,15-20 ani,S,5. Coeficienți de salarizare învăţământ preuniversitar,2.18,2.18,2.18,Gradația 0,0
2026-07-17,I,I CI 4-5-6,36,11.00501001.01.4,11.00501001.01.4,"Profesor; educator-puericultor; profesor-antrenor, studii superioare de lungă durată grad didactic I","Profesor|educator-puericultor|profesor-antrenor, studii superioare de lungă durată grad didactic I",,,,,,10-15 ani,S,5. Coeficienți de salarizare învăţământ preuniversitar,2.1042105263157898,2.1042105263157898,2.104210526,Gradația 0,0
2026-07-17,I,I CI 4-5-6,37,11.00501001.01.5,11.00501001.01.5,"Profesor; educator-puericultor; profesor-antrenor, studii superioare de lungă durată grad didactic I","Profesor|educator-puericultor|profesor-antrenor, studii superioare de lungă durată grad didactic I",,,,,,5-10 ani,S,5. Coeficienți de salarizare învăţământ preuniversitar,2.026372688477952,2.026372688477952,2.026372688,Gradația 0,0
2026-07-17,I,I CI 4-5-6,38,11.00501001.01.6,11.00501001.01.6,"Profesor; educator-puericultor; profesor-antrenor, studii superioare de lungă durată grad didactic I","Profesor|educator-puericultor|profesor-antrenor, studii superioare de lungă durată grad didactic I",,,,,,1-5 ani,S,5. Coeficienți de salarizare învăţământ preuniversitar,1.968772688477952,1.968772688477952,1.968772688,Gradația 0,0
2026-07-17,I,I CI 4-5-6,39,11.00501002.01.1,11.00501002.01.1,"Profesor; educator-puericultor; profesor-antrenor, studii superioare de lungă durată grad didactic II","Profesor|educator-puericultor|profesor-antrenor, studii superioare de lungă durată grad didactic II",,,,,,peste 25 de ani,S,5. Coeficienți de salarizare învăţământ preuniversitar,2.1879999999999997,2.1879999999999997,2.188,Gradația 0,0
2026-07-17,I,I CI 4-5-6,40,11.00501002.01.2,11.00501002.01.2,"Profesor; educator-puericultor; profesor-antrenor, studii superioare de lungă durată grad didactic II","Profesor|educator-puericultor|profesor-antrenor, studii superioare de lungă durată grad didactic II",,,,,,20-25 ani,S,5. Coeficienți de salarizare învăţământ preuniversitar,2.1026666666666665,2.1026666666666665,2.102666667,Gradația 0,0
2026-07-17,I,I CI 4-5-6,41,11.00501002.01.3,11.00501002.01.3,"Profesor; educator-puericultor; profesor-antrenor, studii superioare de lungă durată grad didactic II","Profesor|educator-puericultor|profesor-antrenor, studii superioare de lungă durată grad didactic II",,,,,,15-20 ani,S,5. Coeficienți de salarizare învăţământ preuniversitar,2.0315555555555553,2.0315555555555553,2.031555556,Gradația 0,0
2026-07-17,I,I CI 4-5-6,42,11.00501002.01.4,11.00501002.01.4,"Profesor; educator-puericultor; profesor-antrenor, studii superioare de lungă durată grad didactic II","Profesor|educator-puericultor|profesor-antrenor, studii superioare de lungă durată grad didactic II",,,,,,10-15 ani,S,5. Coeficienți de salarizare învăţământ preuniversitar,1.9995555555555553,1.9995555555555553,1.999555556,Gradația 0,0
2026-07-17,I,I CI 4-5-6,43,11.00501002.01.5,11.00501002.01.5,"Profesor; educator-puericultor; profesor-antrenor, studii superioare de lungă durată grad didactic II","Profesor|educator-puericultor|profesor-antrenor, studii superioare de lungă durată grad didactic II",,,,,,5-10 ani,S,5. Coeficienți de salarizare învăţământ preuniversitar,1.9675555555555553,1.9675555555555553,1.967555556,Gradația 0,0
2026-07-17,I,I CI 4-5-6,44,11.00501002.01.6,11.00501002.01.6,"Profesor; educator-puericultor; profesor-antrenor, studii superioare de lungă durată grad didactic II","Profesor|educator-puericultor|profesor-antrenor, studii superioare de lungă durată grad didactic II",,,,,,1-5 ani,S,5. Coeficienți de salarizare învăţământ preuniversitar,1.9355555555555553,1.9355555555555553,1.935555556,Gradația 0,0
2026-07-17,I,I CI 4-5-6,45,11.00501003.01.1,11.00501003.01.1,"Profesor; educator-puericultor; profesor-antrenor, studii superioare de lungă durată grad didactic definitiv","Profesor|educator-puericultor|profesor-antrenor, studii superioare de lungă durată grad didactic definitiv",,,,,,peste 25 de ani,S,5. Coeficienți de salarizare învăţământ preuniversitar,2.0599999999999996,2.0599999999999996,2.06,Gradația 0,0
2026-07-17,I,I CI 4-5-6,46,11.00501003.01.2,11.00501003.01.2,"Profesor; educator-puericultor; profesor-antrenor, studii superioare de lungă durată grad didactic definitiv","Profesor|educator-puericultor|profesor-antrenor, studii superioare de lungă durată grad didactic definitiv",,,,,,20-25 ani,S,5. Coeficienți de salarizare învăţământ preuniversitar,2.0028571428571427,2.0028571428571427,2.002857143,Gradația 0,0
2026-07-17,I,I CI 4-5-6,47,11.00501003.01.3,11.00501003.01.3,"Profesor; educator-puericultor; profesor-antrenor, studii superioare de lungă durată grad didactic definitiv","Profesor|educator-puericultor|profesor-antrenor, studii superioare de lungă durată grad didactic definitiv",,,,,,15-20 ani,S,5. Coeficienți de salarizare învăţământ preuniversitar,1.9708571428571426,1.9708571428571426,1.970857143,Gradația 0,0
2026-07-17,I,I CI 4-5-6,48,11.00501003.01.4,11.00501003.01.4,"Profesor; educator-puericultor; profesor-antrenor, studii superioare de lungă durată grad didactic definitiv","Profesor|educator-puericultor|profesor-antrenor, studii superioare de lungă durată grad didactic definitiv",,,,,,10-15 ani,S,5. Coeficienți de salarizare învăţământ preuniversitar,1.9508571428571426,1.9508571428571426,1.950857143,Gradația 0,0
2026-07-17,I,I CI 4-5-6,49,11.00501003.01.5,11.00501003.01.5,"Profesor; educator-puericultor; profesor-antrenor, studii superioare de lungă durată grad didactic definitiv","Profesor|educator-puericultor|profesor-antrenor, studii superioare de lungă durată grad didactic definitiv",,,,,,5-10 ani,S,5. Coeficienți de salarizare învăţământ preuniversitar,1.9308571428571426,1.9308571428571426,1.930857143,Gradația 0,0
2026-07-17,I,I CI 4-5-6,50,11.00501003.01.6,11.00501003.01.6,"Profesor; educator-puericultor; profesor-antrenor, studii superioare de lungă durată grad didactic definitiv","Profesor|educator-puericultor|profesor-antrenor, studii superioare de lungă durată grad didactic definitiv",,,,,,1-5 ani,S,5. Coeficienți de salarizare învăţământ preuniversitar,1.9108571428571426,1.9108571428571426,1.910857143,Gradația 0,0
2026-07-17,I,I CI 4-5-6,51,11.00501004.01.1,11.00501004.01.1,"Profesor; educator-puericultor; profesor-antrenor ,studii superioare de lungă durată debutant","Profesor|educator-puericultor|profesor-antrenor ,studii superioare de lungă durată debutant",,,,,,până la 1 an,S,5. Coeficienți de salarizare învăţământ preuniversitar,1.9,1.9,1.9,Gradația 0,0
2026-07-17,I,I CI 4-5-6,52,11.00501005.01.1,11.00501005.01.1,"Profesor; educator-puericultor; profesor-antrenor, studii superioare de scurtă durată grad didactic I","Profesor|educator-puericultor|profesor-antrenor, studii superioare de scurtă durată grad didactic I",,,,,,peste 25 de ani,SSD,5. Coeficienți de salarizare învăţământ preuniversitar,2.15985,2.15985,2.15985,Gradația 0,0
2026-07-17,I,I CI 4-5-6,53,11.00501005.01.2,11.00501005.01.2,"Profesor; educator-puericultor; profesor-antrenor, studii superioare de scurtă durată grad didactic I","Profesor|educator-puericultor|profesor-antrenor, studii superioare de scurtă durată grad didactic I",,,,,,20-25 ani,SSD,5. Coeficienți de salarizare învăţământ preuniversitar,2.12245,2.12245,2.12245,Gradația 0,0
2026-07-17,I,I CI 4-5-6,54,11.00501005.01.3,11.00501005.01.3,"Profesor; educator-puericultor; profesor-antrenor, studii superioare de scurtă durată grad didactic I","Profesor|educator-puericultor|profesor-antrenor, studii superioare de scurtă durată grad didactic I",,,,,,15-20 ani,SSD,5. Coeficienți de salarizare învăţământ preuniversitar,2.0492,2.0492,2.0492,Gradația 0,0
2026-07-17,I,I CI 4-5-6,55,11.00501005.01.4,11.00501005.01.4,"Profesor; educator-puericultor; profesor-antrenor, studii superioare de scurtă durată grad didactic I","Profesor|educator-puericultor|profesor-antrenor, studii superioare de scurtă durată grad didactic I",,,,,,10-15 ani,SSD,5. Coeficienți de salarizare învăţământ preuniversitar,1.999,1.999,1.999,Gradația 0,0
2026-07-17,I,I CI 4-5-6,56,11.00501005.01.5,11.00501005.01.5,"Profesor; educator-puericultor; profesor-antrenor, studii superioare de scurtă durată grad didactic I","Profesor|educator-puericultor|profesor-antrenor, studii superioare de scurtă durată grad didactic I",,,,,,5-10 ani,SSD,5. Coeficienți de salarizare învăţământ preuniversitar,1.9250540540540542,1.9250540540540542,1.925054054,Gradația 0,0
2026-07-17,I,I CI 4-5-6,57,11.00501006.01.1,11.00501006.01.1,"Profesor; educator-puericultor; profesor-antrenor, studii superioare de scurtă durată grad didactic II","Profesor|educator-puericultor|profesor-antrenor, studii superioare de scurtă durată grad didactic II",,,,,,peste 25 de ani,SSD,5. Coeficienți de salarizare învăţământ preuniversitar,2.0567199999999994,2.0567199999999994,2.05672,Gradația 0,0
2026-07-17,I,I CI 4-5-6,58,11.00501006.01.2,11.00501006.01.2,"Profesor; educator-puericultor; profesor-antrenor, studii superioare de scurtă durată grad didactic II","Profesor|educator-puericultor|profesor-antrenor, studii superioare de scurtă durată grad didactic II",,,,,,20-25 ani,SSD,5. Coeficienți de salarizare învăţământ preuniversitar,1.997533333333333,1.997533333333333,1.997533333,Gradația 0,0
2026-07-17,I,I CI 4-5-6,59,11.00501006.01.3,11.00501006.01.3,"Profesor; educator-puericultor; profesor-antrenor, studii superioare de scurtă durată grad didactic II","Profesor|educator-puericultor|profesor-antrenor, studii superioare de scurtă durată grad didactic II",,,,,,15-20 ani,SSD,5. Coeficienți de salarizare învăţământ preuniversitar,1.950293333333333,1.950293333333333,1.950293333,Gradația 0,0
2026-07-17,I,I CI 4-5-6,60,11.00501006.01.4,11.00501006.01.4,"Profesor; educator-puericultor; profesor-antrenor, studii superioare de scurtă durată grad didactic II","Profesor|educator-puericultor|profesor-antrenor, studii superioare de scurtă durată grad didactic II",,,,,,10-15 ani,SSD,5. Coeficienți de salarizare învăţământ preuniversitar,1.9395688888888887,1.9395688888888887,1.939568889,Gradația 0,0
2026-07-17,I,I CI 4-5-6,61,11.00501006.01.5,11.00501006.01.5,"Profesor; educator-puericultor; profesor-antrenor, studii superioare de scurtă durată grad didactic II","Profesor|educator-puericultor|profesor-antrenor, studii superioare de scurtă durată grad didactic II",,,,,,5-10 ani,SSD,5. Coeficienți de salarizare învăţământ preuniversitar,1.9085288888888885,1.9085288888888885,1.908528889,Gradația 0,0
2026-07-17,I,I CI 4-5-6,62,11.00501006.01.6,11.00501006.01.6,"Profesor; educator-puericultor; profesor-antrenor, studii superioare de scurtă durată grad didactic II","Profesor|educator-puericultor|profesor-antrenor, studii superioare de scurtă durată grad didactic II",,,,,,1-5 ani,SSD,5. Coeficienți de salarizare învăţământ preuniversitar,1.8774888888888885,1.8774888888888885,1.877488889,Gradația 0,0
2026-07-17,I,I CI 4-5-6,63,11.00501007.01.1,11.00501007.01.1,"Profesor; educator-puericultor; profesor-antrenor, studii superioare de scurtă durată grad didactic definitiv","Profesor|educator-puericultor|profesor-antrenor, studii superioare de scurtă durată grad didactic definitiv",,,,,,peste 25 de ani,SSD,5. Coeficienți de salarizare învăţământ preuniversitar,1.9775999999999996,1.9775999999999996,1.9776,Gradația 0,0
2026-07-17,I,I CI 4-5-6,64,11.00501007.01.2,11.00501007.01.2,"Profesor; educator-puericultor; profesor-antrenor, studii superioare de scurtă durată grad didactic definitiv","Profesor|educator-puericultor|profesor-antrenor, studii superioare de scurtă durată grad didactic definitiv",,,,,,20-25 ani,SSD,5. Coeficienți de salarizare învăţământ preuniversitar,1.9427714285714284,1.9427714285714284,1.942771429,Gradația 0,0
2026-07-17,I,I CI 4-5-6,65,11.00501007.01.3,11.00501007.01.3,"Profesor; educator-puericultor; profesor-antrenor, studii superioare de scurtă durată grad didactic definitiv","Profesor|educator-puericultor|profesor-antrenor, studii superioare de scurtă durată grad didactic definitiv",,,,,,15-20 ani,SSD,5. Coeficienți de salarizare învăţământ preuniversitar,1.9314399999999998,1.9314399999999998,1.93144,Gradația 0,0
2026-07-17,I,I CI 4-5-6,66,11.00501007.01.4,11.00501007.01.4,"Profesor; educator-puericultor; profesor-antrenor, studii superioare de scurtă durată grad didactic definitiv","Profesor|educator-puericultor|profesor-antrenor, studii superioare de scurtă durată grad didactic definitiv",,,,,,10-15 ani,SSD,5. Coeficienți de salarizare învăţământ preuniversitar,1.9118399999999998,1.9118399999999998,1.91184,Gradația 0,0
2026-07-17,I,I CI 4-5-6,67,11.00501007.01.5,11.00501007.01.5,"Profesor; educator-puericultor; profesor-antrenor, studii superioare de scurtă durată grad didactic definitiv","Profesor|educator-puericultor|profesor-antrenor, studii superioare de scurtă durată grad didactic definitiv",,,,,,5-10 ani,SSD,5. Coeficienți de salarizare învăţământ preuniversitar,1.8922399999999997,1.8922399999999997,1.89224,Gradația 0,0
2026-07-17,I,I CI 4-5-6,68,11.00501007.01.6,11.00501007.01.6,"Profesor; educator-puericultor; profesor-antrenor, studii superioare de scurtă durată grad didactic definitiv","Profesor|educator-puericultor|profesor-antrenor, studii superioare de scurtă durată grad didactic definitiv",,,,,,1-5 ani,SSD,5. Coeficienți de salarizare învăţământ preuniversitar,1.8726399999999996,1.8726399999999996,1.87264,Gradația 0,0
2026-07-17,I,I CI 4-5-6,69,11.00501008.01.1,11.00501008.01.1,"Profesor; educator-puericultor; profesor-antrenor, studii superioare de scurtă durată debutant","Profesor|educator-puericultor|profesor-antrenor, studii superioare de scurtă durată debutant",,,,,,până la 1 an,SSD,5. Coeficienți de salarizare învăţământ preuniversitar,1.8619999999999999,1.8619999999999999,1.862,Gradația 0,0
2026-07-17,I,I CI 4-5-6,70,11.00501009.02.1,11.00501009.02.1,"Institutor; maistru instructor, studii superioare lungă durată grad didactic I","Institutor|maistru instructor, studii superioare lungă durată grad didactic I",,,,,,peste 25 de ani,S,5. Coeficienți de salarizare învăţământ preuniversitar,2.15985,2.15985,2.15985,Gradația 0,0
2026-07-17,I,I CI 4-5-6,71,11.00501009.02.2,11.00501009.02.2,"Institutor; maistru instructor, studii superioare lungă durată grad didactic I","Institutor|maistru instructor, studii superioare lungă durată grad didactic I",,,,,,20-25 ani,S,5. Coeficienți de salarizare învăţământ preuniversitar,2.1111,2.1111,2.1111,Gradația 0,0
2026-07-17,I,I CI 4-5-6,72,11.00501009.02.3,11.00501009.02.3,"Institutor; maistru instructor, studii superioare lungă durată grad didactic I","Institutor|maistru instructor, studii superioare lungă durată grad didactic I",,,,,,15-20 ani,S,5. Coeficienți de salarizare învăţământ preuniversitar,2.0492,2.0492,2.0492,Gradația 0,0
2026-07-17,I,I CI 4-5-6,73,11.00501009.02.4,11.00501009.02.4,"Institutor; maistru instructor, studii superioare lungă durată grad didactic I","Institutor|maistru instructor, studii superioare lungă durată grad didactic I",,,,,,10-15 ani,S,5. Coeficienți de salarizare învăţământ preuniversitar,2.0200421052631583,2.0200421052631583,2.020042105,Gradația 0,0
2026-07-17,I,I CI 4-5-6,74,11.00501009.02.5,11.00501009.02.5,"Institutor; maistru instructor, studii superioare lungă durată grad didactic I","Institutor|maistru instructor, studii superioare lungă durată grad didactic I",,,,,,5-10 ani,S,5. Coeficienți de salarizare învăţământ preuniversitar,1.9453177809388338,1.9453177809388338,1.945317781,Gradația 0,0
2026-07-17,I,I CI 4-5-6,75,11.00501010.02.1,11.00501010.02.1,"Institutor; maistru instructor, studii superioare lungă durată grad didactic II","Institutor|maistru instructor, studii superioare lungă durată grad didactic II",,,,,,peste 25 de ani,S,5. Coeficienți de salarizare învăţământ preuniversitar,2.0567199999999994,2.0567199999999994,2.05672,Gradația 0,0
2026-07-17,I,I CI 4-5-6,76,11.00501010.02.2,11.00501010.02.2,"Institutor; maistru instructor, studii superioare lungă durată grad didactic II","Institutor|maistru instructor, studii superioare lungă durată grad didactic II",,,,,,20-25 ani,S,5. Coeficienți de salarizare învăţământ preuniversitar,2.01856,2.01856,2.01856,Gradația 0,0
2026-07-17,I,I CI 4-5-6,77,11.00501010.02.3,11.00501010.02.3,"Institutor; maistru instructor, studii superioare lungă durată grad didactic II","Institutor|maistru instructor, studii superioare lungă durată grad didactic II",,,,,,15-20 ani,S,5. Coeficienți de salarizare învăţământ preuniversitar,2.01124,2.01124,2.01124,Gradația 0,0
2026-07-17,I,I CI 4-5-6,78,11.00501010.02.4,11.00501010.02.4,"Institutor; maistru instructor, studii superioare lungă durată grad didactic II","Institutor|maistru instructor, studii superioare lungă durată grad didactic II",,,,,,10-15 ani,S,5. Coeficienți de salarizare învăţământ preuniversitar,1.9595644444444442,1.9595644444444442,1.959564444,Gradația 0,0
2026-07-17,I,I CI 4-5-6,79,11.00501010.02.5,11.00501010.02.5,"Institutor; maistru instructor, studii superioare lungă durată grad didactic II","Institutor|maistru instructor, studii superioare lungă durată grad didactic II",,,,,,5-10 ani,S,5. Coeficienți de salarizare învăţământ preuniversitar,1.9282044444444442,1.9282044444444442,1.928204444,Gradația 0,0
2026-07-17,I,I CI 4-5-6,80,11.00501010.02.6,11.00501010.02.6,"Institutor; maistru instructor, studii superioare lungă durată grad didactic II","Institutor|maistru instructor, studii superioare lungă durată grad didactic II",,,,,,1-5 ani,S,5. Coeficienți de salarizare învăţământ preuniversitar,1.8968444444444441,1.8968444444444441,1.896844444,Gradația 0,0
2026-07-17,I,I CI 4-5-6,81,11.00501011.02.1,11.00501011.02.1,"Institutor; maistru instructor, studii superioare lungă durată grad didactic definitiv","Institutor|maistru instructor, studii superioare lungă durată grad didactic definitiv",,,,,,peste 25 de ani,S,5. Coeficienți de salarizare învăţământ preuniversitar,2.0187999999999997,2.0187999999999997,2.0188,Gradația 0,0
2026-07-17,I,I CI 4-5-6,82,11.00501011.02.2,11.00501011.02.2,"Institutor; maistru instructor, studii superioare lungă durată grad didactic definitiv","Institutor|maistru instructor, studii superioare lungă durată grad didactic definitiv",,,,,,20-25 ani,S,5. Coeficienți de salarizare învăţământ preuniversitar,1.9728142857142854,1.9728142857142854,1.972814286,Gradația 0,0
2026-07-17,I,I CI 4-5-6,83,11.00501011.02.3,11.00501011.02.3,"Institutor; maistru instructor, studii superioare lungă durată grad didactic definitiv","Institutor|maistru instructor, studii superioare lungă durată grad didactic definitiv",,,,,,15-20 ani,S,5. Coeficienți de salarizare învăţământ preuniversitar,1.9412942857142854,1.9412942857142854,1.941294286,Gradația 0,0
2026-07-17,I,I CI 4-5-6,84,11.00501011.02.4,11.00501011.02.4,"Institutor; maistru instructor, studii superioare lungă durată grad didactic definitiv","Institutor|maistru instructor, studii superioare lungă durată grad didactic definitiv",,,,,,10-15 ani,S,5. Coeficienți de salarizare învăţământ preuniversitar,1.9215942857142854,1.9215942857142854,1.921594286,Gradația 0,0
2026-07-17,I,I CI 4-5-6,85,11.00501011.02.5,11.00501011.02.5,"Institutor; maistru instructor, studii superioare lungă durată grad didactic definitiv","Institutor|maistru instructor, studii superioare lungă durată grad didactic definitiv",,,,,,5-10 ani,S,5. Coeficienți de salarizare învăţământ preuniversitar,1.9018942857142855,1.9018942857142855,1.901894286,Gradația 0,0
2026-07-17,I,I CI 4-5-6,86,11.00501011.02.6,11.00501011.02.6,"Institutor; maistru instructor, studii superioare lungă durată grad didactic definitiv","Institutor|maistru instructor, studii superioare lungă durată grad didactic definitiv",,,,,,1-5 ani,S,5. Coeficienți de salarizare învăţământ preuniversitar,1.8917485714285711,1.8917485714285711,1.891748571,Gradația 0,0
2026-07-17,I,I CI 4-5-6,87,11.00501012.02.1,11.00501012.02.1,"Institutor; maistru instructor, studii superioare lungă durată debutant","Institutor|maistru instructor, studii superioare lungă durată debutant",,,,,,până la 1 an,S,5. Coeficienți de salarizare învăţământ preuniversitar,1.8619999999999999,1.8619999999999999,1.862,Gradația 0,0
2026-07-17,I,I CI 4-5-6,88,11.00501013.02.1,11.00501013.02.1,"Institutor; educator-puericultor; maistru instructor, studii superioare scurtă durată grad didactic I","Institutor|educator-puericultor|maistru instructor, studii superioare scurtă durată grad didactic I",,,,,,peste 25 de ani,SSD,5. Coeficienți de salarizare învăţământ preuniversitar,2.08425525,2.08425525,2.08425525,Gradația 0,0
2026-07-17,I,I CI 4-5-6,89,11.00501013.02.2,11.00501013.02.2,"Institutor; educator-puericultor; maistru instructor, studii superioare scurtă durată grad didactic I","Institutor|educator-puericultor|maistru instructor, studii superioare scurtă durată grad didactic I",,,,,,20-25 ani,SSD,5. Coeficienți de salarizare învăţământ preuniversitar,2.0372114999999997,2.0372114999999997,2.0372115,Gradația 0,0
2026-07-17,I,I CI 4-5-6,90,11.00501013.02.3,11.00501013.02.3,"Institutor; educator-puericultor; maistru instructor, studii superioare scurtă durată grad didactic I","Institutor|educator-puericultor|maistru instructor, studii superioare scurtă durată grad didactic I",,,,,,15-20 ani,SSD,5. Coeficienți de salarizare învăţământ preuniversitar,1.9672319999999999,1.9672319999999999,1.967232,Gradația 0,0
2026-07-17,I,I CI 4-5-6,91,11.00501013.02.4,11.00501013.02.4,"Institutor; educator-puericultor; maistru instructor, studii superioare scurtă durată grad didactic I","Institutor|educator-puericultor|maistru instructor, studii superioare scurtă durată grad didactic I",,,,,,10-15 ani,SSD,5. Coeficienți de salarizare învăţământ preuniversitar,1.939240421052632,1.939240421052632,1.939240421,Gradația 0,0
2026-07-17,I,I CI 4-5-6,92,11.00501013.02.5,11.00501013.02.5,"Institutor; educator-puericultor; maistru instructor, studii superioare scurtă durată grad didactic I","Institutor|educator-puericultor|maistru instructor, studii superioare scurtă durată grad didactic I",,,,,,5-10 ani,SSD,5. Coeficienți de salarizare învăţământ preuniversitar,1.8675050697012803,1.8675050697012803,1.86750507,Gradația 0,0
2026-07-17,I,I CI 4-5-6,93,11.00501014.02.1,11.00501014.02.1,"Institutor; educator-puericultor; maistru instructor, studii superioare scurtă durată grad didactic II","Institutor|educator-puericultor|maistru instructor, studii superioare scurtă durată grad didactic II",,,,,,peste 25 de ani,SSD,5. Coeficienți de salarizare învăţământ preuniversitar,1.9744511999999994,1.9744511999999994,1.9744512,Gradația 0,0
2026-07-17,I,I CI 4-5-6,94,11.00501014.02.2,11.00501014.02.2,"Institutor; educator-puericultor; maistru instructor, studii superioare scurtă durată grad didactic II","Institutor|educator-puericultor|maistru instructor, studii superioare scurtă durată grad didactic II",,,,,,20-25 ani,SSD,5. Coeficienți de salarizare învăţământ preuniversitar,1.9580031999999998,1.9580031999999998,1.9580032,Gradația 0,0
2026-07-17,I,I CI 4-5-6,95,11.00501014.02.3,11.00501014.02.3,"Institutor; educator-puericultor; maistru instructor, studii superioare scurtă durată grad didactic II","Institutor|educator-puericultor|maistru instructor, studii superioare scurtă durată grad didactic II",,,,,,15-20 ani,SSD,5. Coeficienți de salarizare învăţământ preuniversitar,1.9509028,1.9509028,1.9509028,Gradația 0,0
2026-07-17,I,I CI 4-5-6,96,11.00501014.02.4,11.00501014.02.4,"Institutor; educator-puericultor; maistru instructor, studii superioare scurtă durată grad didactic II","Institutor|educator-puericultor|maistru instructor, studii superioare scurtă durată grad didactic II",,,,,,10-15 ani,SSD,5. Coeficienți de salarizare învăţământ preuniversitar,1.9203731555555552,1.9203731555555552,1.920373156,Gradația 0,0
2026-07-17,I,I CI 4-5-6,97,11.00501014.02.5,11.00501014.02.5,"Institutor; educator-puericultor; maistru instructor, studii superioare scurtă durată grad didactic II","Institutor|educator-puericultor|maistru instructor, studii superioare scurtă durată grad didactic II",,,,,,5-10 ani,SSD,5. Coeficienți de salarizare învăţământ preuniversitar,1.8896403555555552,1.8896403555555552,1.889640356,Gradația 0,0
2026-07-17,I,I CI 4-5-6,98,11.00501014.02.6,11.00501014.02.6,"Institutor; educator-puericultor; maistru instructor, studii superioare scurtă durată grad didactic II","Institutor|educator-puericultor|maistru instructor, studii superioare scurtă durată grad didactic II",,,,,,1-5 ani,SSD,5. Coeficienți de salarizare învăţământ preuniversitar,1.8589075555555552,1.8589075555555552,1.858907556,Gradația 0,0
2026-07-17,I,I CI 4-5-6,99,11.00501015.02.1,11.00501015.02.1,"Institutor; educator-puericultor; maistru instructor, studii superioare scurtă durată grad didactic definitiv","Institutor|educator-puericultor|maistru instructor, studii superioare scurtă durată grad didactic definitiv",,,,,,peste 25 de ani,SSD,5. Coeficienți de salarizare învăţământ preuniversitar,1.9784239999999997,1.9784239999999997,1.978424,Gradația 0,0
2026-07-17,I,I CI 4-5-6,100,11.00501015.02.2,11.00501015.02.2,"Institutor; educator-puericultor; maistru instructor, studii superioare scurtă durată grad didactic definitiv","Institutor|educator-puericultor|maistru instructor, studii superioare scurtă durată grad didactic definitiv",,,,,,20-25 ani,SSD,5. Coeficienți de salarizare învăţământ preuniversitar,1.9333579999999997,1.9333579999999997,1.933358,Gradația 0,0
2026-07-17,I,I CI 4-5-6,101,11.00501015.02.3,11.00501015.02.3,"Institutor; educator-puericultor; maistru instructor, studii superioare scurtă durată grad didactic definitiv","Institutor|educator-puericultor|maistru instructor, studii superioare scurtă durată grad didactic definitiv",,,,,,15-20 ani,SSD,5. Coeficienți de salarizare învăţământ preuniversitar,1.9024683999999996,1.9024683999999996,1.9024684,Gradația 0,0
2026-07-17,I,I CI 4-5-6,102,11.00501015.02.4,11.00501015.02.4,"Institutor; educator-puericultor; maistru instructor, studii superioare scurtă durată grad didactic definitiv","Institutor|educator-puericultor|maistru instructor, studii superioare scurtă durată grad didactic definitiv",,,,,,10-15 ani,SSD,5. Coeficienți de salarizare învăţământ preuniversitar,1.8831623999999996,1.8831623999999996,1.8831624,Gradația 0,0
2026-07-17,I,I CI 4-5-6,103,11.00501015.02.5,11.00501015.02.5,"Institutor; educator-puericultor; maistru instructor, studii superioare scurtă durată grad didactic definitiv","Institutor|educator-puericultor|maistru instructor, studii superioare scurtă durată grad didactic definitiv",,,,,,5-10 ani,SSD,5. Coeficienți de salarizare învăţământ preuniversitar,1.8638563999999997,1.8638563999999997,1.8638564,Gradația 0,0
2026-07-17,I,I CI 4-5-6,104,11.00501015.02.6,11.00501015.02.6,"Institutor; educator-puericultor; maistru instructor, studii superioare scurtă durată grad didactic definitiv","Institutor|educator-puericultor|maistru instructor, studii superioare scurtă durată grad didactic definitiv",,,,,,1-5 ani,SSD,5. Coeficienți de salarizare învăţământ preuniversitar,1.8539135999999996,1.8539135999999996,1.8539136,Gradația 0,0
2026-07-17,I,I CI 4-5-6,105,11.00501016.02.1,11.00501016.02.1,"Institutor; educator-puericultor; maistru instructor, studii superioare scurtă durată debutant","Institutor|educator-puericultor|maistru instructor, studii superioare scurtă durată debutant",,,,,,până la 1 an,SSD,5. Coeficienți de salarizare învăţământ preuniversitar,1.8433799999999998,1.8433799999999998,1.84338,Gradația 0,0
2026-07-17,I,I CI 4-5-6,106,11.00501017.03.1,11.00501017.03.1,Învăţător; educatoare; educator-puericultor; maistru - instructor (cu studii de nivel liceal) grad didactic I,Învăţător|educatoare|educator-puericultor|maistru - instructor grad didactic I,,,,,,peste 25 de ani,M,5. Coeficienți de salarizare învăţământ preuniversitar,2.0634126975,2.0634126975,2.063412698,Gradația 0,0
2026-07-17,I,I CI 4-5-6,107,11.00501017.03.2,11.00501017.03.2,Învăţător; educatoare; educator-puericultor; maistru - instructor (cu studii de nivel liceal) grad didactic I,Învăţător|educatoare|educator-puericultor|maistru - instructor grad didactic I,,,,,,20-25 ani,M,5. Coeficienți de salarizare învăţământ preuniversitar,2.016839385,2.016839385,2.016839385,Gradația 0,0
2026-07-17,I,I CI 4-5-6,108,11.00501017.03.3,11.00501017.03.3,Învăţător; educatoare; educator-puericultor; maistru - instructor (cu studii de nivel liceal) grad didactic I,Învăţător|educatoare|educator-puericultor|maistru - instructor grad didactic I,,,,,,15-20 ani,M,5. Coeficienți de salarizare învăţământ preuniversitar,1.94755968,1.94755968,1.94755968,Gradația 0,0
2026-07-17,I,I CI 4-5-6,109,11.00501017.03.4,11.00501017.03.4,Învăţător; educatoare; educator-puericultor; maistru - instructor (cu studii de nivel liceal) grad didactic I,Învăţător|educatoare|educator-puericultor|maistru - instructor grad didactic I,,,,,,10-15 ani,M,5. Coeficienți de salarizare învăţământ preuniversitar,1.9198480168421057,1.9198480168421057,1.919848017,Gradația 0,0
2026-07-17,I,I CI 4-5-6,110,11.00501017.03.5,11.00501017.03.5,Învăţător; educatoare; educator-puericultor; maistru - instructor (cu studii de nivel liceal) grad didactic I,Învăţător|educatoare|educator-puericultor|maistru - instructor grad didactic I,,,,,,5-10 ani,M,5. Coeficienți de salarizare învăţământ preuniversitar,1.8488300190042675,1.8488300190042675,1.848830019,Gradația 0,0
2026-07-17,I,I CI 4-5-6,111,11.00501018.03.1,11.00501018.03.1,Învăţător; educatoare; educator-puericultor; maistru - instructor (cu studii de nivel liceal) grad didactic II,Învăţător|educatoare|educator-puericultor|maistru - instructor grad didactic II,,,,,,peste 25 de ani,M,5. Coeficienți de salarizare învăţământ preuniversitar,1.9547066879999995,1.9547066879999995,1.954706688,Gradația 0,0
2026-07-17,I,I CI 4-5-6,112,11.00501018.03.2,11.00501018.03.2,Învăţător; educatoare; educator-puericultor; maistru - instructor (cu studii de nivel liceal) grad didactic II,Învăţător|educatoare|educator-puericultor|maistru - instructor grad didactic II,,,,,,20-25 ani,M,5. Coeficienți de salarizare învăţământ preuniversitar,1.938423168,1.938423168,1.938423168,Gradația 0,0
2026-07-17,I,I CI 4-5-6,113,11.00501018.03.3,11.00501018.03.3,Învăţător; educatoare; educator-puericultor; maistru - instructor (cu studii de nivel liceal) grad didactic II,Învăţător|educatoare|educator-puericultor|maistru - instructor grad didactic II,,,,,,15-20 ani,M,5. Coeficienți de salarizare învăţământ preuniversitar,1.921639258,1.921639258,1.921639258,Gradația 0,0
2026-07-17,I,I CI 4-5-6,114,11.00501018.03.4,11.00501018.03.4,Învăţător; educatoare; educator-puericultor; maistru - instructor (cu studii de nivel liceal) grad didactic II,Învăţător|educatoare|educator-puericultor|maistru - instructor grad didactic II,,,,,,10-15 ani,M,5. Coeficienți de salarizare învăţământ preuniversitar,1.9011694239999997,1.9011694239999997,1.901169424,Gradația 0,0
2026-07-17,I,I CI 4-5-6,115,11.00501018.03.5,11.00501018.03.5,Învăţător; educatoare; educator-puericultor; maistru - instructor (cu studii de nivel liceal) grad didactic II,Învăţător|educatoare|educator-puericultor|maistru - instructor grad didactic II,,,,,,5-10 ani,M,5. Coeficienți de salarizare învăţământ preuniversitar,1.8707439519999995,1.8707439519999995,1.870743952,Gradația 0,0
2026-07-17,I,I CI 4-5-6,116,11.00501018.03.6,11.00501018.03.6,Învăţător; educatoare; educator-puericultor; maistru - instructor (cu studii de nivel liceal) grad didactic II,Învăţător|educatoare|educator-puericultor|maistru - instructor grad didactic II,,,,,,1-5 ani,M,5. Coeficienți de salarizare învăţământ preuniversitar,1.8403184799999996,1.8403184799999996,1.84031848,Gradația 0,0
2026-07-17,I,I CI 4-5-6,117,11.00501019.03.1,11.00501019.03.1,Învăţător; educatoare; educator-puericultor; maistru - instructor (cu studii de nivel liceal) grad didactic definitiv,Învăţător|educatoare|educator-puericultor|maistru - instructor grad didactic definitiv,,,,,,peste 25 de ani,M,5. Coeficienți de salarizare învăţământ preuniversitar,1.9586397599999996,1.9586397599999996,1.95863976,Gradația 0,0
2026-07-17,I,I CI 4-5-6,118,11.00501019.03.2,11.00501019.03.2,Învăţător; educatoare; educator-puericultor; maistru - instructor (cu studii de nivel liceal) grad didactic definitiv,Învăţător|educatoare|educator-puericultor|maistru - instructor grad didactic definitiv,,,,,,20-25 ani,M,5. Coeficienți de salarizare învăţământ preuniversitar,1.9140244199999996,1.9140244199999996,1.91402442,Gradația 0,0
2026-07-17,I,I CI 4-5-6,119,11.00501019.03.3,11.00501019.03.3,Învăţător; educatoare; educator-puericultor; maistru - instructor (cu studii de nivel liceal) grad didactic definitiv,Învăţător|educatoare|educator-puericultor|maistru - instructor grad didactic definitiv,,,,,,15-20 ani,M,5. Coeficienți de salarizare învăţământ preuniversitar,1.8834437159999997,1.8834437159999997,1.883443716,Gradația 0,0
2026-07-17,I,I CI 4-5-6,120,11.00501019.03.4,11.00501019.03.4,Învăţător; educatoare; educator-puericultor; maistru - instructor (cu studii de nivel liceal) grad didactic definitiv,Învăţător|educatoare|educator-puericultor|maistru - instructor grad didactic definitiv,,,,,,10-15 ani,M,5. Coeficienți de salarizare învăţământ preuniversitar,1.8643307759999996,1.8643307759999996,1.864330776,Gradația 0,0
2026-07-17,I,I CI 4-5-6,121,11.00501019.03.5,11.00501019.03.5,Învăţător; educatoare; educator-puericultor; maistru - instructor (cu studii de nivel liceal) grad didactic definitiv,Învăţător|educatoare|educator-puericultor|maistru - instructor grad didactic definitiv,,,,,,5-10 ani,M,5. Coeficienți de salarizare învăţământ preuniversitar,1.8452178359999998,1.8452178359999998,1.845217836,Gradația 0,0
2026-07-17,I,I CI 4-5-6,122,11.00501019.03.6,11.00501019.03.6,Învăţător; educatoare; educator-puericultor; maistru - instructor (cu studii de nivel liceal) grad didactic definitiv,Învăţător|educatoare|educator-puericultor|maistru - instructor grad didactic definitiv,,,,,,1-5 ani,M,5. Coeficienți de salarizare învăţământ preuniversitar,1.8353744639999996,1.8353744639999996,1.835374464,Gradația 0,0
2026-07-17,I,I CI 4-5-6,123,11.00501020.03.1,11.00501020.03.1,Învăţător; educatoare; educator-puericultor; maistru - instructor (cu studii de nivel liceal) debutant,Învăţător|educatoare|educator-puericultor|maistru - instructor debutant,,,,,,până la 1 an,M,5. Coeficienți de salarizare învăţământ preuniversitar,1.8249461999999999,1.8249461999999999,1.8249462,Gradația 0,0
2026-07-17,I,I CI 4-5-6,124,11.00501021.04.1,11.00501021.04.1,"Profesor; învăţător; educatoare; educator-puericultor; maistru-instructor(cu studii de nivel liceal, fără pregătire de specialitate)",Profesor|învăţător|educatoare|educator-puericultor|maistru-instructor,,,,,,peste 25 de ani,M,5. Coeficienți de salarizare învăţământ preuniversitar,1.9586397599999996,1.9586397599999996,1.95863976,Gradația 0,0
2026-07-17,I,I CI 4-5-6,125,11.00501021.04.2,11.00501021.04.2,"Profesor; învăţător; educatoare; educator-puericultor; maistru-instructor(cu studii de nivel liceal, fără pregătire de specialitate)",Profesor|învăţător|educatoare|educator-puericultor|maistru-instructor,,,,,,20-25 ani,M,5. Coeficienți de salarizare învăţământ preuniversitar,1.9140244199999996,1.9140244199999996,1.91402442,Gradația 0,0
2026-07-17,I,I CI 4-5-6,126,11.00501021.04.3,11.00501021.04.3,"Profesor; învăţător; educatoare; educator-puericultor; maistru-instructor(cu studii de nivel liceal, fără pregătire de specialitate)",Profesor|învăţător|educatoare|educator-puericultor|maistru-instructor,,,,,,15-20 ani,M,5. Coeficienți de salarizare învăţământ preuniversitar,1.8834437159999997,1.8834437159999997,1.883443716,Gradația 0,0
2026-07-17,I,I CI 4-5-6,127,11.00501021.04.4,11.00501021.04.4,"Profesor; învăţător; educatoare; educator-puericultor; maistru-instructor(cu studii de nivel liceal, fără pregătire de specialitate)",Profesor|învăţător|educatoare|educator-puericultor|maistru-instructor,,,,,,10-15 ani,M,5. Coeficienți de salarizare învăţământ preuniversitar,1.8643307759999996,1.8643307759999996,1.864330776,Gradația 0,0
2026-07-17,I,I CI 4-5-6,128,11.00501021.04.5,11.00501021.04.5,"Profesor; învăţător; educatoare; educator-puericultor; maistru-instructor(cu studii de nivel liceal, fără pregătire de specialitate)",Profesor|învăţător|educatoare|educator-puericultor|maistru-instructor,,,,,,5-10 ani,M,5. Coeficienți de salarizare învăţământ preuniversitar,1.8452178359999998,1.8452178359999998,1.845217836,Gradația 0,0
2026-07-17,I,I CI 4-5-6,129,11.00501021.04.6,11.00501021.04.6,"Profesor; învăţător; educatoare; educator-puericultor; maistru-instructor(cu studii de nivel liceal, fără pregătire de specialitate)",Profesor|învăţător|educatoare|educator-puericultor|maistru-instructor,,,,,,1-5 ani,M,5. Coeficienți de salarizare învăţământ preuniversitar,1.8353744639999996,1.8353744639999996,1.835374464,Gradația 0,0
2026-07-17,I,I CI 4-5-6,130,11.00501021.04.7,11.00501021.04.7,"Profesor; învăţător; educatoare; educator-puericultor; maistru-instructor(cu studii de nivel liceal, fără pregătire de specialitate)",Profesor|învăţător|educatoare|educator-puericultor|maistru-instructor,,,,,,până la 1 an,M,5. Coeficienți de salarizare învăţământ preuniversitar,1.8249461999999999,1.8249461999999999,1.8249462,Gradația 0,0
2026-07-17,I,I CI 4-5-6,131,,,Antrenor,Antrenor,,,,,,maestru (categoria I),S,5. Coeficienți de salarizare învăţământ preuniversitar,1.099023497101007,2.152591118596277,2.152591119|1.099023497,Gradația 0|,0
2026-07-17,I,I CI 4-5-6,132,,,Antrenor,Antrenor,,,,,,senior (categoria II),S,5. Coeficienți de salarizare învăţământ preuniversitar,1.0819873865559144,2.0709502799999995,2.07095028|1.081987387,Gradația 0|,0
2026-07-17,I,I CI 4-5-6,133,,,Antrenor,Antrenor,,,,,,categoria III,S,5. Coeficienți de salarizare învăţământ preuniversitar,1.073689109525287,2.022233006273037,2.022233006|1.07368911,Gradația 0|,0
2026-07-17,I,I CI 4-5-6,134,,,Antrenor,Antrenor,,,,,,categoria IV,S,5. Coeficienți de salarizare învăţământ preuniversitar,1.0444374902206228,1.9471769566265058,1.947176957|1.04443749,Gradația 0|,0
2026-07-17,I,I CI 4-5-6,135,,,Antrenor,Antrenor,,,,,,asistent (cateroria V),S,5. Coeficienți de salarizare învăţământ preuniversitar,1.0222502761559098,1.88627444241881,1.886274442|1.022250276,Gradația 0|,0
2026-07-17,I,I CI 4-5-6,136,,,Antrenor,Antrenor,,,,,,debutant,S,5. Coeficienți de salarizare învăţământ preuniversitar,0.9893346068131168,1.8054824312320914,1.805482431|0.9893346068,Gradația 0|,0
2026-07-17,I,I CI 4-5-6,137,,,Antrenor,Antrenor,,,,,,maestru (categoria I),M,5. Coeficienți de salarizare învăţământ preuniversitar,1.9571769566265058,1.9571769566265058,1.957176957,Gradația 0,0
2026-07-17,I,I CI 4-5-6,138,,,Antrenor,Antrenor,,,,,,senior (categoria II),M,5. Coeficienți de salarizare învăţământ preuniversitar,1.0235654169854629,1.9121171193831987,1.912117119|1.023565417,Gradația 0|,0
2026-07-17,I,I CI 4-5-6,139,,,Antrenor,Antrenor,,,,,,categoria III,M,5. Coeficienți de salarizare învăţământ preuniversitar,1.0158557438209235,1.882272292118151,1.882272292|1.015855744,Gradația 0|,0
2026-07-17,I,I CI 4-5-6,140,,,Antrenor,Antrenor,,,,,,categoria IV,M,5. Coeficienți de salarizare învăţământ preuniversitar,1.036076662908681,1.8167307106733404,1.816730711|1.036076663,Gradația 0|,0
2026-07-17,I,I CI 4-5-6,141,,,Antrenor,Antrenor,,,,,,asistent (cateroria V),M,5. Coeficienți de salarizare învăţământ preuniversitar,1.0296849087893865,1.7643559647866391,1.764355965|1.029684909,Gradația 0|,0
2026-07-17,I,I CI 4-5-6,142,,,Antrenor,Antrenor,,,,,,debutant,M,5. Coeficienți de salarizare învăţământ preuniversitar,1.0412709376618892,1.6944254381557922,1.694425438|1.041270938,Gradația 0|,0
2026-07-17,I,I CI 4-5-6,144,11.00601001.02.1,11.00601001.02.1,Administrator financiar,Administrator financiar,,execuție,,,,grad I,S,6. Coeficienți de salarizare pentru funcţiile didactice auxiliare din unitățile de învățământ preuniversitar Funcţii de execuţie,1.8565000000000003,1.8565000000000003,1.8565,Gradația 0,0
2026-07-17,I,I CI 4-5-6,145,11.00601001.02.2,11.00601001.02.2,Administrator financiar,Administrator financiar,,execuție,,,,grad II,S,6. Coeficienți de salarizare pentru funcţiile didactice auxiliare din unitățile de învățământ preuniversitar Funcţii de execuţie,1.78,1.78,1.78,Gradația 0,0
2026-07-17,I,I CI 4-5-6,146,11.00601001.02.3,11.00601001.02.3,Administrator financiar,Administrator financiar,,execuție,,,,grad III,S,6. Coeficienți de salarizare pentru funcţiile didactice auxiliare din unitățile de învățământ preuniversitar Funcţii de execuţie,1.7,1.7,1.7,Gradația 0,0
2026-07-17,I,I CI 4-5-6,147,11.00601001.02.4,11.00601001.02.4,Administrator financiar,Administrator financiar,,execuție,,,,debutant,S,6. Coeficienți de salarizare pentru funcţiile didactice auxiliare din unitățile de învățământ preuniversitar Funcţii de execuţie,1.6192,1.6192,1.6192,Gradația 0,0
2026-07-17,I,I CI 4-5-6,148,11.00601001.02.1,11.00601001.02.1,Bibliotecar; bibliotecar-arhivist; bibliograf; conservator;restaurator;analist,Bibliotecar|bibliotecar-arhivist|bibliograf|conservator|restaurator|analist,,execuție,,,,grad I,S,6. Coeficienți de salarizare pentru funcţiile didactice auxiliare din unitățile de învățământ preuniversitar Funcţii de execuţie,2.1497905000000004,2.1497905000000004,2.1497905,Gradația 0,0
2026-07-17,I,I CI 4-5-6,149,11.00601001.02.2,11.00601001.02.2,Bibliotecar; bibliotecar-arhivist; bibliograf; conservator;restaurator;analist,Bibliotecar|bibliotecar-arhivist|bibliograf|conservator|restaurator|analist,,execuție,,,,grad II,S,6. Coeficienți de salarizare pentru funcţiile didactice auxiliare din unitățile de învățământ preuniversitar Funcţii de execuţie,1.9348114500000004,1.9348114500000004,1.93481145,Gradația 0,0
2026-07-17,I,I CI 4-5-6,150,11.00601001.02.3,11.00601001.02.3,Bibliotecar; bibliotecar-arhivist; bibliograf; conservator;restaurator;analist,Bibliotecar|bibliotecar-arhivist|bibliograf|conservator|restaurator|analist,,execuție,,,,grad III,S,6. Coeficienți de salarizare pentru funcţiile didactice auxiliare din unitățile de învățământ preuniversitar Funcţii de execuţie,1.7413303050000004,1.7413303050000004,1.741330305,Gradația 0,0
2026-07-17,I,I CI 4-5-6,151,11.00601001.02.4,11.00601001.02.4,Bibliotecar; bibliotecar-arhivist; bibliograf; conservator;restaurator;analist,Bibliotecar|bibliotecar-arhivist|bibliograf|conservator|restaurator|analist,,execuție,,,,debutant,S,6. Coeficienți de salarizare pentru funcţiile didactice auxiliare din unitățile de învățământ preuniversitar Funcţii de execuţie,1.6020238806000004,1.6020238806000004,1.602023881,Gradația 0,0
2026-07-17,I,I CI 4-5-6,152,11.00601002.02.1,11.00601002.02.1,Informatician; analist programator,Informatician|analist programator,,execuție,,,,grad I A,S,6. Coeficienți de salarizare pentru funcţiile didactice auxiliare din unitățile de învățământ preuniversitar Funcţii de execuţie,2,2,2,Gradația 0,0
2026-07-17,I,I CI 4-5-6,153,11.00601002.02.2,11.00601002.02.2,Informatician; analist programator,Informatician|analist programator,,execuție,,,,grad I,S,6. Coeficienți de salarizare pentru funcţiile didactice auxiliare din unitățile de învățământ preuniversitar Funcţii de execuţie,1.91,1.91,1.91,Gradația 0,0
2026-07-17,I,I CI 4-5-6,154,11.00601002.02.3,11.00601002.02.3,Informatician; analist programator,Informatician|analist programator,,execuție,,,,grad II,S,6. Coeficienți de salarizare pentru funcţiile didactice auxiliare din unitățile de învățământ preuniversitar Funcţii de execuţie,1.83,1.83,1.83,Gradația 0,0
2026-07-17,I,I CI 4-5-6,155,11.00601002.02.4,11.00601002.02.4,Informatician; analist programator,Informatician|analist programator,,execuție,,,,debutant,S,6. Coeficienți de salarizare pentru funcţiile didactice auxiliare din unitățile de învățământ preuniversitar Funcţii de execuţie,1.74,1.74,1.74,Gradația 0,0
2026-07-17,I,I CI 4-5-6,156,11.00601003.01.1,11.00601003.01.1,Secretar institutie/ unitate de invatamant,Secretar institutie|unitate de invatamant,,execuție,,,,grad I,S,6. Coeficienți de salarizare pentru funcţiile didactice auxiliare din unitățile de învățământ preuniversitar Funcţii de execuţie,1.8565000000000003,1.8565000000000003,1.8565,Gradația 0,0
2026-07-17,I,I CI 4-5-6,157,11.00601003.01.2,11.00601003.01.2,Secretar institutie/ unitate de invatamant,Secretar institutie|unitate de invatamant,,execuție,,,,grad II,S,6. Coeficienți de salarizare pentru funcţiile didactice auxiliare din unitățile de învățământ preuniversitar Funcţii de execuţie,1.78,1.78,1.78,Gradația 0,0
2026-07-17,I,I CI 4-5-6,158,11.00601003.01.3,11.00601003.01.3,Secretar institutie/ unitate de invatamant,Secretar institutie|unitate de invatamant,,execuție,,,,grad III,S,6. Coeficienți de salarizare pentru funcţiile didactice auxiliare din unitățile de învățământ preuniversitar Funcţii de execuţie,1.7,1.7,1.7,Gradația 0,0
2026-07-17,I,I CI 4-5-6,159,11.00601003.01.4,11.00601003.01.4,Secretar institutie/ unitate de invatamant,Secretar institutie|unitate de invatamant,,execuție,,,,debutant,S,6. Coeficienți de salarizare pentru funcţiile didactice auxiliare din unitățile de învățământ preuniversitar Funcţii de execuţie,1.6192,1.6192,1.6192,Gradația 0,0
2026-07-17,I,I CI 4-5-6,160,11.00601004.03.1,11.00601004.03.1,Pedagog scolar; laborant; mediator școlar,Pedagog scolar|laborant|mediator școlar,,execuție,,,,grad I A,S,6. Coeficienți de salarizare pentru funcţiile didactice auxiliare din unitățile de învățământ preuniversitar Funcţii de execuţie,1.76,1.76,1.76,Gradația 0,0
2026-07-17,I,I CI 4-5-6,161,11.00601004.03.2,11.00601004.03.2,Pedagog scolar; laborant; mediator școlar,Pedagog scolar|laborant|mediator școlar,,execuție,,,,grad I,S,6. Coeficienți de salarizare pentru funcţiile didactice auxiliare din unitățile de învățământ preuniversitar Funcţii de execuţie,1.69,1.69,1.69,Gradația 0,0
2026-07-17,I,I CI 4-5-6,162,11.00601004.03.3,11.00601004.03.3,Pedagog scolar; laborant; mediator școlar,Pedagog scolar|laborant|mediator școlar,,execuție,,,,grad II,S,6. Coeficienți de salarizare pentru funcţiile didactice auxiliare din unitățile de învățământ preuniversitar Funcţii de execuţie,1.63,1.63,1.63,Gradația 0,0
2026-07-17,I,I CI 4-5-6,163,11.00601004.03.4,11.00601004.03.4,Pedagog scolar; laborant; mediator școlar,Pedagog scolar|laborant|mediator școlar,,execuție,,,,debutant,S,6. Coeficienți de salarizare pentru funcţiile didactice auxiliare din unitățile de învățământ preuniversitar Funcţii de execuţie,1.56,1.56,1.56,Gradația 0,0
2026-07-17,I,I CI 4-5-6,164,,,Instructor-animator,Instructor-animator,,execuție,,,,grad I A,S,6. Coeficienți de salarizare pentru funcţiile didactice auxiliare din unitățile de învățământ preuniversitar Funcţii de execuţie,1.74,1.74,1.74,Gradația 0,0
2026-07-17,I,I CI 4-5-6,165,11.00601005.03.1,11.00601005.03.1,Instructor-animator,Instructor-animator,,execuție,,,,grad I,S,6. Coeficienți de salarizare pentru funcţiile didactice auxiliare din unitățile de învățământ preuniversitar Funcţii de execuţie,1.72,1.72,1.72,Gradația 0,0
2026-07-17,I,I CI 4-5-6,166,11.00601005.03.2,11.00601005.03.2,Instructor-animator,Instructor-animator,,execuție,,,,grad II,S,6. Coeficienți de salarizare pentru funcţiile didactice auxiliare din unitățile de învățământ preuniversitar Funcţii de execuţie,1.66,1.66,1.66,Gradația 0,0
2026-07-17,I,I CI 4-5-6,167,11.00601005.03.3,11.00601005.03.3,Instructor-animator,Instructor-animator,,execuție,,,,debutant,S,6. Coeficienți de salarizare pentru funcţiile didactice auxiliare din unitățile de învățământ preuniversitar Funcţii de execuţie,1.54,1.54,1.54,Gradația 0,0
2026-07-17,I,I CI 4-5-6,168,,,Corepetitor; instructor de educaţie extraşcolară,Corepetitor|instructor de educaţie extraşcolară,,execuție,,,,grad I A,S,6. Coeficienți de salarizare pentru funcţiile didactice auxiliare din unitățile de învățământ preuniversitar Funcţii de execuţie,1.74,1.74,1.74,Gradația 0,0
2026-07-17,I,I CI 4-5-6,169,11.00601005.03.1,11.00601005.03.1,Corepetitor; instructor de educaţie extraşcolară,Corepetitor|instructor de educaţie extraşcolară,,execuție,,,,grad I,S,6. Coeficienți de salarizare pentru funcţiile didactice auxiliare din unitățile de învățământ preuniversitar Funcţii de execuţie,1.72,1.72,1.72,Gradația 0,0
2026-07-17,I,I CI 4-5-6,170,11.00601005.03.2,11.00601005.03.2,Corepetitor; instructor de educaţie extraşcolară,Corepetitor|instructor de educaţie extraşcolară,,execuție,,,,grad II,S,6. Coeficienți de salarizare pentru funcţiile didactice auxiliare din unitățile de învățământ preuniversitar Funcţii de execuţie,1.66,1.66,1.66,Gradația 0,0
2026-07-17,I,I CI 4-5-6,171,11.00601005.03.3,11.00601005.03.3,Corepetitor; instructor de educaţie extraşcolară,Corepetitor|instructor de educaţie extraşcolară,,execuție,,,,debutant,S,6. Coeficienți de salarizare pentru funcţiile didactice auxiliare din unitățile de învățământ preuniversitar Funcţii de execuţie,1.54,1.54,1.54,Gradația 0,0
2026-07-17,I,I CI 4-5-6,172,11.00601006.01.1,11.00601006.01.1,Administrator patrimoniu,Administrator patrimoniu,,execuție,,,,grad I,S,6. Coeficienți de salarizare pentru funcţiile didactice auxiliare din unitățile de învățământ preuniversitar Funcţii de execuţie,1.8,1.8,1.8,Gradația 0,0
2026-07-17,I,I CI 4-5-6,173,11.00601006.01.2,11.00601006.01.2,Administrator patrimoniu,Administrator patrimoniu,,execuție,,,,grad II,S,6. Coeficienți de salarizare pentru funcţiile didactice auxiliare din unitățile de învățământ preuniversitar Funcţii de execuţie,1.73,1.73,1.73,Gradația 0,0
2026-07-17,I,I CI 4-5-6,174,11.00601006.01.3,11.00601006.01.3,Administrator patrimoniu,Administrator patrimoniu,,execuție,,,,grad III,S,6. Coeficienți de salarizare pentru funcţiile didactice auxiliare din unitățile de învățământ preuniversitar Funcţii de execuţie,1.66,1.66,1.66,Gradația 0,0
2026-07-17,I,I CI 4-5-6,175,11.00601006.01.4,11.00601006.01.4,Administrator patrimoniu,Administrator patrimoniu,,execuție,,,,debutant,S,6. Coeficienți de salarizare pentru funcţiile didactice auxiliare din unitățile de învățământ preuniversitar Funcţii de execuţie,1.6,1.6,1.6,Gradația 0,0
2026-07-17,I,I CI 4-5-6,176,11.00601007.02.1,11.00601007.02.1,Administrator financiar,Administrator financiar,,execuție,,,,grad I,SSD,6. Coeficienți de salarizare pentru funcţiile didactice auxiliare din unitățile de învățământ preuniversitar Funcţii de execuţie,1.69,1.69,1.69,Gradația 0,0
2026-07-17,I,I CI 4-5-6,177,11.00601007.02.2,11.00601007.02.2,Administrator financiar,Administrator financiar,,execuție,,,,grad II,SSD,6. Coeficienți de salarizare pentru funcţiile didactice auxiliare din unitățile de învățământ preuniversitar Funcţii de execuţie,1.62,1.62,1.62,Gradația 0,0
2026-07-17,I,I CI 4-5-6,178,11.00601007.02.3,11.00601007.02.3,Administrator financiar,Administrator financiar,,execuție,,,,grad III,SSD,6. Coeficienți de salarizare pentru funcţiile didactice auxiliare din unitățile de învățământ preuniversitar Funcţii de execuţie,1.56,1.56,1.56,Gradația 0,0
2026-07-17,I,I CI 4-5-6,179,11.00601007.02.4,11.00601007.02.4,Administrator financiar,Administrator financiar,,execuție,,,,debutant,SSD,6. Coeficienți de salarizare pentru funcţiile didactice auxiliare din unitățile de învățământ preuniversitar Funcţii de execuţie,1.5,1.5,1.5,Gradația 0,0
2026-07-17,I,I CI 4-5-6,180,11.00601007.02.1,11.00601007.02.1,Bibliotecar; bibliotecar-arhivist; bibliograf; conservator;restaurator;tehnoredactor,Bibliotecar|bibliotecar-arhivist|bibliograf|conservator|restaurator|tehnoredactor,,execuție,,,,grad I,SSD,6. Coeficienți de salarizare pentru funcţiile didactice auxiliare din unitățile de învățământ preuniversitar Funcţii de execuţie,1.9348114500000004,1.9348114500000004,1.93481145,Gradația 0,0
2026-07-17,I,I CI 4-5-6,181,11.00601007.02.2,11.00601007.02.2,Bibliotecar; bibliotecar-arhivist; bibliograf; conservator;restaurator;tehnoredactor,Bibliotecar|bibliotecar-arhivist|bibliograf|conservator|restaurator|tehnoredactor,,execuție,,,,grad II,SSD,6. Coeficienți de salarizare pentru funcţiile didactice auxiliare din unitățile de învățământ preuniversitar Funcţii de execuţie,1.7413303050000004,1.7413303050000004,1.741330305,Gradația 0,0
2026-07-17,I,I CI 4-5-6,182,11.00601007.02.3,11.00601007.02.3,Bibliotecar; bibliotecar-arhivist; bibliograf; conservator;restaurator;tehnoredactor,Bibliotecar|bibliotecar-arhivist|bibliograf|conservator|restaurator|tehnoredactor,,execuție,,,,grad III,SSD,6. Coeficienți de salarizare pentru funcţiile didactice auxiliare din unitățile de învățământ preuniversitar Funcţii de execuţie,1.5671972745000005,1.5671972745000005,1.567197275,Gradația 0,0
2026-07-17,I,I CI 4-5-6,183,11.00601007.02.4,11.00601007.02.4,Bibliotecar; bibliotecar-arhivist; bibliograf; conservator;restaurator;tehnoredactor,Bibliotecar|bibliotecar-arhivist|bibliograf|conservator|restaurator|tehnoredactor,,execuție,,,,debutant,SSD,6. Coeficienți de salarizare pentru funcţiile didactice auxiliare din unitățile de învățământ preuniversitar Funcţii de execuţie,1.5219226865700004,1.5219226865700004,1.521922687,Gradația 0,0
2026-07-17,I,I CI 4-5-6,184,11.00601008.02.1,11.00601008.02.1,"Informatician, analist programator","Informatician, analist programator",,execuție,,,,grad I,SSD,6. Coeficienți de salarizare pentru funcţiile didactice auxiliare din unitățile de învățământ preuniversitar Funcţii de execuţie,1.73,1.73,1.73,Gradația 0,0
2026-07-17,I,I CI 4-5-6,185,11.00601008.02.2,11.00601008.02.2,"Informatician, analist programator","Informatician, analist programator",,execuție,,,,grad II,SSD,6. Coeficienți de salarizare pentru funcţiile didactice auxiliare din unitățile de învățământ preuniversitar Funcţii de execuţie,1.65,1.65,1.65,Gradația 0,0
2026-07-17,I,I CI 4-5-6,186,11.00601008.02.3,11.00601008.02.3,"Informatician, analist programator","Informatician, analist programator",,execuție,,,,grad III,SSD,6. Coeficienți de salarizare pentru funcţiile didactice auxiliare din unitățile de învățământ preuniversitar Funcţii de execuţie,1.59,1.59,1.59,Gradația 0,0
2026-07-17,I,I CI 4-5-6,187,11.00601008.02.4,11.00601008.02.4,"Informatician, analist programator","Informatician, analist programator",,execuție,,,,debutant,SSD,6. Coeficienți de salarizare pentru funcţiile didactice auxiliare din unitățile de învățământ preuniversitar Funcţii de execuţie,1.52,1.52,1.52,Gradația 0,0
2026-07-17,I,I CI 4-5-6,188,11.00601009.01.1,11.00601009.01.1,Secretar institutie/unitate de invatamant,Secretar institutie|unitate de invatamant,,execuție,,,,grad I,SSD,6. Coeficienți de salarizare pentru funcţiile didactice auxiliare din unitățile de învățământ preuniversitar Funcţii de execuţie,1.69,1.69,1.69,Gradația 0,0
2026-07-17,I,I CI 4-5-6,189,11.00601009.01.2,11.00601009.01.2,Secretar institutie/unitate de invatamant,Secretar institutie|unitate de invatamant,,execuție,,,,grad II,SSD,6. Coeficienți de salarizare pentru funcţiile didactice auxiliare din unitățile de învățământ preuniversitar Funcţii de execuţie,1.62,1.62,1.62,Gradația 0,0
2026-07-17,I,I CI 4-5-6,190,11.00601009.01.3,11.00601009.01.3,Secretar institutie/unitate de invatamant,Secretar institutie|unitate de invatamant,,execuție,,,,grad III,SSD,6. Coeficienți de salarizare pentru funcţiile didactice auxiliare din unitățile de învățământ preuniversitar Funcţii de execuţie,1.56,1.56,1.56,Gradația 0,0
2026-07-17,I,I CI 4-5-6,191,11.00601009.01.4,11.00601009.01.4,Secretar institutie/unitate de invatamant,Secretar institutie|unitate de invatamant,,execuție,,,,debutant,SSD,6. Coeficienți de salarizare pentru funcţiile didactice auxiliare din unitățile de învățământ preuniversitar Funcţii de execuţie,1.5,1.5,1.5,Gradația 0,0
2026-07-17,I,I CI 4-5-6,192,11.00601010.03.1,11.00601010.03.1,"Pedagog şcolar, laborant; mediator școlar","Pedagog şcolar, laborant|mediator școlar",,execuție,,,,grad I,SSD,6. Coeficienți de salarizare pentru funcţiile didactice auxiliare din unitățile de învățământ preuniversitar Funcţii de execuţie,1.63,1.63,1.63,Gradația 0,0
2026-07-17,I,I CI 4-5-6,193,11.00601010.03.2,11.00601010.03.2,"Pedagog şcolar, laborant; mediator școlar","Pedagog şcolar, laborant|mediator școlar",,execuție,,,,grad II,SSD,6. Coeficienți de salarizare pentru funcţiile didactice auxiliare din unitățile de învățământ preuniversitar Funcţii de execuţie,1.56,1.56,1.56,Gradația 0,0
2026-07-17,I,I CI 4-5-6,194,11.00601010.03.3,11.00601010.03.3,"Pedagog şcolar, laborant; mediator școlar","Pedagog şcolar, laborant|mediator școlar",,execuție,,,,grad III,SSD,6. Coeficienți de salarizare pentru funcţiile didactice auxiliare din unitățile de învățământ preuniversitar Funcţii de execuţie,1.51,1.51,1.51,Gradația 0,0
2026-07-17,I,I CI 4-5-6,195,11.00601010.03.4,11.00601010.03.4,"Pedagog şcolar, laborant; mediator școlar","Pedagog şcolar, laborant|mediator școlar",,execuție,,,,debutant,SSD,6. Coeficienți de salarizare pentru funcţiile didactice auxiliare din unitățile de învățământ preuniversitar Funcţii de execuţie,1.45,1.45,1.45,Gradația 0,0
2026-07-17,I,I CI 4-5-6,196,11.00601011.03.1,11.00601011.03.1,Instructor-animator; corepetitor; instructor de educaţie extraşcolară,Instructor-animator|corepetitor|instructor de educaţie extraşcolară,,execuție,,,,grad I,SSD,6. Coeficienți de salarizare pentru funcţiile didactice auxiliare din unitățile de învățământ preuniversitar Funcţii de execuţie,1.59,1.59,1.59,Gradația 0,0
2026-07-17,I,I CI 4-5-6,197,11.00601011.03.2,11.00601011.03.2,Instructor-animator; corepetitor; instructor de educaţie extraşcolară,Instructor-animator|corepetitor|instructor de educaţie extraşcolară,,execuție,,,,grad II,SSD,6. Coeficienți de salarizare pentru funcţiile didactice auxiliare din unitățile de învățământ preuniversitar Funcţii de execuţie,1.54,1.54,1.54,Gradația 0,0
2026-07-17,I,I CI 4-5-6,198,,,Instructor-animator; corepetitor; instructor de educaţie extraşcolară,Instructor-animator|corepetitor|instructor de educaţie extraşcolară,,execuție,,,,grad III,SSD,6. Coeficienți de salarizare pentru funcţiile didactice auxiliare din unitățile de învățământ preuniversitar Funcţii de execuţie,1.5,1.5,1.5,Gradația 0,0
2026-07-17,I,I CI 4-5-6,199,11.00601011.03.3,11.00601011.03.3,Instructor-animator; corepetitor; instructor de educaţie extraşcolară,Instructor-animator|corepetitor|instructor de educaţie extraşcolară,,execuție,,,,debutant,SSD,6. Coeficienți de salarizare pentru funcţiile didactice auxiliare din unitățile de învățământ preuniversitar Funcţii de execuţie,1.48,1.48,1.48,Gradația 0,0
2026-07-17,I,I CI 4-5-6,200,11.00601012.01.1,11.00601012.01.1,Administrator patrimoniu;,Administrator patrimoniu,,execuție,,,,grad I,SSD,6. Coeficienți de salarizare pentru funcţiile didactice auxiliare din unitățile de învățământ preuniversitar Funcţii de execuţie,1.65,1.65,1.65,Gradația 0,0
2026-07-17,I,I CI 4-5-6,201,11.00601012.01.2,11.00601012.01.2,Administrator patrimoniu;,Administrator patrimoniu,,execuție,,,,grad II,SSD,6. Coeficienți de salarizare pentru funcţiile didactice auxiliare din unitățile de învățământ preuniversitar Funcţii de execuţie,1.59,1.59,1.59,Gradația 0,0
2026-07-17,I,I CI 4-5-6,202,11.00601012.01.3,11.00601012.01.3,Administrator patrimoniu;,Administrator patrimoniu,,execuție,,,,grad III,SSD,6. Coeficienți de salarizare pentru funcţiile didactice auxiliare din unitățile de învățământ preuniversitar Funcţii de execuţie,1.53,1.53,1.53,Gradația 0,0
2026-07-17,I,I CI 4-5-6,203,11.00601012.01.4,11.00601012.01.4,Administrator patrimoniu;,Administrator patrimoniu,,execuție,,,,debutant,SSD,6. Coeficienți de salarizare pentru funcţiile didactice auxiliare din unitățile de învățământ preuniversitar Funcţii de execuţie,1.48,1.48,1.48,Gradația 0,0
2026-07-17,I,I CI 4-5-6,204,11.00601013.02.1,11.00601013.02.1,Administrator financiar,Administrator financiar,,execuție,,,,treaptă I,M,6. Coeficienți de salarizare pentru funcţiile didactice auxiliare din unitățile de învățământ preuniversitar Funcţii de execuţie,1.6,1.6,1.6,Gradația 0,0
2026-07-17,I,I CI 4-5-6,205,11.00601013.02.2,11.00601013.02.2,Administrator financiar,Administrator financiar,,execuție,,,,treaptă II,M,6. Coeficienți de salarizare pentru funcţiile didactice auxiliare din unitățile de învățământ preuniversitar Funcţii de execuţie,1.54,1.54,1.54,Gradația 0,0
2026-07-17,I,I CI 4-5-6,206,11.00601013.02.3,11.00601013.02.3,Administrator financiar,Administrator financiar,,execuție,,,,treaptă III,M,6. Coeficienți de salarizare pentru funcţiile didactice auxiliare din unitățile de învățământ preuniversitar Funcţii de execuţie,1.48,1.48,1.48,Gradația 0,0
2026-07-17,I,I CI 4-5-6,207,11.00601013.02.4,11.00601013.02.4,Administrator financiar,Administrator financiar,,execuție,,,,debutant,M,6. Coeficienți de salarizare pentru funcţiile didactice auxiliare din unitățile de învățământ preuniversitar Funcţii de execuţie,1.43,1.43,1.43,Gradația 0,0
2026-07-17,I,I CI 4-5-6,208,11.00601013.02.1,11.00601013.02.1,Bibliotecar; restaurator; conservator,Bibliotecar|restaurator|conservator,,execuție,,,,treaptă I,PL/M,6. Coeficienți de salarizare pentru funcţiile didactice auxiliare din unitățile de învățământ preuniversitar Funcţii de execuţie,1.7735771625000005,1.7735771625000005,1.773577163,Gradația 0,0
2026-07-17,I,I CI 4-5-6,209,11.00601013.02.2,11.00601013.02.2,Bibliotecar; restaurator; conservator,Bibliotecar|restaurator|conservator,,execuție,,,,treaptă II,PL/M,6. Coeficienți de salarizare pentru funcţiile didactice auxiliare din unitățile de învățământ preuniversitar Funcţii de execuţie,1.6445897325000005,1.6445897325000005,1.644589733,Gradația 0,0
2026-07-17,I,I CI 4-5-6,210,11.00601013.02.3,11.00601013.02.3,Bibliotecar; restaurator; conservator,Bibliotecar|restaurator|conservator,,execuție,,,,treaptă III,PL/M,6. Coeficienți de salarizare pentru funcţiile didactice auxiliare din unitățile de învățământ preuniversitar Funcţii de execuţie,1.5149573653500004,1.5149573653500004,1.514957365,Gradația 0,0
2026-07-17,I,I CI 4-5-6,211,11.00601013.02.4,11.00601013.02.4,Bibliotecar; restaurator; conservator,Bibliotecar|restaurator|conservator,,execuție,,,,debutant,PL/M,6. Coeficienți de salarizare pentru funcţiile didactice auxiliare din unitățile de învățământ preuniversitar Funcţii de execuţie,1.4498316119430004,1.4498316119430004,1.449831612,Gradația 0,0
2026-07-17,I,I CI 4-5-6,212,11.00601014.02.1,11.00601014.02.1,"Informatician, analist programator","Informatician, analist programator",,execuție,,,,treaptă I A,PL/M,6. Coeficienți de salarizare pentru funcţiile didactice auxiliare din unitățile de învățământ preuniversitar Funcţii de execuţie,1.56,1.56,1.56,Gradația 0,0
2026-07-17,I,I CI 4-5-6,213,11.00601014.02.2,11.00601014.02.2,"Informatician, analist programator","Informatician, analist programator",,execuție,,,,treaptă I,PL/M,6. Coeficienți de salarizare pentru funcţiile didactice auxiliare din unitățile de învățământ preuniversitar Funcţii de execuţie,1.5,1.5,1.5,Gradația 0,0
2026-07-17,I,I CI 4-5-6,214,11.00601014.02.3,11.00601014.02.3,"Informatician, analist programator","Informatician, analist programator",,execuție,,,,treaptă II,PL/M,6. Coeficienți de salarizare pentru funcţiile didactice auxiliare din unitățile de învățământ preuniversitar Funcţii de execuţie,1.45,1.45,1.45,Gradația 0,0
2026-07-17,I,I CI 4-5-6,215,11.00601014.02.4,11.00601014.02.4,"Informatician, analist programator","Informatician, analist programator",,execuție,,,,debutant,PL/M,6. Coeficienți de salarizare pentru funcţiile didactice auxiliare din unitățile de învățământ preuniversitar Funcţii de execuţie,1.39,1.39,1.39,Gradația 0,0
2026-07-17,I,I CI 4-5-6,216,11.00601015.01.1,11.00601015.01.1,Secretar institutie/ unitate de invatamant,Secretar institutie|unitate de invatamant,,execuție,,,,treaptă I A,M,6. Coeficienți de salarizare pentru funcţiile didactice auxiliare din unitățile de învățământ preuniversitar Funcţii de execuţie,1.57,1.57,1.57,Gradația 0,0
2026-07-17,I,I CI 4-5-6,217,11.00601015.01.2,11.00601015.01.2,Secretar institutie/ unitate de invatamant,Secretar institutie|unitate de invatamant,,execuție,,,,treaptă I,M,6. Coeficienți de salarizare pentru funcţiile didactice auxiliare din unitățile de învățământ preuniversitar Funcţii de execuţie,1.51,1.51,1.51,Gradația 0,0
2026-07-17,I,I CI 4-5-6,218,11.00601015.01.3,11.00601015.01.3,Secretar institutie/ unitate de invatamant,Secretar institutie|unitate de invatamant,,execuție,,,,treaptă II,M,6. Coeficienți de salarizare pentru funcţiile didactice auxiliare din unitățile de învățământ preuniversitar Funcţii de execuţie,1.45,1.45,1.45,Gradația 0,0
2026-07-17,I,I CI 4-5-6,219,11.00601015.01.4,11.00601015.01.4,Secretar institutie/ unitate de invatamant,Secretar institutie|unitate de invatamant,,execuție,,,,debutant,M,6. Coeficienți de salarizare pentru funcţiile didactice auxiliare din unitățile de învățământ preuniversitar Funcţii de execuţie,1.38,1.38,1.38,Gradația 0,0
2026-07-17,I,I CI 4-5-6,220,11.00601016.01.1,11.00601016.01.1,Pedagog scolar,Pedagog scolar,,execuție,,,,treaptă I A,M,6. Coeficienți de salarizare pentru funcţiile didactice auxiliare din unitățile de învățământ preuniversitar Funcţii de execuţie,1.53,1.53,1.53,Gradația 0,0
2026-07-17,I,I CI 4-5-6,221,11.00601016.01.2,11.00601016.01.2,Pedagog scolar,Pedagog scolar,,execuție,,,,treaptă I,M,6. Coeficienți de salarizare pentru funcţiile didactice auxiliare din unitățile de învățământ preuniversitar Funcţii de execuţie,1.48,1.48,1.48,Gradația 0,0
2026-07-17,I,I CI 4-5-6,222,11.00601016.01.3,11.00601016.01.3,Pedagog scolar,Pedagog scolar,,execuție,,,,treaptă II,M,6. Coeficienți de salarizare pentru funcţiile didactice auxiliare din unitățile de învățământ preuniversitar Funcţii de execuţie,1.41,1.41,1.41,Gradația 0,0
2026-07-17,I,I CI 4-5-6,223,11.00601016.01.4,11.00601016.01.4,Pedagog scolar,Pedagog scolar,,execuție,,,,debutant,M,6. Coeficienți de salarizare pentru funcţiile didactice auxiliare din unitățile de învățământ preuniversitar Funcţii de execuţie,1.35,1.35,1.35,Gradația 0,0
2026-07-17,I,I CI 4-5-6,224,11.00601017.02.1,11.00601017.02.1,Instructor-animator; corepetitor; instructor educaţie extraşcolară,Instructor-animator|corepetitor|instructor educaţie extraşcolară,,execuție,,,,treaptă I A,M,6. Coeficienți de salarizare pentru funcţiile didactice auxiliare din unitățile de învățământ preuniversitar Funcţii de execuţie,1.51,1.51,1.51,Gradația 0,0
2026-07-17,I,I CI 4-5-6,225,11.00601017.02.2,11.00601017.02.2,Instructor-animator; corepetitor; instructor educaţie extraşcolară,Instructor-animator|corepetitor|instructor educaţie extraşcolară,,execuție,,,,treaptă I,M,6. Coeficienți de salarizare pentru funcţiile didactice auxiliare din unitățile de învățământ preuniversitar Funcţii de execuţie,1.45,1.45,1.45,Gradația 0,0
2026-07-17,I,I CI 4-5-6,226,11.00601017.02.3,11.00601017.02.3,Instructor-animator; corepetitor; instructor educaţie extraşcolară,Instructor-animator|corepetitor|instructor educaţie extraşcolară,,execuție,,,,treaptă II,M,6. Coeficienți de salarizare pentru funcţiile didactice auxiliare din unitățile de învățământ preuniversitar Funcţii de execuţie,1.39,1.39,1.39,Gradația 0,0
2026-07-17,I,I CI 4-5-6,227,11.00601017.02.4,11.00601017.02.4,Instructor-animator; corepetitor; instructor educaţie extraşcolară,Instructor-animator|corepetitor|instructor educaţie extraşcolară,,execuție,,,,debutant,M,6. Coeficienți de salarizare pentru funcţiile didactice auxiliare din unitățile de învățământ preuniversitar Funcţii de execuţie,1.34,1.34,1.34,Gradația 0,0
2026-07-17,I,I CI 4-5-6,228,11.00601019.03.1,11.00601019.03.1,Şef atelier-şcoală; Administrator patrimoniu,Şef atelier-şcoală|Administrator patrimoniu,,execuție,,,,treaptă I A,M,6. Coeficienți de salarizare pentru funcţiile didactice auxiliare din unitățile de învățământ preuniversitar Funcţii de execuţie,1.56,1.56,1.56,Gradația 0,0
2026-07-17,I,I CI 4-5-6,229,11.00601019.03.2,11.00601019.03.2,Şef atelier-şcoală; Administrator patrimoniu,Şef atelier-şcoală|Administrator patrimoniu,,execuție,,,,treaptă I,M,6. Coeficienți de salarizare pentru funcţiile didactice auxiliare din unitățile de învățământ preuniversitar Funcţii de execuţie,1.5,1.5,1.5,Gradația 0,0
2026-07-17,I,I CI 4-5-6,230,11.00601019.03.3,11.00601019.03.3,Şef atelier-şcoală; Administrator patrimoniu,Şef atelier-şcoală|Administrator patrimoniu,,execuție,,,,treaptă II,M,6. Coeficienți de salarizare pentru funcţiile didactice auxiliare din unitățile de învățământ preuniversitar Funcţii de execuţie,1.44,1.44,1.44,Gradația 0,0
2026-07-17,I,I CI 4-5-6,231,11.00601019.03.4,11.00601019.03.4,Şef atelier-şcoală; Administrator patrimoniu,Şef atelier-şcoală|Administrator patrimoniu,,execuție,,,,debutant,M,6. Coeficienți de salarizare pentru funcţiile didactice auxiliare din unitățile de învățământ preuniversitar Funcţii de execuţie,1.37,1.37,1.37,Gradația 0,0
2026-07-17,I,I CI 4-5-6,232,11.00601019.03.1,11.00601019.03.1,Tehnician,Tehnician,,execuție,,,,treaptă I A,M,6. Coeficienți de salarizare pentru funcţiile didactice auxiliare din unitățile de învățământ preuniversitar Funcţii de execuţie,1.5,1.5,1.5,Gradația 0,0
2026-07-17,I,I CI 4-5-6,233,11.00601019.03.2,11.00601019.03.2,Tehnician,Tehnician,,execuție,,,,treaptă I,M,6. Coeficienți de salarizare pentru funcţiile didactice auxiliare din unitățile de învățământ preuniversitar Funcţii de execuţie,1.5,1.5,1.5,Gradația 0,0
2026-07-17,I,I CI 4-5-6,234,11.00601019.03.3,11.00601019.03.3,Tehnician,Tehnician,,execuție,,,,treaptă II,M,6. Coeficienți de salarizare pentru funcţiile didactice auxiliare din unitățile de învățământ preuniversitar Funcţii de execuţie,1.44,1.44,1.44,Gradația 0,0
2026-07-17,I,I CI 4-5-6,235,,,Tehnician,Tehnician,,execuție,,,,treaptă III,M,6. Coeficienți de salarizare pentru funcţiile didactice auxiliare din unitățile de învățământ preuniversitar Funcţii de execuţie,1.4,1.4,1.4,Gradația 0,0
2026-07-17,I,I CI 4-5-6,236,11.00601019.03.4,11.00601019.03.4,Tehnician,Tehnician,,execuție,,,,debutant,M,6. Coeficienți de salarizare pentru funcţiile didactice auxiliare din unitățile de învățământ preuniversitar Funcţii de execuţie,1.37,1.37,1.37,Gradația 0,0
2026-07-17,I,I CI 4-5-6,237,11.00601020.01.1,11.00601020.01.1,Laborant,Laborant,,execuție,,,,treaptă I,PL/M,6. Coeficienți de salarizare pentru funcţiile didactice auxiliare din unitățile de învățământ preuniversitar Funcţii de execuţie,1.53,1.53,1.53,Gradația 0,0
2026-07-17,I,I CI 4-5-6,238,11.00601020.01.2,11.00601020.01.2,Laborant,Laborant,,execuție,,,,treaptă II,PL/M,6. Coeficienți de salarizare pentru funcţiile didactice auxiliare din unitățile de învățământ preuniversitar Funcţii de execuţie,1.48,1.48,1.48,Gradația 0,0
2026-07-17,I,I CI 4-5-6,239,11.00601020.01.3,11.00601020.01.3,Laborant,Laborant,,execuție,,,,debutant,PL/M,6. Coeficienți de salarizare pentru funcţiile didactice auxiliare din unitățile de învățământ preuniversitar Funcţii de execuţie,1.38,1.38,1.38,Gradația 0,0
2026-07-17,I,I CI 4-5-6,240,11.00601021.02.1,11.00601021.02.1,Instructor; model,Instructor|model,,execuție,,,,treaptă I,PL/M,6. Coeficienți de salarizare pentru funcţiile didactice auxiliare din unitățile de învățământ preuniversitar Funcţii de execuţie,1.55,1.55,1.55,Gradația 0,0
2026-07-17,I,I CI 4-5-6,241,11.00601021.02.2,11.00601021.02.2,Instructor; model,Instructor|model,,execuție,,,,treaptă II,PL/M,6. Coeficienți de salarizare pentru funcţiile didactice auxiliare din unitățile de învățământ preuniversitar Funcţii de execuţie,1.49,1.49,1.49,Gradația 0,0
2026-07-17,I,I CI 4-5-6,242,,,Instructor; model,Instructor|model,,execuție,,,,treaptă III,PL/M,6. Coeficienți de salarizare pentru funcţiile didactice auxiliare din unitățile de învățământ preuniversitar Funcţii de execuţie,1.44,1.44,1.44,Gradația 0,0
2026-07-17,I,I CI 4-5-6,243,11.00601021.02.3,11.00601021.02.3,Instructor; model,Instructor|model,,execuție,,,,debutant,PL/M,6. Coeficienți de salarizare pentru funcţiile didactice auxiliare din unitățile de învățământ preuniversitar Funcţii de execuţie,1.38,1.38,1.38,Gradația 0,0
2026-07-17,I,I CI 4-5-6,244,11.00601022.01.1,11.00601022.01.1,Mediator şcolar,Mediator şcolar,,execuție,,,,treaptă I A,M/G,6. Coeficienți de salarizare pentru funcţiile didactice auxiliare din unitățile de învățământ preuniversitar Funcţii de execuţie,1.55,1.55,1.55,Gradația 0,0
2026-07-17,I,I CI 4-5-6,245,11.00601022.01.2,11.00601022.01.2,Mediator şcolar,Mediator şcolar,,execuție,,,,treaptă I,M/G,6. Coeficienți de salarizare pentru funcţiile didactice auxiliare din unitățile de învățământ preuniversitar Funcţii de execuţie,1.4,1.4,1.4,Gradația 0,0
2026-07-17,I,I CI 4-5-6,246,,,Mediator şcolar,Mediator şcolar,,execuție,,,,treaptă II,M/G,6. Coeficienți de salarizare pentru funcţiile didactice auxiliare din unitățile de învățământ preuniversitar Funcţii de execuţie,1.3199999999999998,1.3199999999999998,1.32,Gradația 0,0
2026-07-17,I,I CI 4-5-6,247,11.00601022.01.3,11.00601022.01.3,Mediator şcolar,Mediator şcolar,,execuție,,,,debutant,M/G,6. Coeficienți de salarizare pentru funcţiile didactice auxiliare din unitățile de învățământ preuniversitar Funcţii de execuţie,1.26,1.26,1.26,Gradația 0,0
2026-07-17,I,I CI 4-5-6,248,11.00601023.01.1,11.00601023.01.1,Supraveghetor noapte,Supraveghetor noapte,,execuție,,,,treaptă I,M/G,6. Coeficienți de salarizare pentru funcţiile didactice auxiliare din unitățile de învățământ preuniversitar Funcţii de execuţie,1.190752703903685,1.190752703903685,1.190752704,Gradația 0,0
2026-07-17,I,I CI 4-5-6,249,,,Supraveghetor noapte,Supraveghetor noapte,,execuție,,,,treaptă II,M/G,6. Coeficienți de salarizare pentru funcţiile didactice auxiliare din unitățile de învățământ preuniversitar Funcţii de execuţie,1.150752703903685,1.150752703903685,1.150752704,Gradația 0,0
2026-07-17,I,I CI 4-5-6,250,11.00601023.01.2,11.00601023.01.2,Supraveghetor noapte,Supraveghetor noapte,,execuție,,,,treaptă III,M/G,6. Coeficienți de salarizare pentru funcţiile didactice auxiliare din unitățile de învățământ preuniversitar Funcţii de execuţie,1.1307527039036849,1.1307527039036849,1.130752704,Gradația 0,0
2026-07-17,I,I CI 4-5-6,251,,,Supraveghetor noapte,Supraveghetor noapte,,execuție,,,,debutant,M/G,6. Coeficienți de salarizare pentru funcţiile didactice auxiliare din unitățile de învățământ preuniversitar Funcţii de execuţie,1.1107527039036849,1.1107527039036849,1.110752704,Gradația 0,0
2026-07-17,I,I CII,10,12.00101001.01.2,12.00101001.01.2,Director general institut de cercetare (Ordonator secundar de credite),Director general institut de cercetare,,conducere,,,,,S,1. Funcţii de conducere,4.5306000629155845,5.034000069906205,4.530600063|5.03400007,Grad I|Grad II,0
2026-07-17,I,I CII,11,12.00101002.01.2,12.00101002.01.2,Director general adjunct institut de cercetare (Ordonator secundar de credite),Director general adjunct institut de cercetare,,conducere,,,,,S,1. Funcţii de conducere,4.441764767564298,4.935294186182554,4.441764768|4.935294186,Grad I|Grad II,0
2026-07-17,I,I CII,12,12.00101003.01.2,12.00101003.01.2,Director institut de cercetare (Ordonator terţiar de credite),Director institut de cercetare,,conducere,,,,,S,1. Funcţii de conducere,4.441764767564298,4.935294186182554,4.441764768|4.935294186,Grad I|Grad II,0
2026-07-17,I,I CII,13,12.00101004.01.2,12.00101004.01.2,Director adjunct institut de cercetare (Ordonator terţiar de credite),Director adjunct institut de cercetare,,conducere,,,,,S,1. Funcţii de conducere,4.354671340749312,4.83852371194368,4.354671341|4.838523712,Grad I|Grad II,0
2026-07-17,I,I CII,14,12.00101005.02.2,12.00101005.02.2,Director centru de cercetare; director stațiune de cercetare (Ordonator terţiar de credite),Director centru de cercetare|director stațiune de cercetare,,conducere,,,,,S,1. Funcţii de conducere,4.2692856281856,4.743650697984,4.269285628|4.743650698,Grad I|Grad II,0
2026-07-17,I,I CII,15,12.00101006.02.2,12.00101006.02.2,Secretar ştiinţific institut de cercetare; secretar științific secție ASAS (Ordonator terţiar de credite),Secretar ştiinţific institut de cercetare|secretar științific secție ASAS,,conducere,,,,,S,1. Funcţii de conducere,4.2692856281856,4.743650697984,4.269285628|4.743650698,Grad I|Grad II,0
2026-07-17,I,I CII,16,12.00101007.02.2,12.00101007.02.2,Director adjunct centru de cercetare; director adjunct stațiune de cercetare (Ordonator terţiar de credite),Director adjunct centru de cercetare|director adjunct stațiune de cercetare,,conducere,,,,,S,1. Funcţii de conducere,4.18557414528,4.6506379392,4.185574145|4.650637939,Grad I|Grad II,0
2026-07-17,I,I CII,17,12.00101008.02.2,12.00101008.02.2,Secretar ştiinţific centru de cercetare; secretar științific stațiune de cercetare (Ordonator terţiar de credite),Secretar ştiinţific centru de cercetare|secretar științific stațiune de cercetare,,conducere,,,,,S,1. Funcţii de conducere,4.103504064,4.55944896,4.103504064|4.55944896,Grad I|Grad II,0
2026-07-17,I,I CII,18,12.00101009.01.2,12.00101009.01.2,Șef compartiment cercetare ( laborator/ departament/ centru ),Șef compartiment cercetare,,conducere,,,,,S,1. Funcţii de conducere,4.0230432,4.470048,4.0230432|4.470048,Grad I|Grad II,0
2026-07-17,I,I CII,21,12.00201001.01.1,12.00201001.01.1,Cercetător ştiinţific I,Cercetător ştiinţific I,,execuție,,,,,S,2. Funcţii de execuţie,3.52,3.52,3.52,Gradația 0,0
2026-07-17,I,I CII,22,12.00201002.01.1,12.00201002.01.1,Cercetător ştiinţific II,Cercetător ştiinţific II,,execuție,,,,,S,2. Funcţii de execuţie,2.992,2.992,2.992,Gradația 0,0
2026-07-17,I,I CII,23,12.00201003.01.1,12.00201003.01.1,Cercetător ştiinţific III,Cercetător ştiinţific III,,execuție,,,,,S,2. Funcţii de execuţie,2.5432,2.5432,2.5432,Gradația 0,0
2026-07-17,I,I CII,24,12.00201004.01.1,12.00201004.01.1,Cercetător ştiinţific,Cercetător ştiinţific,,execuție,,,,,S,2. Funcţii de execuţie,2.047333333333333,2.047333333333333,2.047333333,Gradația 0,0
2026-07-17,I,I CII,25,12.00201005.01.1,12.00201005.01.1,Asistent de cercetare ştiinţifică,Asistent de cercetare ştiinţifică,,execuție,,,,,S,2. Funcţii de execuţie,2,2,2,Gradația 0,0
2026-07-17,I,I CII,26,12.00201006.01.1,12.00201006.01.1,Asistent de cercetare ştiinţifică stagiar,Asistent de cercetare ştiinţifică stagiar,,execuție,,,,,S,2. Funcţii de execuţie,1.9,1.9,1.9,Gradația 0,0
2026-07-17,I,I CII,27,12.00201007.01.1,12.00201007.01.1,Asistent I,Asistent I,,execuție,,,,,M,2. Funcţii de execuţie,1.51,1.51,1.51,Gradația 0,0
2026-07-17,I,I CII,28,12.00201008.01.1,12.00201008.01.1,Asistent II,Asistent II,,execuție,,,,,M,2. Funcţii de execuţie,1.45,1.45,1.45,Gradația 0,0
2026-07-17,I,I CII,29,12.00201009.01.1,12.00201009.01.1,Asistent stagiar,Asistent stagiar,,execuție,,,,,M,2. Funcţii de execuţie,1.38,1.38,1.38,Gradația 0,0
2026-07-17,I,I CIII A,11,,,Preot,Preot,,,,,gradul I,,S,,1.6,1.6,1.6,,0
2026-07-17,I,I CIII A,12,,,Preot,Preot,,,,,gradul II,,S,,1.56,1.56,1.56,,0
2026-07-17,I,I CIII A,13,,,Preot,Preot,,,,,definitiv,,S,,1.54,1.54,1.54,,0
2026-07-17,I,I CIII A,14,,,Preot,Preot,,,,,debutant,,S,,1.48,1.48,1.48,,0
2026-07-17,I,I CIII A,16,,,Preot,Preot,,,,,gradul I,,M,,1.48,1.48,1.48,,0
2026-07-17,I,I CIII A,17,,,Preot,Preot,,,,,definitiv,,M,,1.46,1.46,1.46,,0
2026-07-17,I,I CIII A,18,,,Preot,Preot,,,,,debutant,,M,,1.42,1.42,1.42,,0
2026-07-17,I,I CIII A B C D,8,,,Preot - gradul I,Preot - gradul I,,execuție,,,,,S,Funcții de executie,1.6,1.6,1.6,,0
2026-07-17,I,I CIII A B C D,9,,,Preot - gradul II,Preot - gradul II,,execuție,,,,,S,Funcții de executie,1.56,1.56,1.56,,0
2026-07-17,I,I CIII A B C D,10,,,Preot - definitiv,Preot - definitiv,,execuție,,,,,S,Funcții de executie,1.54,1.54,1.54,,0
2026-07-17,I,I CIII A B C D,11,,,Preot - debutant,Preot - debutant,,execuție,,,,,S,Funcții de executie,1.48,1.48,1.48,,0
2026-07-17,I,I CIII A B C D,12,,,Preot - gradul I,Preot - gradul I,,execuție,,,,,M,Funcții de executie,1.48,1.48,1.48,,0
2026-07-17,I,I CIII A B C D,13,,,Preot - definitiv,Preot - definitiv,,execuție,,,,,M,Funcții de executie,1.46,1.46,1.46,,0
2026-07-17,I,I CIII A B C D,14,,,Preot - debutant,Preot - debutant,,execuție,,,,,M,Funcții de executie,1.42,1.42,1.42,,0
2026-07-17,II,II CI 1,12,21.00102001.01.2,21.00102001.01.2|21.00101001.01.2,Manager,Manager,,conducere,,,,,S,a) Unitați sanitare cu paturi,5.699999999999999,6,5.7|6,Grad I|Grad II,0
2026-07-17,II,II CI 1,13,21.00102003.01.2,21.00102003.01.2|21.00101003.01.2,Director medical,Director medical,,conducere,,,,,S,a) Unitați sanitare cu paturi,5.506199999999999,5.795999999999999,5.5062|5.796,Grad I|Grad II,0
2026-07-17,II,II CI 1,14,21.00102004.02.2,21.00102004.02.2|21.00101004.02.2,Director financiar-contabil,Director financiar-contabil,,conducere,,,,,S,a) Unitați sanitare cu paturi,4.680269999999999,4.9266,4.68027|4.9266,Grad I|Grad II,0
2026-07-17,II,II CI 1,15,21.00102005.01.2,21.00102005.01.2|21.00101005.01.2,Director de îngrijiri,Director de îngrijiri,,conducere,,,,,S,a) Unitați sanitare cu paturi,4.129649999999999,4.3469999999999995,4.12965|4.347,Grad I|Grad II,0
2026-07-17,II,II CI 1,18,21.00104001.01.2,21.00104001.01.2|21.00104001.01.1,Director general,Director general,,conducere,,,,,S,b) Unitați sanitare fără paturi *),4.82448,5.0784,4.82448|5.0784,Grad I|Grad II,0
2026-07-17,II,II CI 1,19,21.00104002.02.2,21.00104002.02.2|21.00104002.02.1,Director general adj.,Director general adj,,conducere,,,,,S,b) Unitați sanitare fără paturi *),4.4385216000000005,4.672128000000001,4.4385216|4.672128,Grad I|Grad II,0
2026-07-17,II,II CI 1,20,,,Director executiv/Director,Director executiv|Director,,conducere,,,,,S,b) Unitați sanitare fără paturi *),4.4385216000000005,4.672128000000001,4.4385216|4.672128,Grad I|Grad II,0
2026-07-17,II,II CI 1,23,21.00103002.01.2,21.00103002.01.2,Manager general,Manager general,,conducere,,,,,S,c) Servicii de ambulanță,5.529,5.82,5.529|5.82,Grad I|Grad II,0
2026-07-17,II,II CI 1,24,21.00103003.01.2,21.00103003.01.2,Director medical,Director medical,,conducere,,,,,S,c) Servicii de ambulanță,5.341013999999999,5.622119999999999,5.341014|5.62212,Grad I|Grad II,0
2026-07-17,II,II CI 1,25,21.00103004.02.2,21.00103004.02.2,Director economic,Director economic,,conducere,,,,,S,c) Servicii de ambulanță,4.212243,4.43394,4.212243|4.43394,Grad I|Grad II,0
2026-07-17,II,II CI 1,26,21.00103006.01.2,21.00103006.01.2,Director tehnic,Director tehnic,,conducere,,,,,S,c) Servicii de ambulanță,3.762,3.96,3.762|3.96,Grad I|Grad II,0
2026-07-17,II,II CI 1,27,,,Asistent medical-şef,Asistent medical-şef,,conducere,,,,,S,c) Servicii de ambulanță,3.350963195999999,3.5273296799999994,3.350963196|3.52732968,Grad I|Grad II,0
2026-07-17,II,II CI 1,31,,,Director program de rezidenţiat medicină de urgenţă,Director program de rezidenţiat medicină de urgenţă,,conducere,,,,,S,2. Alte funcții de conducere,5.1094800000000005,5.378400000000001,5.10948|5.3784,Grad I|Grad II,0
2026-07-17,II,II CI 1,32,,,"Șef secţie, şef laborator, șef serviciu medical și altele similare","Șef secţie, şef laborator, șef serviciu medical și altele similare",,conducere,,,,,S,2. Alte funcții de conducere,5.06217,5.328600000000001,5.06217|5.3286,Grad I|Grad II,0
2026-07-17,II,II CI 1,33,,,Medic şef ambulatoriu de specialitate şi altele similare,Medic şef ambulatoriu de specialitate şi altele similare,,conducere,,,,,S,2. Alte funcții de conducere,5.06217,5.328600000000001,5.06217|5.3286,Grad I|Grad II,0
2026-07-17,II,II CI 1,34,,,Medic coordonator,Medic coordonator,,conducere,,,,,S,2. Alte funcții de conducere,5.01217,5.148600000000001,5.01217|5.1486,Grad I|Grad II,0
2026-07-17,II,II CI 1,35,,,Farmacist şef,Farmacist şef,,conducere,,,,,S,2. Alte funcții de conducere,3.97404,4.1832,3.97404|4.1832,Grad I|Grad II,0
2026-07-17,II,II CI 1,36,,,Asistent medical-şef pe unitate,Asistent medical-şef pe unitate,,conducere,,,,,S,2. Alte funcții de conducere,3.7166849999999996,3.9122999999999997,3.716685|3.9123,Grad I|Grad II,0
2026-07-17,II,II CI 1,37,,,"Asistent medical şef **), moașă-șef și altele similare","Asistent medical şef **), moașă-șef și altele similare",,conducere,,,,,S,2. Alte funcții de conducere,2.72,2.86,2.72|2.86,Grad I|Grad II,0
2026-07-17,II,II CI 1,38,,,Asistent medical coordonator,Asistent medical coordonator,,conducere,,,,,S,2. Alte funcții de conducere,2.54,2.68,2.54|2.68,Grad I|Grad II,0
2026-07-17,II,II CI 2,8,21.00201001.01.1,21.00201001.01.1,Medic primar,Medic primar,,,,,,,S,a) Coeficienți de salarizare pentru personalul de specialitate medico-sanitar,4,4,4,,0
2026-07-17,II,II CI 2,9,21.00201002.01.1,21.00201002.01.1,Medic primar dentist,Medic primar dentist,,,,,,,S,a) Coeficienți de salarizare pentru personalul de specialitate medico-sanitar,4,4,4,,0
2026-07-17,II,II CI 2,10,21.00201003.01.1,21.00201003.01.1,Medic specialist,Medic specialist,,,,,,,S,a) Coeficienți de salarizare pentru personalul de specialitate medico-sanitar,3.2,3.2,3.2,,0
2026-07-17,II,II CI 2,11,21.00201004.01.1,21.00201004.01.1,Medic specialist dentist,Medic specialist dentist,,,,,,,S,a) Coeficienți de salarizare pentru personalul de specialitate medico-sanitar,3.2,3.2,3.2,,0
2026-07-17,II,II CI 2,12,21.00201005.01.1,21.00201005.01.1,Medic rezident anul VI,Medic rezident anul VI,,,,,,,S,a) Coeficienți de salarizare pentru personalul de specialitate medico-sanitar,2.5600000000000005,2.5600000000000005,2.56,,0
2026-07-17,II,II CI 2,13,21.00201006.01.1,21.00201006.01.1,Medic rezident anul IV-V,Medic rezident anul IV-V,,,,,,,S,a) Coeficienți de salarizare pentru personalul de specialitate medico-sanitar,2.4000000000000004,2.4000000000000004,2.4,,0
2026-07-17,II,II CI 2,14,21.00201007.01.1,21.00201007.01.1,Medic dentist rezident anul IV-V,Medic dentist rezident anul IV-V,,,,,,,S,a) Coeficienți de salarizare pentru personalul de specialitate medico-sanitar,2.4000000000000004,2.4000000000000004,2.4,,0
2026-07-17,II,II CI 2,15,21.00201008.01.1,21.00201008.01.1,Medic rezident anul III,Medic rezident anul III,,,,,,,S,a) Coeficienți de salarizare pentru personalul de specialitate medico-sanitar,2.2399999999999998,2.2399999999999998,2.24,,0
2026-07-17,II,II CI 2,16,21.00201009.01.1,21.00201009.01.1,Medic dentist rezident anul III,Medic dentist rezident anul III,,,,,,,S,a) Coeficienți de salarizare pentru personalul de specialitate medico-sanitar,2.2399999999999998,2.2399999999999998,2.24,,0
2026-07-17,II,II CI 2,17,21.00201010.01.1,21.00201010.01.1,Medic rezident anul II,Medic rezident anul II,,,,,,,S,a) Coeficienți de salarizare pentru personalul de specialitate medico-sanitar,2.08,2.08,2.08,,0
2026-07-17,II,II CI 2,18,21.00201011.01.1,21.00201011.01.1,Medic dentist rezident anul II,Medic dentist rezident anul II,,,,,,,S,a) Coeficienți de salarizare pentru personalul de specialitate medico-sanitar,2.08,2.08,2.08,,0
2026-07-17,II,II CI 2,19,21.00201012.01.1,21.00201012.01.1,Medic rezident anul I,Medic rezident anul I,,,,,,,S,a) Coeficienți de salarizare pentru personalul de specialitate medico-sanitar,1.92,1.92,1.92,,0
2026-07-17,II,II CI 2,20,21.00201013.01.1,21.00201013.01.1,Medic dentist rezident anul I,Medic dentist rezident anul I,,,,,,,S,a) Coeficienți de salarizare pentru personalul de specialitate medico-sanitar,1.92,1.92,1.92,,0
2026-07-17,II,II CI 2,21,21.00201014.01.1,21.00201014.01.1,Medic,Medic,,,,,,,S,a) Coeficienți de salarizare pentru personalul de specialitate medico-sanitar,2.16,2.16,2.16,,0
2026-07-17,II,II CI 2,22,21.00201015.01.1,21.00201015.01.1,Medic dentist,Medic dentist,,,,,,,S,a) Coeficienți de salarizare pentru personalul de specialitate medico-sanitar,2.16,2.16,2.16,,0
2026-07-17,II,II CI 2,23,21.00201016.01.1,21.00201016.01.1,Farmacist primar *1),Farmacist primar *,,,,,,,S,a) Coeficienți de salarizare pentru personalul de specialitate medico-sanitar,2.7,2.7,2.7,,0
2026-07-17,II,II CI 2,24,21.00201017.01.1,21.00201017.01.1,Farmacist specialist,Farmacist specialist,,,,,,,S,a) Coeficienți de salarizare pentru personalul de specialitate medico-sanitar,2.48,2.48,2.48,,0
2026-07-17,II,II CI 2,25,21.00201018.01.1,21.00201018.01.1,Farmacist,Farmacist,,,,,,,S,a) Coeficienți de salarizare pentru personalul de specialitate medico-sanitar,2.2,2.2,2.2,,0
2026-07-17,II,II CI 2,26,21.00201019.01.1,21.00201019.01.1,Farmacist rezident anul III,Farmacist rezident anul III,,,,,,,S,a) Coeficienți de salarizare pentru personalul de specialitate medico-sanitar,1.9140000000000001,1.9140000000000001,1.914,,0
2026-07-17,II,II CI 2,27,21.00201020.01.1,21.00201020.01.1,Farmacist rezident anul II,Farmacist rezident anul II,,,,,,,S,a) Coeficienți de salarizare pentru personalul de specialitate medico-sanitar,1.826,1.826,1.826,,0
2026-07-17,II,II CI 2,28,21.00201021.01.1,21.00201021.01.1,Farmacist rezident anul I,Farmacist rezident anul I,,,,,,,S,a) Coeficienți de salarizare pentru personalul de specialitate medico-sanitar,1.7600000000000002,1.7600000000000002,1.76,,0
2026-07-17,II,II CI 2,29,21.00201022.02.1,21.00201022.02.1,Bioinginer medical,Bioinginer medical,,,,,principal,,S,a) Coeficienți de salarizare pentru personalul de specialitate medico-sanitar,2.016,2.016,2.016,,0
2026-07-17,II,II CI 2,30,21.00201023.02.1,21.00201023.02.1,Bioinginer medical; specialist,Bioinginer medical|specialist,,,,,,,S,a) Coeficienți de salarizare pentru personalul de specialitate medico-sanitar,1.89696,1.89696,1.89696,,0
2026-07-17,II,II CI 2,31,21.00201024.02.1,21.00201024.02.1,Bioinginer medical,Bioinginer medical,,,,,,,S,a) Coeficienți de salarizare pentru personalul de specialitate medico-sanitar,1.8021119999999997,1.8021119999999997,1.802112,,0
2026-07-17,II,II CI 2,32,21.00201025.02.1,21.00201025.02.1,Bioinginer medical,Bioinginer medical,,,,,debutant,,S,a) Coeficienți de salarizare pentru personalul de specialitate medico-sanitar,1.7120063999999997,1.7120063999999997,1.7120064,,0
2026-07-17,II,II CI 2,33,21.00201026.11.1,21.00201026.11.1,Asistent medical; tehnician de radiologie şi imagistică licenţiat; asistent medical de laborator clinic licenţiat; licenţiat în balneofiziokinetoterapie şi recuperare; tehnician dentar licenţiat; asistent medical dentar licenţiat; tehnician de farmacie licenţiat; tehnician de audiologie şi protezare auditivă licenţiat; asistent medical de profilaxie dentară licenţiat; dietetician; moaşă,Asistent medical|tehnician de radiologie şi imagistică licenţiat|asistent medical de laborator clinic licenţiat|licenţiat în balneofiziokinetoterapie şi recuperare|tehnician dentar licenţiat|asistent medical dentar licenţiat|tehnician de farmacie licenţiat|tehnician de audiologie şi protezare auditivă licenţiat|asistent medical de profilaxie dentară licenţiat|dietetician|moaşă,,,,,principal,,S,a) Coeficienți de salarizare pentru personalul de specialitate medico-sanitar,1.92,1.92,1.92,,0
2026-07-17,II,II CI 2,34,21.00201027.11.1,21.00201027.11.1,Asistent medical; tehnician de radiologie şi imagistică licenţiat; asistent medical de laborator clinic licenţiat; licenţiat în balneofiziokinetoterapie şi recuperare; tehnician dentar licenţiat; asistent medical dentar licenţiat; tehnician de farmacie licenţiat; tehnician de audiologie şi protezare auditivă licenţiat; asistent medical de profilaxie dentară licenţiat; dietetician; moaşă,Asistent medical|tehnician de radiologie şi imagistică licenţiat|asistent medical de laborator clinic licenţiat|licenţiat în balneofiziokinetoterapie şi recuperare|tehnician dentar licenţiat|asistent medical dentar licenţiat|tehnician de farmacie licenţiat|tehnician de audiologie şi protezare auditivă licenţiat|asistent medical de profilaxie dentară licenţiat|dietetician|moaşă,,,,,,,S,a) Coeficienți de salarizare pentru personalul de specialitate medico-sanitar,1.8239999999999998,1.8239999999999998,1.824,,0
2026-07-17,II,II CI 2,35,21.00201028.11.1,21.00201028.11.1,Asistent medical; tehnician de radiologie şi imagistică licenţiat; asistent medical de laborator clinic licenţiat; licenţiat în balneofiziokinetoterapie şi recuperare; tehnician dentar licenţiat; asistent medical dentar licenţiat; tehnician de farmacie licenţiat; tehnician de audiologie şi protezare auditivă licenţiat; asistent medical de profilaxie dentară licenţiat; dietetician; moaşă,Asistent medical|tehnician de radiologie şi imagistică licenţiat|asistent medical de laborator clinic licenţiat|licenţiat în balneofiziokinetoterapie şi recuperare|tehnician dentar licenţiat|asistent medical dentar licenţiat|tehnician de farmacie licenţiat|tehnician de audiologie şi protezare auditivă licenţiat|asistent medical de profilaxie dentară licenţiat|dietetician|moaşă,,,,,debutant,,S,a) Coeficienți de salarizare pentru personalul de specialitate medico-sanitar,1.7327999999999997,1.7327999999999997,1.7328,,0
2026-07-17,II,II CI 2,36,21.00201032.27.1,21.00201032.27.1,Asistent medical; asistent medical specialist; tehnician superior de imagistică; radiologie; radioterapie şi radiodiagnostic; cosmetician medical specialist; asistent medical specializat; tehnician de laborator clinic; tehnician de farmacie; asistent de fiziokinetoterapie; asistent medical de urgenţe medico-chirurgicale; asistent medico-social; tehnician dentar specializat; asistent de profilaxie stomatologică; asistent igienist pentru cabinet stomatologic; asistent pentru stomatologie; asistent medical generalist; tehnician de radiologie şi imagistică; tehnician de audiologie şi protezare auditivă; tehnician de protezare oculară; asistent medical de geriatrie; gerontologie şi asistenţă socială pentru vârstnici; asistent medical de igienă şi sănătate publică; cosmetician medical; asistent medical nutriţionist şi dietetician; tehnician dentar specialist; asistent dentar,Asistent medical|asistent medical specialist|tehnician superior de imagistică|radiologie|radioterapie şi radiodiagnostic|cosmetician medical specialist|asistent medical specializat|tehnician de laborator clinic|tehnician de farmacie|asistent de fiziokinetoterapie|asistent medical de urgenţe medico-chirurgicale|asistent medico-social|tehnician dentar specializat|asistent de profilaxie stomatologică|asistent igienist pentru cabinet stomatologic|asistent pentru stomatologie|asistent medical generalist|tehnician de radiologie şi imagistică|tehnician de audiologie şi protezare auditivă|tehnician de protezare oculară|asistent medical de geriatrie|gerontologie şi asistenţă socială pentru vârstnici|asistent medical de igienă şi sănătate publică|cosmetician medical|asistent medical nutriţionist şi dietetician|tehnician dentar specialist|asistent dentar,,,,,principal,,SSD,a) Coeficienți de salarizare pentru personalul de specialitate medico-sanitar,1.728,1.728,1.728,,0
2026-07-17,II,II CI 2,37,21.00201033.27.1,21.00201033.27.1,"Asistent medical; asistent medical specialist; tehnician superior de imagistică, radiologie, radioterapie şi radiodiagnostic, cosmetician medical specialist, asistent medical specializat, tehnician de laborator clinic, tehnician de farmacie, asistent de fiziokinetoterapie, asistent medical de urgenţe medico-chirurgicale, asistent medico-social, tehnician dentar specializat, asistent de profilaxie stomatologică, asistent igienist pentru cabinet stomatologic, asistent pentru stomatologie, asistent medical generalist, tehnician de radiologie şi imagistică, tehnician de audiologie şi protezare auditivă, tehnician de protezare oculară, asistent medical de geriatrie, gerontologie şi asistenţă socială pentru vârstnici, asistent medical de igienă şi sănătate publică, cosmetician medical, asistent medical nutriţionist şi dietetician, tehnician dentar specialist, asistent dentar",Asistent medical|asistent medical specialist,,,,,,,SSD,a) Coeficienți de salarizare pentru personalul de specialitate medico-sanitar,1.6416,1.6416,1.6416,,0
2026-07-17,II,II CI 2,38,21.00201034.27.1,21.00201034.27.1,"Asistent medical, asistent medical specialist, tehnician superior de imagistică, radiologie, radioterapie şi radiodiagnostic, cosmetician medical specialist, asistent medical specializat, tehnician de laborator clinic, tehnician de farmacie, asistent de fiziokinetoterapie, asistent medical de urgenţe medico-chirurgicale, asistent medico-social, tehnician dentar specializat, asistent de profilaxie stomatologică, asistent igienist pentru cabinet stomatologic, asistent pentru stomatologie, asistent medical generalist, tehnician de radiologie şi imagistică, tehnician de audiologie şi protezare auditivă, tehnician de protezare oculară, asistent medical de geriatrie, gerontologie şi asistenţă socială pentru vârstnici, asistent medical de igienă şi sănătate publică, cosmetician medical, asistent medical nutriţionist şi dietetician, tehnician dentar specialist, asistent dentar","Asistent medical, asistent medical specialist, tehnician superior de imagistică, radiologie, radioterapie şi radiodiagnostic, cosmetician medical specialist, asistent medical specializat, tehnician de laborator clinic, tehnician de farmacie, asistent de fiziokinetoterapie, asistent medical de urgenţe medico-chirurgicale, asistent medico-social, tehnician dentar specializat, asistent de profilaxie stomatologică, asistent igienist pentru cabinet stomatologic, asistent pentru stomatologie, asistent medical generalist, tehnician de radiologie şi imagistică, tehnician de audiologie şi protezare auditivă, tehnician de protezare oculară, asistent medical de geriatrie, gerontologie şi asistenţă socială pentru vârstnici, asistent medical de igienă şi sănătate publică, cosmetician medical, asistent medical nutriţionist şi dietetician, tehnician dentar specialist, asistent dentar",,,,,debutant,,SSD,a) Coeficienți de salarizare pentru personalul de specialitate medico-sanitar,1.5941759999999998,1.5941759999999998,1.594176,,0
2026-07-17,II,II CI 2,39,21.00201035.01.1,21.00201035.01.1,"Asistent medical,tehnician dentar principal *2)","Asistent medical,tehnician dentar principal *",,,,,,,PL,a) Coeficienți de salarizare pentru personalul de specialitate medico-sanitar,1.72,1.72,1.72,,0
2026-07-17,II,II CI 2,40,21.00201036.01.1,21.00201036.01.1,"Asistent medical,tehnician dentar *2)","Asistent medical,tehnician dentar *",,,,,,,PL,a) Coeficienți de salarizare pentru personalul de specialitate medico-sanitar,1.608768,1.608768,1.608768,,0
2026-07-17,II,II CI 2,41,21.00201037.01.1,21.00201037.01.1,"Asistent medical,tehnician dentar debutant*2)","Asistent medical,tehnician dentar debutant*",,,,,,,PL,a) Coeficienți de salarizare pentru personalul de specialitate medico-sanitar,1.5702633599999998,1.5702633599999998,1.57026336,,0
2026-07-17,II,II CI 2,42,21.00201038.01.1,21.00201038.01.1,Asistent medical principal *2),Asistent medical principal *,,,,,,,M,a) Coeficienți de salarizare pentru personalul de specialitate medico-sanitar,1.6683999999999999,1.6683999999999999,1.6684,,0
2026-07-17,II,II CI 2,43,21.00201039.01.1,21.00201039.01.1,Asistent medical *2),Asistent medical *,,,,,,,M,a) Coeficienți de salarizare pentru personalul de specialitate medico-sanitar,1.5605049599999998,1.5605049599999998,1.56050496,,0
2026-07-17,II,II CI 2,44,21.00201040.01.1,21.00201040.01.1,Asistent medical debutant *2),Asistent medical debutant *,,,,,,,M,a) Coeficienți de salarizare pentru personalul de specialitate medico-sanitar,1.52,1.52,1.52,,0
2026-07-17,II,II CI 2,45,21.00201041.01.1,21.00201041.01.1,Tehnician dentar principal *3),Tehnician dentar principal *,,,,,,,M,a) Coeficienți de salarizare pentru personalul de specialitate medico-sanitar,1.6683999999999999,1.6683999999999999,1.6684,,0
2026-07-17,II,II CI 2,46,21.00201042.01.1,21.00201042.01.1,Tehnician dentar *3),Tehnician dentar *,,,,,,,M,a) Coeficienți de salarizare pentru personalul de specialitate medico-sanitar,1.5605049599999998,1.5605049599999998,1.56050496,,0
2026-07-17,II,II CI 2,47,21.00201043.01.1,21.00201043.01.1,Tehnician dentar debutant *3),Tehnician dentar debutant *,,,,,,,M,a) Coeficienți de salarizare pentru personalul de specialitate medico-sanitar,1.52,1.52,1.52,,0
2026-07-17,II,II CI 2,48,21.00201044.01.1,21.00201044.01.1,Soră medicală principală *4),Soră medicală principală *,,,,,,,M,a) Coeficienți de salarizare pentru personalul de specialitate medico-sanitar,1.5682959999999997,1.5682959999999997,1.568296,,0
2026-07-17,II,II CI 2,49,21.00201045.01.1,21.00201045.01.1,Soră medicală *4),Soră medicală *,,,,,,,M,a) Coeficienți de salarizare pentru personalul de specialitate medico-sanitar,1.4824797119999997,1.4824797119999997,1.482479712,,0
2026-07-17,II,II CI 2,50,21.00201046.01.1,21.00201046.01.1,Soră medicală debutant *4),Soră medicală debutant *,,,,,,,M,a) Coeficienți de salarizare pentru personalul de specialitate medico-sanitar,1.444,1.444,1.444,,0
2026-07-17,II,II CI 2,51,21.00201047.01.1,21.00201047.01.1,Autopsier principal,Autopsier principal,,,,,,,M,a) Coeficienți de salarizare pentru personalul de specialitate medico-sanitar,1.6683999999999999,1.6683999999999999,1.6684,,0
2026-07-17,II,II CI 2,52,21.00201048.01.1,21.00201048.01.1,Autopsier,Autopsier,,,,,,,M,a) Coeficienți de salarizare pentru personalul de specialitate medico-sanitar,1.5605049599999998,1.5605049599999998,1.56050496,,0
2026-07-17,II,II CI 2,53,21.00201049.01.1,21.00201049.01.1,Autopsier debutant,Autopsier debutant,,,,,,,M,a) Coeficienți de salarizare pentru personalul de specialitate medico-sanitar,1.52,1.52,1.52,,0
2026-07-17,II,II CI 2,54,21.00201050.02.1,21.00201050.02.1,"Statistician medical; registrator medical; operator registrator de urgență, principal","Statistician medical|registrator medical|operator registrator de urgență, principal",,,,,,,M,a) Coeficienți de salarizare pentru personalul de specialitate medico-sanitar,1.4824797119999997,1.4824797119999997,1.482479712,,0
2026-07-17,II,II CI 2,55,21.00201051.02.1,21.00201051.02.1,Statistician medical; registrator medical; operator registrator de urgență,Statistician medical|registrator medical|operator registrator de urgență,,,,,,,M,a) Coeficienți de salarizare pentru personalul de specialitate medico-sanitar,1.4083557263999997,1.4083557263999997,1.408355726,,0
2026-07-17,II,II CI 2,56,21.00201052.02.1,21.00201052.02.1,"Statistician medical; registrator medical;operator registrator de urgență, debutant","Statistician medical|registrator medical|operator registrator de urgență, debutant",,,,,,,M,a) Coeficienți de salarizare pentru personalul de specialitate medico-sanitar,1.3379379400799998,1.3379379400799998,1.33793794,,0
2026-07-17,II,II CI 2,57,21.00205001.05.1,21.00205001.05.1,"Biolog,biochimist,chimist, fizician - principal","Biolog,biochimist,chimist, fizician - principal",,,,,,,S,a) Coeficienți de salarizare pentru personalul de specialitate medico-sanitar,2.11,2.11,2.11,,0
2026-07-17,II,II CI 2,58,21.00205002.05.1,21.00205002.05.1,"Biolog, biochimist, chimist, fizician- specialist","Biolog, biochimist, chimist, fizician- specialist",,,,,,,S,a) Coeficienți de salarizare pentru personalul de specialitate medico-sanitar,1.9412,1.9412,1.9412,,0
2026-07-17,II,II CI 2,59,21.00205003.04.1,21.00205003.04.1,"Biolog, biochimist, chimist, fizician","Biolog, biochimist, chimist, fizician",,,,,,,S,a) Coeficienți de salarizare pentru personalul de specialitate medico-sanitar,1.7859040000000002,1.7859040000000002,1.785904,,0
2026-07-17,II,II CI 2,60,21.00205004.05.1,21.00205004.05.1,"Biolog, biochimist, chimist, fizician - debutant","Biolog, biochimist, chimist, fizician - debutant",,,,,,,S,a) Coeficienți de salarizare pentru personalul de specialitate medico-sanitar,1.6430316800000002,1.6430316800000002,1.64303168,,0
2026-07-17,II,II CI 2,61,21.00205005.05.1,21.00205005.05.1,"Logoped, sociolog, asistent social","Logoped, sociolog, asistent social",,,,,principal,,S,a) Coeficienți de salarizare pentru personalul de specialitate medico-sanitar,2.11,2.11,2.11,,0
2026-07-17,II,II CI 2,62,21.00205006.05.1,21.00205006.05.1,"Logoped, sociolog, asistent social","Logoped, sociolog, asistent social",,,,,,,S,a) Coeficienți de salarizare pentru personalul de specialitate medico-sanitar,1.9412,1.9412,1.9412,,0
2026-07-17,II,II CI 2,63,21.00205007.05.1,21.00205007.05.1,"Logoped, sociolog, asistent social","Logoped, sociolog, asistent social",,,,,debutant,,S,a) Coeficienți de salarizare pentru personalul de specialitate medico-sanitar,1.7859040000000002,1.7859040000000002,1.785904,,0
2026-07-17,II,II CI 2,64,21.00205008.04.1,21.00205008.04.1,"Profesor CFM; biolog; chimist, principal *5)","Profesor CFM|biolog|chimist, principal *",,,,,,,SSD,a) Coeficienți de salarizare pentru personalul de specialitate medico-sanitar,1.6847999999999999,1.6847999999999999,1.6848,,0
2026-07-17,II,II CI 2,65,21.00205009.04.1,21.00205009.04.1,Profesor CFM; biolog; chimist*5),Profesor CFM|biolog|chimist*,,,,,,,SSD,a) Coeficienți de salarizare pentru personalul de specialitate medico-sanitar,1.5500159999999998,1.5500159999999998,1.550016,,0
2026-07-17,II,II CI 2,66,21.00205010.04.1,21.00205010.04.1,Profesor CFM; biolog; chimist; debutant *5),Profesor CFM|biolog|chimist|debutant *,,,,,,,SSD,a) Coeficienți de salarizare pentru personalul de specialitate medico-sanitar,1.42601472,1.42601472,1.42601472,,0
2026-07-17,II,II CI 2,67,21.00205011.01.1,21.00205011.01.1,Psiholog principal,Psiholog principal,,,,,,,S,a) Coeficienți de salarizare pentru personalul de specialitate medico-sanitar,2.11,2.11,2.11,,0
2026-07-17,II,II CI 2,68,21.00205012.01.1,21.00205012.01.1,Psiholog specialist,Psiholog specialist,,,,,,,S,a) Coeficienți de salarizare pentru personalul de specialitate medico-sanitar,1.9412,1.9412,1.9412,,0
2026-07-17,II,II CI 2,69,21.00205013.01.1,21.00205013.01.1,Psiholog practicant,Psiholog practicant,,,,,,,S,a) Coeficienți de salarizare pentru personalul de specialitate medico-sanitar,1.7859040000000002,1.7859040000000002,1.785904,,0
2026-07-17,II,II CI 2,70,21.00205014.01.1,21.00205014.01.1,Psiholog stagiar,Psiholog stagiar,,,,,,,S,a) Coeficienți de salarizare pentru personalul de specialitate medico-sanitar,1.6430316800000002,1.6430316800000002,1.64303168,,0
2026-07-17,II,II CI 2,71,21.00205005.05.1,21.00205005.05.1,Fizioterapeut principal,Fizioterapeut principal,,,,,,,S,a) Coeficienți de salarizare pentru personalul de specialitate medico-sanitar,2.11,2.11,2.11,,0
2026-07-17,II,II CI 2,72,21.00205006.05.1,21.00205006.05.1,Fizioterapeut specialist,Fizioterapeut specialist,,,,,,,S,a) Coeficienți de salarizare pentru personalul de specialitate medico-sanitar,1.9412,1.9412,1.9412,,0
2026-07-17,II,II CI 2,73,21.00205007.05.1,21.00205007.05.1,Fizioterapeut,Fizioterapeut,,,,,,,S,a) Coeficienți de salarizare pentru personalul de specialitate medico-sanitar,1.7859040000000002,1.7859040000000002,1.785904,,0
2026-07-17,II,II CI 2,74,,,Fizioterapeut debutant,Fizioterapeut debutant,,,,,,,S,a) Coeficienți de salarizare pentru personalul de specialitate medico-sanitar,1.6430316800000002,1.6430316800000002,1.64303168,,0
2026-07-17,II,II CI 2,75,,,Fizician medical - principal ; Expert în fizică medicală,Fizician medical - principal|Expert în fizică medicală,,,,,,,S,a) Coeficienți de salarizare pentru personalul de specialitate medico-sanitar,2.7,2.7,2.7,,0
2026-07-17,II,II CI 2,76,,,Fizician medical - specialist,Fizician medical - specialist,,,,,,,S,a) Coeficienți de salarizare pentru personalul de specialitate medico-sanitar,2.43,2.43,2.43,,0
2026-07-17,II,II CI 2,77,,,Fizician medical,Fizician medical,,,,,,,S,a) Coeficienți de salarizare pentru personalul de specialitate medico-sanitar,2.232,2.232,2.232,,0
2026-07-17,II,II CI 2,78,,,Fizician medical - debutant,Fizician medical - debutant,,,,,,,S,a) Coeficienți de salarizare pentru personalul de specialitate medico-sanitar,1.9800000000000002,1.9800000000000002,1.98,,0
2026-07-17,II,II CI 2,80,21.00209001.02.1,21.00209001.02.1,"Infirmieră, agent DDD","Infirmieră, agent DDD",,,,,,,M;G,b) Coeficienți de salarizare pentru personalul auxiliar sanitar,1.39,1.39,1.39,,0
2026-07-17,II,II CI 2,81,21.00209002.02.1,21.00209002.02.1,"Infirmieră, agent DDD","Infirmieră, agent DDD",,,,,debutant,,M;G,b) Coeficienți de salarizare pentru personalul auxiliar sanitar,1.3482999999999998,1.3482999999999998,1.3483,,0
2026-07-17,II,II CI 2,82,21.00209003.05.1,21.00209003.05.1,"Brancardier, băieş, nămolar, spălătoreasă, îngrijitoare","Brancardier, băieş, nămolar, spălătoreasă, îngrijitoare",,,,,,,M;G,b) Coeficienți de salarizare pentru personalul auxiliar sanitar,1.3078509999999999,1.3078509999999999,1.307851,,0
2026-07-17,II,II CI 2,83,21.00211004.01.1,21.00211004.01.1,Ambulanţier,Ambulanţier,,,,,,,M,b) Coeficienți de salarizare pentru personalul auxiliar sanitar,1.6541352576,1.6541352576,1.654135258,,0
2026-07-17,II,II CI 2,84,21.00211005.01.1,21.00211005.01.1,Şofer autosanitară I *6,Şofer autosanitară I *6,,,,,,,M,b) Coeficienți de salarizare pentru personalul auxiliar sanitar,1.57142849472,1.57142849472,1.571428495,,0
2026-07-17,II,II CI 2,85,21.00209004.01.1,21.00209004.01.1,Şofer autosanitară II *6,Şofer autosanitară II *6,,,,,,,M,b) Coeficienți de salarizare pentru personalul auxiliar sanitar,1.4824797119999997,1.4824797119999997,1.482479712,,0
2026-07-17,II,II CI 2,86,21.00209005.01.1,21.00209005.01.1,Şofer autosanitară III *6,Şofer autosanitară III *6,,,,,,,M,b) Coeficienți de salarizare pentru personalul auxiliar sanitar,1.4083557263999997,1.4083557263999997,1.408355726,,0
2026-07-17,II,II CI 3,8,21.00301001.01.2,21.00301001.01.2,Director,Director,,conducere,,,,,S,a 1) Instituții si unități de asistență socială/centre cu personalitate juridică,2.9406713249999994,3.0954434999999996,2.940671325|3.0954435,Grad I|Grad II,0
2026-07-17,II,II CI 3,9,21.00301002.01.2,21.00301002.01.2,Contabil-șef,Contabil-șef,,conducere,,,,,S,a 1) Instituții si unități de asistență socială/centre cu personalitate juridică,2.5571054999999996,2.69169,2.5571055|2.69169,Grad I|Grad II,0
2026-07-17,II,II CI 3,11,21.00302001.01.2,21.00302001.01.2,Şef centru,Şef centru,,conducere,,,,,S,a 2) Unități de asistență socială/centre fără personalitate juridică,2.6905197000000003,2.8321260000000006,2.6905197|2.832126,Grad I|Grad II,0
2026-07-17,II,II CI 3,12,21.00302002.01.2,21.00302002.01.2,Coordonator personal de specialitate,Coordonator personal de specialitate,,conducere,,,,,S;SSD; PL,a 2) Unități de asistență socială/centre fără personalitate juridică,2.445927,2.57466,2.445927|2.57466,Grad I|Grad II,0
2026-07-17,II,II CI 3,15,21.00303001.01.1,21.00303001.01.1,Asistent social ; Asistent de sprijin pentru victime principal,Asistent social|Asistent de sprijin pentru victime principal,,conducere,,,,,S,b) Coeficienți de salarizare pentru personalul de specialitate din unităţile de asistenţă socială/ centre cu sau fără personalitate juridică,1.88,1.88,1.88,Gradația 0,0
2026-07-17,II,II CI 3,16,21.00303002.01.1,21.00303002.01.1,Asistent social ; Asistent de sprijin pentru victime specialist,Asistent social|Asistent de sprijin pentru victime specialist,,conducere,,,,,S,b) Coeficienți de salarizare pentru personalul de specialitate din unităţile de asistenţă socială/ centre cu sau fără personalitate juridică,1.7556513794993605,1.7556513794993605,1.755651379,Gradația 0,0
2026-07-17,II,II CI 3,17,21.00303003.01.1,21.00303003.01.1,Asistent social ; Asistent de sprijin pentru victime practicant,Asistent social|Asistent de sprijin pentru victime practicant,,conducere,,,,,S,b) Coeficienți de salarizare pentru personalul de specialitate din unităţile de asistenţă socială/ centre cu sau fără personalitate juridică,1.7202704184176867,1.7202704184176867,1.720270418,Gradația 0,0
2026-07-17,II,II CI 3,18,21.00303004.01.1,21.00303004.01.1,Asistent social ; Asistent de sprijin pentru victime debutant,Asistent social|Asistent de sprijin pentru victime debutant,,conducere,,,,,S,b) Coeficienți de salarizare pentru personalul de specialitate din unităţile de asistenţă socială/ centre cu sau fără personalitate juridică,1.6282112187100308,1.6282112187100308,1.628211219,Gradația 0,0
2026-07-17,II,II CI 3,19,21.00303005.01.1,21.00303005.01.1,Psiholog principal,Psiholog principal,,conducere,,,,,S,b) Coeficienți de salarizare pentru personalul de specialitate din unităţile de asistenţă socială/ centre cu sau fără personalitate juridică,1.84,1.84,1.84,Gradația 0,0
2026-07-17,II,II CI 3,20,21.00303006.01.1,21.00303006.01.1,Psiholog specialist,Psiholog specialist,,conducere,,,,,S,b) Coeficienți de salarizare pentru personalul de specialitate din unităţile de asistenţă socială/ centre cu sau fără personalitate juridică,1.7182970948291614,1.7182970948291614,1.718297095,Gradația 0,0
2026-07-17,II,II CI 3,21,21.00303007.01.1,21.00303007.01.1,Psiholog practicant,Psiholog practicant,,conducere,,,,,S,b) Coeficienți de salarizare pentru personalul de specialitate din unităţile de asistenţă socială/ centre cu sau fără personalitate juridică,1.6836689201534807,1.6836689201534807,1.68366892,Gradația 0,0
2026-07-17,II,II CI 3,22,21.00303008.01.1,21.00303008.01.1,Psiholog stagiar,Psiholog stagiar,,conducere,,,,,S,b) Coeficienți de salarizare pentru personalul de specialitate din unităţile de asistenţă socială/ centre cu sau fără personalitate juridică,1.5935684268225836,1.5935684268225836,1.593568427,Gradația 0,0
2026-07-17,II,II CI 3,23,21.00303009.06.1,21.00303009.06.1,"Logoped, profesor CFM, interpret în limbajul mimico-gestual și al limbajului specific persoanelor cu surdocecitate, kinetoterapeut, psihopedagog, terapeut ocupational","Logoped, profesor CFM, interpret în limbajul mimico-gestual și al limbajului specific persoanelor cu surdocecitate, kinetoterapeut, psihopedagog, terapeut ocupational",,conducere,,,principal,,S,b) Coeficienți de salarizare pentru personalul de specialitate din unităţile de asistenţă socială/ centre cu sau fără personalitate juridică,1.8383374999999997,1.8383374999999997,1.8383375,Gradația 0,0
2026-07-17,II,II CI 3,24,21.00303010.06.1,21.00303010.06.1,"Logoped, profesor CFM, interpret în limbajul mimico gestual și al limbajului specific persoanelor cu surdocecitate, kinetoterapeut, psihopedagog, terapeut ocupational","Logoped, profesor CFM, interpret în limbajul mimico gestual și al limbajului specific persoanelor cu surdocecitate, kinetoterapeut, psihopedagog, terapeut ocupational",,conducere,,,,,S,b) Coeficienți de salarizare pentru personalul de specialitate din unităţile de asistenţă socială/ centre cu sau fără personalitate juridică,1.6663968761552677,1.6663968761552677,1.666396876,Gradația 0,0
2026-07-17,II,II CI 3,25,21.00303011.06.1,21.00303011.06.1,"Logoped, profesor CFM, interpret în limbajul mimico gestual și al limbajului specific persoanelor cu surdocecitate, kinetoterapeut, psihopedagog, terapeut ocupational","Logoped, profesor CFM, interpret în limbajul mimico gestual și al limbajului specific persoanelor cu surdocecitate, kinetoterapeut, psihopedagog, terapeut ocupational",,conducere,,,debutant,,S,b) Coeficienți de salarizare pentru personalul de specialitate din unităţile de asistenţă socială/ centre cu sau fără personalitate juridică,1.610669085027726,1.610669085027726,1.610669085,Gradația 0,0
2026-07-17,II,II CI 3,26,21.00303012.01.1,21.00303012.01.1,Fiziokinetoterapeut principal,Fiziokinetoterapeut principal,,conducere,,,,,S,b) Coeficienți de salarizare pentru personalul de specialitate din unităţile de asistenţă socială/ centre cu sau fără personalitate juridică,1.8383374999999997,1.8383374999999997,1.8383375,Gradația 0,0
2026-07-17,II,II CI 3,27,21.00303013.01.1,21.00303013.01.1,Fiziokinetoterapeut specialist,Fiziokinetoterapeut specialist,,conducere,,,,,S,b) Coeficienți de salarizare pentru personalul de specialitate din unităţile de asistenţă socială/ centre cu sau fără personalitate juridică,1.6864253731343282,1.6864253731343282,1.686425373,Gradația 0,0
2026-07-17,II,II CI 3,28,21.00303014.01.1,21.00303014.01.1,Fiziokinetoterapeut,Fiziokinetoterapeut,,conducere,,,,,S,b) Coeficienți de salarizare pentru personalul de specialitate din unităţile de asistenţă socială/ centre cu sau fără personalitate juridică,1.6409186567164178,1.6409186567164178,1.640918657,Gradația 0,0
2026-07-17,II,II CI 3,29,21.00303015.01.1,21.00303015.01.1,Fiziokinetoterapeut debutant,Fiziokinetoterapeut debutant,,conducere,,,,,S,b) Coeficienți de salarizare pentru personalul de specialitate din unităţile de asistenţă socială/ centre cu sau fără personalitate juridică,1.5860429104477611,1.5860429104477611,1.58604291,Gradația 0,0
2026-07-17,II,II CI 3,30,21.00303016.01.1,21.00303016.01.1,Educator principal,Educator principal,,conducere,,,,,S,b) Coeficienți de salarizare pentru personalul de specialitate din unităţile de asistenţă socială/ centre cu sau fără personalitate juridică,1.6833870563770792,1.6833870563770792,1.683387056,Gradația 0,0
2026-07-17,II,II CI 3,31,21.00303017.01.1,21.00303017.01.1,Educator,Educator,,conducere,,,,,S,b) Coeficienți de salarizare pentru personalul de specialitate din unităţile de asistenţă socială/ centre cu sau fără personalitate juridică,1.6392125878003694,1.6392125878003694,1.639212588,Gradația 0,0
2026-07-17,II,II CI 3,32,21.00303018.01.1,21.00303018.01.1,Educator debutant,Educator debutant,,conducere,,,,,S,b) Coeficienți de salarizare pentru personalul de specialitate din unităţile de asistenţă socială/ centre cu sau fără personalitate juridică,1.610669085027726,1.610669085027726,1.610669085,Gradația 0,0
2026-07-17,II,II CI 3,33,21.00303019.02.1,21.00303019.02.1,"Asistent medical, tehnician de audiologie și protezare auditivă","Asistent medical, tehnician de audiologie și protezare auditivă",,conducere,,,principal,,S,b) Coeficienți de salarizare pentru personalul de specialitate din unităţile de asistenţă socială/ centre cu sau fără personalitate juridică,1.6156799999999998,1.6156799999999998,1.61568,Gradația 0,0
2026-07-17,II,II CI 3,34,21.00303020.02.1,21.00303020.02.1,"Asistent medical, tehnician de audiologie și protezare auditivă","Asistent medical, tehnician de audiologie și protezare auditivă",,conducere,,,,,S,b) Coeficienți de salarizare pentru personalul de specialitate din unităţile de asistenţă socială/ centre cu sau fără personalitate juridică,1.5348959999999998,1.5348959999999998,1.534896,Gradația 0,0
2026-07-17,II,II CI 3,35,21.00303021.02.1,21.00303021.02.1,"Asistent medical, tehnician de audiologie și protezare auditivă","Asistent medical, tehnician de audiologie și protezare auditivă",,conducere,,,debutant,,S,b) Coeficienți de salarizare pentru personalul de specialitate din unităţile de asistenţă socială/ centre cu sau fără personalitate juridică,1.4581511999999996,1.4581511999999996,1.4581512,Gradația 0,0
2026-07-17,II,II CI 3,36,21.00303022.04.1,21.00303022.04.1,"Educator, profesor CFM, educator puericultor, asistent medical; principal *1)","Educator, profesor CFM, educator puericultor, asistent medical|principal *",,conducere,,,,,SSD,b) Coeficienți de salarizare pentru personalul de specialitate din unităţile de asistenţă socială/ centre cu sau fără personalitate juridică,1.4541119999999998,1.4541119999999998,1.454112,Gradația 0,0
2026-07-17,II,II CI 3,37,21.00303023.04.1,21.00303023.04.1,"Educator, profesor CFM, educator puericultor, asistent medical *1)","Educator, profesor CFM, educator puericultor, asistent medical *",,conducere,,,,,SSD,b) Coeficienți de salarizare pentru personalul de specialitate din unităţile de asistenţă socială/ centre cu sau fără personalitate juridică,1.3814064,1.3814064,1.3814064,Gradația 0,0
2026-07-17,II,II CI 3,38,21.00303024.04.1,21.00303024.04.1,"Educator, profesor CFM, educator puericultor, asistent medical; debutant *1)","Educator, profesor CFM, educator puericultor, asistent medical|debutant *",,conducere,,,,,SSD,b) Coeficienți de salarizare pentru personalul de specialitate din unităţile de asistenţă socială/ centre cu sau fără personalitate juridică,1.341499104,1.341499104,1.341499104,Gradația 0,0
2026-07-17,II,II CI 3,39,21.00303025.03.1,21.00303025.03.1,"Educator, educator puericultor, asistent medical; principal 1*)","Educator, educator puericultor, asistent medical|principal 1*)",,conducere,,,,,PL,b) Coeficienți de salarizare pentru personalul de specialitate din unităţile de asistenţă socială/ centre cu sau fără personalitate juridică,1.4473799999999999,1.4473799999999999,1.44738,Gradația 0,0
2026-07-17,II,II CI 3,40,21.00303026.03.1,21.00303026.03.1,"Educator, educator puericultor, asistent medical 1*)","Educator, educator puericultor, asistent medical 1*)",,conducere,,,,,PL,b) Coeficienți de salarizare pentru personalul de specialitate din unităţile de asistenţă socială/ centre cu sau fără personalitate juridică,1.353778272,1.353778272,1.353778272,Gradația 0,0
2026-07-17,II,II CI 3,41,21.00303027.03.1,21.00303027.03.1,"Educator, educator puericultor, asistent medical; debutant 1*)","Educator, educator puericultor, asistent medical|debutant 1*)",,conducere,,,,,PL,b) Coeficienți de salarizare pentru personalul de specialitate din unităţile de asistenţă socială/ centre cu sau fără personalitate juridică,1.32137661744,1.32137661744,1.321376617,Gradația 0,0
2026-07-17,II,II CI 3,42,21.00303028.06.1,21.00303028.06.1,"Educator, educator puericultor, asistent igiena, asistent BFT, optician protezare ortopedică și auditivă, asistent medical, tehnician asistență socială, principal 1*)","Educator, educator puericultor, asistent igiena, asistent BFT, optician protezare ortopedică și auditivă, asistent medical, tehnician asistență socială, principal 1*)",,conducere,,,,,M,b) Coeficienți de salarizare pentru personalul de specialitate din unităţile de asistenţă socială/ centre cu sau fără personalitate juridică,1.4110493,1.4110493,1.4110493,Gradația 0,0
2026-07-17,II,II CI 3,43,21.00303029.06.1,21.00303029.06.1,"Educator, educator puericultor, asistent igiena, asistent BFT, optician protezare ortopedică și auditivă, asistent medical, tehnician asistență socială 1*)","Educator, educator puericultor, asistent igiena, asistent BFT, optician protezare ortopedică și auditivă, asistent medical, tehnician asistență socială 1*)",,conducere,,,,,M,b) Coeficienți de salarizare pentru personalul de specialitate din unităţile de asistenţă socială/ centre cu sau fără personalitate juridică,1.3264292159999997,1.3264292159999997,1.326429216,Gradația 0,0
2026-07-17,II,II CI 3,44,21.00303030.06.1,21.00303030.06.1,"Educator, educator puericultor, asistent igiena, asistent BFT,optician protezare ortopedică și auditivă, asistent medical,tehnician asistență socială ; debutant 1*)",debutant 1*),,conducere,,,,,M,b) Coeficienți de salarizare pentru personalul de specialitate din unităţile de asistenţă socială/ centre cu sau fără personalitate juridică,1.292,1.292,1.292,Gradația 0,0
2026-07-17,II,II CI 3,45,21.00303031.02.1,21.00303031.02.1,"Profesor CFM, interpret în limbaj mimico gestual și al limbajului specific persoanelor cu surdocecitate","Profesor CFM, interpret în limbaj mimico gestual și al limbajului specific persoanelor cu surdocecitate",,conducere,,,,,M,b) Coeficienți de salarizare pentru personalul de specialitate din unităţile de asistenţă socială/ centre cu sau fără personalitate juridică,1.292,1.292,1.292,Gradația 0,0
2026-07-17,II,II CI 3,46,21.00303032.02.1,21.00303032.02.1,"Instructor de educaţie, instructor CFM","Instructor de educaţie, instructor CFM",,conducere,,,principal,,M,b) Coeficienți de salarizare pentru personalul de specialitate din unităţile de asistenţă socială/ centre cu sau fără personalitate juridică,1.4110493,1.4110493,1.4110493,Gradația 0,0
2026-07-17,II,II CI 3,47,21.00303033.02.1,21.00303033.02.1,"Instructor de educaţie, instructor CFM","Instructor de educaţie, instructor CFM",,conducere,,,,,M,b) Coeficienți de salarizare pentru personalul de specialitate din unităţile de asistenţă socială/ centre cu sau fără personalitate juridică,1.3264292159999997,1.3264292159999997,1.326429216,Gradația 0,0
2026-07-17,II,II CI 3,48,21.00303034.02.1,21.00303034.02.1,"Instructor de educaţie, instructor CFM","Instructor de educaţie, instructor CFM",,conducere,,,debutant,,M,b) Coeficienți de salarizare pentru personalul de specialitate din unităţile de asistenţă socială/ centre cu sau fără personalitate juridică,1.292,1.292,1.292,Gradația 0,0
2026-07-17,II,II CI 3,49,21.00303035.04.1,21.00303035.04.1,"Instructor de ergoterapie, art terapeut, animator socio-educativ, pedagog de recuperare","Instructor de ergoterapie, art terapeut, animator socio-educativ, pedagog de recuperare",,conducere,,,principal,,PL,b) Coeficienți de salarizare pentru personalul de specialitate din unităţile de asistenţă socială/ centre cu sau fără personalitate juridică,1.4473799999999999,1.4473799999999999,1.44738,Gradația 0,0
2026-07-17,II,II CI 3,50,21.00303036.04.1,21.00303036.04.1,"Instructor de ergoterapie, art terapeut, animator socio-educativ, pedagog de recuperare","Instructor de ergoterapie, art terapeut, animator socio-educativ, pedagog de recuperare",,conducere,,,,,PL,b) Coeficienți de salarizare pentru personalul de specialitate din unităţile de asistenţă socială/ centre cu sau fără personalitate juridică,1.353778272,1.353778272,1.353778272,Gradația 0,0
2026-07-17,II,II CI 3,51,21.00303037.04.1,21.00303037.04.1,"Instructor de ergoterapie, art terapeut, animator socio-educativ, pedagog de recuperare","Instructor de ergoterapie, art terapeut, animator socio-educativ, pedagog de recuperare",,conducere,,,debutant,,PL,b) Coeficienți de salarizare pentru personalul de specialitate din unităţile de asistenţă socială/ centre cu sau fără personalitate juridică,1.32137661744,1.32137661744,1.321376617,Gradația 0,0
2026-07-17,II,II CI 3,52,21.00303038.04.1,21.00303038.04.1,"Instructor de ergoterapie, art terapeut, animator socio-educativ, pedagog de recuperare","Instructor de ergoterapie, art terapeut, animator socio-educativ, pedagog de recuperare",,conducere,,,principal,,M,b) Coeficienți de salarizare pentru personalul de specialitate din unităţile de asistenţă socială/ centre cu sau fără personalitate juridică,1.4110493,1.4110493,1.4110493,Gradația 0,0
2026-07-17,II,II CI 3,53,21.00303039.04.1,21.00303039.04.1,"Instructor de ergoterapie, art terapeut, animator socio-educativ, pedagog de recuperare","Instructor de ergoterapie, art terapeut, animator socio-educativ, pedagog de recuperare",,conducere,,,,,M,b) Coeficienți de salarizare pentru personalul de specialitate din unităţile de asistenţă socială/ centre cu sau fără personalitate juridică,1.3264292159999997,1.3264292159999997,1.326429216,Gradația 0,0
2026-07-17,II,II CI 3,54,21.00303040.04.1,21.00303040.04.1,"Instructor de ergoterapie, art terapeut, animator socio-educativ, pedagog de recuperare","Instructor de ergoterapie, art terapeut, animator socio-educativ, pedagog de recuperare",,conducere,,,debutant,,M,b) Coeficienți de salarizare pentru personalul de specialitate din unităţile de asistenţă socială/ centre cu sau fără personalitate juridică,1.292,1.292,1.292,Gradația 0,0
2026-07-17,II,II CI 3,55,21.00303041.02.1,21.00303041.02.1,"Soră medicală, masor","Soră medicală, masor",,conducere,,,principal,,M,b) Coeficienți de salarizare pentru personalul de specialitate din unităţile de asistenţă socială/ centre cu sau fără personalitate juridică,1.3264292159999997,1.3264292159999997,1.326429216,Gradația 0,0
2026-07-17,II,II CI 3,56,21.00303042.02.1,21.00303042.02.1,"Soră medicală, masor","Soră medicală, masor",,conducere,,,,,M,b) Coeficienți de salarizare pentru personalul de specialitate din unităţile de asistenţă socială/ centre cu sau fără personalitate juridică,1.292,1.292,1.292,Gradația 0,0
2026-07-17,II,II CI 3,57,21.00303043.02.1,21.00303043.02.1,"Soră medicală, masor","Soră medicală, masor",,conducere,,,debutant,,M,b) Coeficienți de salarizare pentru personalul de specialitate din unităţile de asistenţă socială/ centre cu sau fără personalitate juridică,1.2274,1.2274,1.2274,Gradația 0,0
2026-07-17,II,II CI 3,58,21.00303044.01.1,21.00303044.01.1,Asistent maternal profesionist,Asistent maternal profesionist,,conducere,,,,,"M,G",b) Coeficienți de salarizare pentru personalul de specialitate din unităţile de asistenţă socială/ centre cu sau fără personalitate juridică,1.4,1.4,1.4,Gradația 0,0
2026-07-17,II,II CI 3,59,21.00303045.04.1,21.00303045.04.1,"Părinte social, îngrijitor la domiciliu, asistent personal","Părinte social, îngrijitor la domiciliu, asistent personal",,conducere,,,,,"M,G",b) Coeficienți de salarizare pentru personalul de specialitate din unităţile de asistenţă socială/ centre cu sau fără personalitate juridică,1.02,1.02,1.02,Gradația 0,0
2026-07-17,II,II CI 3,60,21.00303046.02.1,21.00303046.02.1,"Tehnician protezist, tehnician audioprotezist","Tehnician protezist, tehnician audioprotezist",,conducere,,,,,"M, PL",b) Coeficienți de salarizare pentru personalul de specialitate din unităţile de asistenţă socială/ centre cu sau fără personalitate juridică,1.4110493,1.4110493,1.4110493,Gradația 0,0
2026-07-17,II,II CI 3,61,21.00303047.01.1,21.00303047.01.1,Agent informare privind cariera,Agent informare privind cariera,,conducere,,,,,"M, PL",b) Coeficienți de salarizare pentru personalul de specialitate din unităţile de asistenţă socială/ centre cu sau fără personalitate juridică,1.3264292159999997,1.3264292159999997,1.326429216,Gradația 0,0
2026-07-17,II,II CI 3,62,,,Asistent personal profesionist,Asistent personal profesionist,,conducere,,,,,"M, PL",b) Coeficienți de salarizare pentru personalul de specialitate din unităţile de asistenţă socială/ centre cu sau fără personalitate juridică,1.4,1.4,1.4,Gradația 0,0
2026-07-17,II,II CI 3,65,21.00304001.01.1,21.00304001.01.1,Infirmieră,Infirmieră,,conducere,,,,,G,c ) Coeficienți de salarizare pentru personalul de îngrijire și asistență pentru unități de asistență socială/ centre cu sau fără personalitate juridică,1.2273999999999998,1.2273999999999998,1.2274,Gradația 0,0
2026-07-17,II,II CI 3,66,21.00304002.01.1,21.00304002.01.1,Infirmieră debutantă,Infirmieră debutantă,,conducere,,,,,G,c ) Coeficienți de salarizare pentru personalul de îngrijire și asistență pentru unități de asistență socială/ centre cu sau fără personalitate juridică,1.1660299999999997,1.1660299999999997,1.16603,Gradația 0,0
2026-07-17,II,II CI 3,67,21.00304003.01.1,21.00304003.01.1,Supraveghetor de noapte,Supraveghetor de noapte,,conducere,,,,,G,c ) Coeficienți de salarizare pentru personalul de îngrijire și asistență pentru unități de asistență socială/ centre cu sau fără personalitate juridică,1.190752703903685,1.190752703903685,1.190752704,Gradația 0,0
2026-07-17,II,II CI 3,68,21.00304004.01.1,21.00304004.01.1,Supraveghetor de noapte debutant,Supraveghetor de noapte debutant,,conducere,,,,,G,c ) Coeficienți de salarizare pentru personalul de îngrijire și asistență pentru unități de asistență socială/ centre cu sau fără personalitate juridică,1.13,1.13,1.13,Gradația 0,0
2026-07-17,II,II CI 3,69,21.00304005.02.1,21.00304005.02.1,"Îngrijitoare, spălătoreasă","Îngrijitoare, spălătoreasă",,conducere,,,,,G,c ) Coeficienți de salarizare pentru personalul de îngrijire și asistență pentru unități de asistență socială/ centre cu sau fără personalitate juridică,1.1522082458275196,1.1522082458275196,1.152208246,Gradația 0,0
2026-07-17,II,II CI 3,70,21.00304006.01.1,21.00304006.01.1,Bucătar,Bucătar,,conducere,,,,,G,c ) Coeficienți de salarizare pentru personalul de îngrijire și asistență pentru unități de asistență socială/ centre cu sau fără personalitate juridică,1.2163602889338716,1.2163602889338716,1.216360289,Gradația 0,0
2026-07-17,III,III CI ,8,31.00101001.01.2,31.00101001.01.2,Manager (director general/director),Manager,,conducere,,,,,S,a) Coeficienți de salarizare pentru funcții de conducere,4.2075000000000005,4.95,4.2075|4.95,Grad I|Grad II,0
2026-07-17,III,III CI ,9,31.00101002.01.2,31.00101002.01.2,Director general adjunct,Director general adjunct,,conducere,,,,,S,a) Coeficienți de salarizare pentru funcții de conducere,3.78675,4.455,3.78675|4.455,Grad I|Grad II,0
2026-07-17,III,III CI ,10,31.00101003.01.2,31.00101003.01.2,Director,Director,,conducere,,,,,S,a) Coeficienți de salarizare pentru funcții de conducere,3.78675,4.455,3.78675|4.455,Grad I|Grad II,0
2026-07-17,III,III CI ,11,31.00101004.03.2,31.00101004.03.2,"Director adjunct, contabil-şef, inginer-şef","Director adjunct, contabil-şef, inginer-şef",,conducere,,,,,S,a) Coeficienți de salarizare pentru funcții de conducere,3.366,3.9600000000000004,3.366|3.96,Grad I|Grad II,0
2026-07-17,III,III CI ,12,31.00101005.01.2,31.00101005.01.2,Şef secţie,Şef secţie,,conducere,,,,,S,a) Coeficienți de salarizare pentru funcții de conducere,3.155625,3.7125000000000004,3.155625|3.7125,Grad I|Grad II,0
2026-07-17,III,III CI ,13,31.00101006.01.2,31.00101006.01.2,Şef serviciu,Şef serviciu,,conducere,,,,,S,a) Coeficienți de salarizare pentru funcții de conducere,2.9452499999999997,3.465,2.94525|3.465,Grad I|Grad II,0
2026-07-17,III,III CI ,14,31.00101007.04.2,31.00101007.04.2,"Şef laborator, şef oficiu, șef atelier","Şef laborator, şef oficiu, șef atelier",,conducere,,,,,S,a) Coeficienți de salarizare pentru funcții de conducere,2.734875,3.2175000000000002,2.734875|3.2175,Grad I|Grad II,0
2026-07-17,III,III CI ,15,31.00101008.01.2,31.00101008.01.2,Șef atelier,Șef atelier,,conducere,,,,,PL; M,a) Coeficienți de salarizare pentru funcții de conducere,1.697782887501383,1.9973916323545682,1.697782888|1.997391632,Grad I|Grad II,0
2026-07-17,III,III CI ,16,31.00101009.01.2,31.00101009.01.2,Şef formaţie muncitori,Şef formaţie muncitori,,conducere,,,,,PL; M,a) Coeficienți de salarizare pentru funcții de conducere,1.4148190729178192,1.6644930269621403,1.414819073|1.664493027,Grad I|Grad II,0
2026-07-17,III,III CI ,18,31.00201001.08.1,31.00201001.08.1,"Dirijor, regizor artistic, scenograf, coregraf, solist (vocal, balet, concertist, instrumentist), șef paradă, prim balerin, concertmaestru, actor (teatru, mânuitor păpuși-marionete)","Dirijor, regizor artistic, scenograf, coregraf, solist (vocal, balet, concertist, instrumentist), șef paradă, prim balerin, concertmaestru, actor (teatru, mânuitor păpuși-marionete)",,execuție,,,gradul I A,,S,b) Coeficienți de salarizare pentru funcții de execuție,3.07,3.07,3.07,Gradația 0,0
2026-07-17,III,III CI ,19,31.00201001.08.2,31.00201001.08.2,"Dirijor, regizor artistic, scenograf, coregraf, solist (vocal, balet, concertist, instrumentist), șef paradă, prim balerin, concertmaestru, actor (teatru, mânuitor păpuși-marionete)","Dirijor, regizor artistic, scenograf, coregraf, solist (vocal, balet, concertist, instrumentist), șef paradă, prim balerin, concertmaestru, actor (teatru, mânuitor păpuși-marionete)",,execuție,,,gradul I,,S,b) Coeficienți de salarizare pentru funcții de execuție,2.6094999999999997,2.6094999999999997,2.6095,Gradația 0,0
2026-07-17,III,III CI ,20,31.00201001.08.3,31.00201001.08.3,"Dirijor, regizor artistic, scenograf, coregraf, solist (vocal, balet, concertist, instrumentist), șef paradă, prim balerin, concertmaestru, actor (teatru, mânuitor păpuși-marionete)","Dirijor, regizor artistic, scenograf, coregraf, solist (vocal, balet, concertist, instrumentist), șef paradă, prim balerin, concertmaestru, actor (teatru, mânuitor păpuși-marionete)",,execuție,,,gradul II,,S,b) Coeficienți de salarizare pentru funcții de execuție,2.218075,2.218075,2.218075,Gradația 0,0
2026-07-17,III,III CI ,21,31.00201001.08.4,31.00201001.08.4,"Dirijor, regizor artistic, scenograf, coregraf, solist (vocal, balet, concertist, instrumentist), șef paradă, prim balerin, concertmaestru, actor (teatru, mânuitor păpuși-marionete)","Dirijor, regizor artistic, scenograf, coregraf, solist (vocal, balet, concertist, instrumentist), șef paradă, prim balerin, concertmaestru, actor (teatru, mânuitor păpuși-marionete)",,execuție,,,debutant,,S,b) Coeficienți de salarizare pentru funcții de execuție,1.8853637499999998,1.8853637499999998,1.88536375,Gradația 0,0
2026-07-17,III,III CI ,22,31.00201002.03.1,31.00201002.03.1,"Dirijor cor, maestru (artist circ, corepetitor, cor, balet-dans)","Dirijor cor, maestru",,execuție,,,gradul I A,,S,b) Coeficienți de salarizare pentru funcții de execuție,2.6094999999999997,2.6094999999999997,2.6095,Gradația 0,0
2026-07-17,III,III CI ,23,31.00201002.03.2,31.00201002.03.2,"Dirijor cor, maestru (artist circ, corepetitor, cor, balet-dans)","Dirijor cor, maestru",,execuție,,,gradul I,,S,b) Coeficienți de salarizare pentru funcții de execuție,2.34855,2.34855,2.34855,Gradația 0,0
2026-07-17,III,III CI ,24,31.00201002.03.3,31.00201002.03.3,"Dirijor cor, maestru (artist circ, corepetitor, cor, balet-dans)","Dirijor cor, maestru",,execuție,,,gradul II,,S,b) Coeficienți de salarizare pentru funcții de execuție,1.9962674999999999,1.9962674999999999,1.9962675,Gradația 0,0
2026-07-17,III,III CI ,25,31.00201002.03.4,31.00201002.03.4,"Dirijor cor, maestru (artist circ, corepetitor, cor, balet-dans)","Dirijor cor, maestru",,execuție,,,debutant,,S,b) Coeficienți de salarizare pentru funcții de execuție,1.79664075,1.79664075,1.79664075,Gradația 0,0
2026-07-17,III,III CI ,26,31.00201003.10.1,31.00201003.10.1,"Artist instrumentist, artist liric, balerin, dansator, artist circ, corepetitor, acompaniator, regizor scenă (culise), maestru de studii (balet, canto, muzical), corist (opera, opereta)","Artist instrumentist, artist liric, balerin, dansator, artist circ, corepetitor, acompaniator, regizor scenă (culise), maestru de studii (balet, canto, muzical), corist (opera, opereta)",,execuție,,,gradul I A,,S,b) Coeficienți de salarizare pentru funcții de execuție,2.4262797872340416,2.4262797872340416,2.426279787,Gradația 0,0
2026-07-17,III,III CI ,27,31.00201003.10.2,31.00201003.10.2,"Artist instrumentist, artist liric, balerin, dansator, artist circ, corepetitor, acompaniator, regizor scenă (culise), maestru de studii (balet, canto, muzical), corist (opera, opereta)","Artist instrumentist, artist liric, balerin, dansator, artist circ, corepetitor, acompaniator, regizor scenă (culise), maestru de studii (balet, canto, muzical), corist (opera, opereta)",,execuție,,,gradul I,,S,b) Coeficienți de salarizare pentru funcții de execuție,2.1836518085106373,2.1836518085106373,2.183651809,Gradația 0,0
2026-07-17,III,III CI ,28,31.00201003.10.3,31.00201003.10.3,"Artist instrumentist, artist liric, balerin, dansator, artist circ, corepetitor, acompaniator, regizor scenă (culise), maestru de studii (balet, canto, muzical), corist (opera, opereta)","Artist instrumentist, artist liric, balerin, dansator, artist circ, corepetitor, acompaniator, regizor scenă (culise), maestru de studii (balet, canto, muzical), corist (opera, opereta)",,execuție,,,gradul II,,S,b) Coeficienți de salarizare pentru funcții de execuție,1.8561040372340416,1.8561040372340416,1.856104037,Gradația 0,0
2026-07-17,III,III CI ,29,31.00201003.10.4,31.00201003.10.4,"Artist instrumentist, artist liric, balerin, dansator, artist circ, corepetitor, acompaniator, regizor scenă (culise), maestru de studii (balet, canto, muzical), corist (opera, opereta)","Artist instrumentist, artist liric, balerin, dansator, artist circ, corepetitor, acompaniator, regizor scenă (culise), maestru de studii (balet, canto, muzical), corist (opera, opereta)",,execuție,,,debutant,,S,b) Coeficienți de salarizare pentru funcții de execuție,1.6704936335106375,1.6704936335106375,1.670493634,Gradația 0,0
2026-07-17,III,III CI ,30,31.00201004.05.1,31.00201004.05.1,"Secretar (literar, muzical, artistic, platou, PR, marketing), sculptor păpuși, artist plastic, grafician, șef orchestră","Secretar , sculptor păpuși, artist plastic, grafician, șef orchestră",,execuție,,,gradul I A,,S,b) Coeficienți de salarizare pentru funcții de execuție,2.1836518085106373,2.1836518085106373,2.183651809,Gradația 0,0
2026-07-17,III,III CI ,31,31.00201004.05.2,31.00201004.05.2,"Secretar (literar, muzical, artistic, platou, PR, marketing), sculptor păpuși, artist plastic, grafician, șef orchestră","Secretar , sculptor păpuși, artist plastic, grafician, șef orchestră",,execuție,,,gradul I,,S,b) Coeficienți de salarizare pentru funcții de execuție,1.9652866276595737,1.9652866276595737,1.965286628,Gradația 0,0
2026-07-17,III,III CI ,32,31.00201004.05.3,31.00201004.05.3,"Secretar (literar, muzical, artistic, platou, PR, marketing), sculptor păpuși, artist plastic, grafician, șef orchestră","Secretar , sculptor păpuși, artist plastic, grafician, șef orchestră",,execuție,,,gradul II,,S,b) Coeficienți de salarizare pentru funcții de execuție,1.7687579648936165,1.7687579648936165,1.768757965,Gradația 0,0
2026-07-17,III,III CI ,33,31.00201004.05.4,31.00201004.05.4,"Secretar (literar, muzical, artistic, platou, PR, marketing), sculptor păpuși, artist plastic, grafician, șef orchestră","Secretar , sculptor păpuși, artist plastic, grafician, șef orchestră",,execuție,,,debutant,,S,b) Coeficienți de salarizare pentru funcții de execuție,1.5918821684042548,1.5918821684042548,1.591882168,Gradația 0,0
2026-07-17,III,III CI ,34,31.00201005.05.1,31.00201005.05.1,"Impresar artistic, pictor, consultant-artistic, producător-delegat, sufleor (operă, operetă, teatru)","Impresar artistic, pictor, consultant-artistic, producător-delegat, sufleor",,execuție,,,gradul I A,,S,b) Coeficienți de salarizare pentru funcții de execuție,2.1836518085106373,2.1836518085106373,2.183651809,Gradația 0,0
2026-07-17,III,III CI ,35,31.00201005.05.2,31.00201005.05.2,"Impresar artistic, pictor, consultant-artistic, producător-delegat, sufleor (operă, operetă, teatru)","Impresar artistic, pictor, consultant-artistic, producător-delegat, sufleor",,execuție,,,gradul I,,S,b) Coeficienți de salarizare pentru funcții de execuție,1.9652866276595737,1.9652866276595737,1.965286628,Gradația 0,0
2026-07-17,III,III CI ,36,31.00201005.05.3,31.00201005.05.3,"Impresar artistic, pictor, consultant-artistic, producător-delegat, sufleor (operă, operetă, teatru)","Impresar artistic, pictor, consultant-artistic, producător-delegat, sufleor",,execuție,,,gradul II,,S,b) Coeficienți de salarizare pentru funcții de execuție,1.7687579648936165,1.7687579648936165,1.768757965,Gradația 0,0
2026-07-17,III,III CI ,37,31.00201005.05.4,31.00201005.05.4,"Impresar artistic, pictor, consultant-artistic, producător-delegat, sufleor (operă, operetă, teatru)","Impresar artistic, pictor, consultant-artistic, producător-delegat, sufleor",,execuție,,,debutant,,S,b) Coeficienți de salarizare pentru funcții de execuție,1.5918821684042548,1.5918821684042548,1.591882168,Gradația 0,0
2026-07-17,III,III CI ,38,31.00201006.05.1,31.00201006.05.1,"Machior, peruchier, operator (lumini, imagine, sunet), asistent regie/scenografie, secretar platou","Machior, peruchier, operator , asistent regie|scenografie, secretar platou",,execuție,,,gradul I A,,S,b) Coeficienți de salarizare pentru funcții de execuție,1.8447194062499996,1.8447194062499996,1.844719406,Gradația 0,0
2026-07-17,III,III CI ,39,31.00201006.05.2,31.00201006.05.2,"Machior, peruchier, operator (lumini, imagine, sunet), asistent regie/scenografie, secretar platou","Machior, peruchier, operator , asistent regie|scenografie, secretar platou",,execuție,,,gradul I,,S,b) Coeficienți de salarizare pentru funcții de execuție,1.7524834359374997,1.7524834359374997,1.752483436,Gradația 0,0
2026-07-17,III,III CI ,40,31.00201006.05.3,31.00201006.05.3,"Machior, peruchier, operator (lumini, imagine, sunet), asistent regie/scenografie, secretar platou","Machior, peruchier, operator , asistent regie|scenografie, secretar platou",,execuție,,,gradul II,,S,b) Coeficienți de salarizare pentru funcții de execuție,1.6648592641406246,1.6648592641406246,1.664859264,Gradația 0,0
2026-07-17,III,III CI ,41,31.00201006.05.4,31.00201006.05.4,"Machior, peruchier, operator (lumini, imagine, sunet), asistent regie/scenografie, secretar platou","Machior, peruchier, operator , asistent regie|scenografie, secretar platou",,execuție,,,debutant,,S,b) Coeficienți de salarizare pentru funcții de execuție,1.5816163009335933,1.5816163009335933,1.581616301,Gradația 0,0
2026-07-17,III,III CI ,42,31.00201007.21.1,31.00201007.21.1,"Dirijor, dirijor cor, Actor, artist circ, instrumentist, corist operă, actor mânuitor-păpuși, corist, sufleor, balerin, dansator, corepetitor, sculptor păpuși, artist plastic, grafician, referent literar/muzical/artistic, regizor tehnic), solist (vocal, balet, instrumentist, concertist, instrumentist), maestru (balet-dans, corepetitor, artist circ), concertmaestru, coregraf","Dirijor, dirijor cor, Actor, artist circ, instrumentist, corist operă, actor mânuitor-păpuși, corist, sufleor, balerin, dansator, corepetitor, sculptor păpuși, artist plastic, grafician, referent literar/muzical/artistic, regizor tehnic), solist (vocal, balet, instrumentist, concertist, instrumentist), maestru (balet-dans, corepetitor, artist circ), concertmaestru, coregraf",,execuție,,,treaptă I,,S,b) Coeficienți de salarizare pentru funcții de execuție,1.8419999999999999,1.8419999999999999,1.842,Gradația 0,0
2026-07-17,III,III CI ,43,31.00201007.21.2,31.00201007.21.2,"Dirijor, dirijor cor, Actor, artist circ, instrumentist, corist operă, actor mânuitor-păpuși, corist, sufleor, balerin, dansator, corepetitor, sculptor păpuși, artist plastic, grafician, referent literar/muzical/artistic, regizor tehnic), solist (vocal, balet, instrumentist, concertist, instrumentist), maestru (balet-dans, corepetitor, artist circ), concertmaestru, coregraf","Dirijor, dirijor cor, Actor, artist circ, instrumentist, corist operă, actor mânuitor-păpuși, corist, sufleor, balerin, dansator, corepetitor, sculptor păpuși, artist plastic, grafician, referent literar/muzical/artistic, regizor tehnic), solist (vocal, balet, instrumentist, concertist, instrumentist), maestru (balet-dans, corepetitor, artist circ), concertmaestru, coregraf",,execuție,,,treaptă II,,S,b) Coeficienți de salarizare pentru funcții de execuție,1.6578,1.6578,1.6578,Gradația 0,0
2026-07-17,III,III CI ,44,31.00201007.21.3,31.00201007.21.3,"Dirijor, dirijor cor, Actor, artist circ, instrumentist, corist operă, actor mânuitor-păpuși, corist, sufleor, balerin, dansator, corepetitor, sculptor păpuși, artist plastic, grafician, referent literar/muzical/artistic, regizor tehnic), solist (vocal, balet, instrumentist, concertist, instrumentist), maestru (balet-dans, corepetitor, artist circ), concertmaestru, coregraf","Dirijor, dirijor cor, Actor, artist circ, instrumentist, corist operă, actor mânuitor-păpuși, corist, sufleor, balerin, dansator, corepetitor, sculptor păpuși, artist plastic, grafician, referent literar/muzical/artistic, regizor tehnic), solist (vocal, balet, instrumentist, concertist, instrumentist), maestru (balet-dans, corepetitor, artist circ), concertmaestru, coregraf",,execuție,,,treaptă III,,S,b) Coeficienți de salarizare pentru funcții de execuție,1.49202,1.49202,1.49202,Gradația 0,0
2026-07-17,III,III CI ,45,31.00201007.21.4,31.00201007.21.4,"Dirijor, dirijor cor, Actor, artist circ, instrumentist, corist operă, actor mânuitor-păpuși, corist, sufleor, balerin, dansator, corepetitor, sculptor păpuși, artist plastic, grafician, referent literar/muzical/artistic, regizor tehnic), solist (vocal, balet, instrumentist, concertist, instrumentist), maestru (balet-dans, corepetitor, artist circ), concertmaestru, coregraf","Dirijor, dirijor cor, Actor, artist circ, instrumentist, corist operă, actor mânuitor-păpuși, corist, sufleor, balerin, dansator, corepetitor, sculptor păpuși, artist plastic, grafician, referent literar/muzical/artistic, regizor tehnic), solist (vocal, balet, instrumentist, concertist, instrumentist), maestru (balet-dans, corepetitor, artist circ), concertmaestru, coregraf",,execuție,,,debutant,,S,b) Coeficienți de salarizare pentru funcții de execuție,1.3428179999999998,1.3428179999999998,1.342818,Gradația 0,0
2026-07-17,III,III CI ,46,31.00201008.04.1,31.00201008.04.1,"Maestru (lumini, imagine, sunet), maestru (acordor pian-clavecin, lutier), specialist (orgă, instrumente de suflat), șef orchestră","Maestru , maestru , specialist , șef orchestră",,execuție,,,treaptă I,,S,b) Coeficienți de salarizare pentru funcții de execuție,1.6602474656249997,1.6602474656249997,1.660247466,Gradația 0,0
2026-07-17,III,III CI ,47,31.00201008.04.2,31.00201008.04.2,"Maestru (lumini, imagine, sunet), maestru (acordor pian-clavecin, lutier), specialist (orgă, instrumente de suflat), șef orchestră","Maestru , maestru , specialist , șef orchestră",,execuție,,,treaptă II,,S,b) Coeficienți de salarizare pentru funcții de execuție,1.4942227190624997,1.4942227190624997,1.494222719,Gradația 0,0
2026-07-17,III,III CI ,48,31.00201008.04.3,31.00201008.04.3,"Maestru (lumini, imagine, sunet), maestru (acordor pian-clavecin, lutier), specialist (orgă, instrumente de suflat), șef orchestră","Maestru , maestru , specialist , șef orchestră",,execuție,,,treaptă III,,S,b) Coeficienți de salarizare pentru funcții de execuție,1.3448004471562498,1.3448004471562498,1.344800447,Gradația 0,0
2026-07-17,III,III CI ,49,31.00201008.04.4,31.00201008.04.4,"Maestru (lumini, imagine, sunet), maestru (acordor pian-clavecin, lutier), specialist (orgă, instrumente de suflat), șef orchestră","Maestru , maestru , specialist , șef orchestră",,execuție,,,debutant,,S,b) Coeficienți de salarizare pentru funcții de execuție,1.2103204024406249,1.2103204024406249,1.210320402,Gradația 0,0
2026-07-17,III,III CI ,50,31.00201009.08.1,31.00201009.08.1,"Operator (lumini, imagine, sunet), editor (imagine, sunet), regizor scenă, iluminist scenă, machior, peruchier, butafor, recuziter","Operator , editor , regizor scenă, iluminist scenă, machior, peruchier, butafor, recuziter",,execuție,,,treaptă I,,M;G,b) Coeficienți de salarizare pentru funcții de execuție,1.4722421175,1.4722421175,1.472242118,Gradația 0,0
2026-07-17,III,III CI ,51,31.00201009.08.2,31.00201009.08.2,"Operator (lumini, imagine, sunet), editor (imagine, sunet), regizor scenă, iluminist scenă, machior, peruchier, butafor, recuziter","Operator , editor , regizor scenă, iluminist scenă, machior, peruchier, butafor, recuziter",,execuție,,,treaptă II,,M;G,b) Coeficienți de salarizare pentru funcții de execuție,1.422136398375,1.422136398375,1.422136398,Gradația 0,0
2026-07-17,III,III CI ,52,31.00201009.08.3,31.00201009.08.3,"Operator (lumini, imagine, sunet), editor (imagine, sunet), regizor scenă, iluminist scenă, machior, peruchier, butafor, recuziter","Operator , editor , regizor scenă, iluminist scenă, machior, peruchier, butafor, recuziter",,execuție,,,treaptă III,,M;G,b) Coeficienți de salarizare pentru funcții de execuție,1.3432221,1.3432221,1.3432221,Gradația 0,0
2026-07-17,III,III CI ,53,31.00201009.08.4,31.00201009.08.4,"Operator (lumini, imagine, sunet), editor (imagine, sunet), regizor scenă, iluminist scenă, machior, peruchier, butafor, recuziter","Operator , editor , regizor scenă, iluminist scenă, machior, peruchier, butafor, recuziter",,execuție,,,debutant,,M;G,b) Coeficienți de salarizare pentru funcții de execuție,1.3058927999999999,1.3058927999999999,1.3058928,Gradația 0,0
2026-07-17,III,III CI ,54,31.00201010.01.1,31.00201010.01.1,Muncitor din activitatea specifică instituțiilor de spectacole sau concerte,Muncitor din activitatea specifică instituțiilor de spectacole sau concerte,,execuție,,,treaptă I,,M;G,b) Coeficienți de salarizare pentru funcții de execuție,1.422136398375,1.422136398375,1.422136398,Gradația 0,0
2026-07-17,III,III CI ,55,31.00201010.01.2,31.00201010.01.2,Muncitor din activitatea specifică instituțiilor de spectacole sau concerte,Muncitor din activitatea specifică instituțiilor de spectacole sau concerte,,execuție,,,treaptă II,,M;G,b) Coeficienți de salarizare pentru funcții de execuție,1.3432221,1.3432221,1.3432221,Gradația 0,0
2026-07-17,III,III CI ,56,31.00201010.01.3,31.00201010.01.3,Muncitor din activitatea specifică instituțiilor de spectacole sau concerte,Muncitor din activitatea specifică instituțiilor de spectacole sau concerte,,execuție,,,treaptă III,,M;G,b) Coeficienți de salarizare pentru funcții de execuție,1.276060995,1.276060995,1.276060995,Gradația 0,0
2026-07-17,III,III CI ,57,31.00201010.01.4,31.00201010.01.4,Muncitor din activitatea specifică instituțiilor de spectacole sau concerte,Muncitor din activitatea specifică instituțiilor de spectacole sau concerte,,execuție,,,debutant,,M;G,b) Coeficienți de salarizare pentru funcții de execuție,1.21225794525,1.21225794525,1.212257945,Gradația 0,0
2026-07-17,III,III CI ,58,31.00201011.04.1,31.00201011.04.1,"Supraveghetor sală, controlor bilete, garderobier, plasator sală,","Supraveghetor sală, controlor bilete, garderobier, plasator sală",,execuție,,,,,M;G,b) Coeficienți de salarizare pentru funcții de execuție,1.21225794525,1.21225794525,1.212257945,Gradația 0,0
2026-07-17,III,III CI ,59,31.00201012.01.1,31.00201012.01.1,Manipulant decor,Manipulant decor,,execuție,,,treaptă I,,M;G,b) Coeficienți de salarizare pentru funcții de execuție,1.1061199159944188,1.1061199159944188,1.106119916,Gradația 0,0
2026-07-17,III,III CI ,60,31.00201012.01.2,31.00201012.01.2,Manipulant decor,Manipulant decor,,execuție,,,treaptă II,,M;G,b) Coeficienți de salarizare pentru funcții de execuție,1,1,1,Gradația 0,0
2026-07-17,III,III CI ,63,31.00102001.01.2,31.00102001.01.2,Manager (director general/director),Manager,,conducere,,,,,S,a) Coeficienți de salarizare pentru funcții de conducere,3.366,3.9600000000000004,3.366|3.96,Grad I|Grad II,0
2026-07-17,III,III CI ,64,31.00102002.01.2,31.00102002.01.2,Director general adjunct,Director general adjunct,,conducere,,,,,S,a) Coeficienți de salarizare pentru funcții de conducere,3.2187375,3.78675,3.2187375|3.78675,Grad I|Grad II,0
2026-07-17,III,III CI ,65,31.00102003.01.2,31.00102003.01.2,Director,Director,,conducere,,,,,S,a) Coeficienți de salarizare pentru funcții de conducere,3.2187375,3.78675,3.2187375|3.78675,Grad I|Grad II,0
2026-07-17,III,III CI ,66,31.00102004.03.2,31.00102004.03.2,"Director adjunct, contabil-şef, inginer-şef","Director adjunct, contabil-şef, inginer-şef",,conducere,,,,,S,a) Coeficienți de salarizare pentru funcții de conducere,2.6928000000000005,3.1680000000000006,2.6928|3.168,Grad I|Grad II,0
2026-07-17,III,III CI ,67,31.00102005.01.2,31.00102005.01.2,Şef secţie,Şef secţie,,conducere,,,,,S,a) Coeficienți de salarizare pentru funcții de conducere,2.68228125,3.155625,2.68228125|3.155625,Grad I|Grad II,0
2026-07-17,III,III CI ,68,31.00102006.01.2,31.00102006.01.2,Şef serviciu,Şef serviciu,,conducere,,,,,S,a) Coeficienți de salarizare pentru funcții de conducere,2.5034624999999995,2.9452499999999997,2.5034625|2.94525,Grad I|Grad II,0
2026-07-17,III,III CI ,69,31.00102007.04.2,31.00102007.04.2,"Şef laborator, şef oficiu, șef atelier","Şef laborator, şef oficiu, șef atelier",,conducere,,,,,S,a) Coeficienți de salarizare pentru funcții de conducere,2.374515,2.63835,2.374515|2.63835,Grad I|Grad II,0
2026-07-17,III,III CI ,70,31.00102008.01.2,31.00102008.01.2,Şef formaţie muncitori,Şef formaţie muncitori,,conducere,,,,,S,a) Coeficienți de salarizare pentru funcții de conducere,1.4148190729178192,1.6644930269621403,1.414819073|1.664493027,Grad I|Grad II,0
2026-07-17,III,III CI ,71,31.00102009.01.2,31.00102009.01.2,Șef atelier,Șef atelier,,conducere,,,,,PL; M,a) Coeficienți de salarizare pentru funcții de conducere,1.697782887501383,1.9973916323545682,1.697782888|1.997391632,Grad I|Grad II,0
2026-07-17,III,III CI ,73,31.00202001.08.1,31.00202001.08.1,"Dirijor, regizor artistic, scenograf, coregraf, solist (vocal, balet, concertist, instrumentist), prim balerin, concertmaestru, șef paradă, actor (teatru, mânuitor păpuși-marionete)","Dirijor, regizor artistic, scenograf, coregraf, solist (vocal, balet, concertist, instrumentist), prim balerin, concertmaestru, șef paradă, actor (teatru, mânuitor păpuși-marionete)",,execuție,,,gradul I A,,S,b) Coeficienți de salarizare pentru funcții de execuție,2.6094999999999997,2.6094999999999997,2.6095,Gradația 0,0
2026-07-17,III,III CI ,74,31.00202001.08.2,31.00202001.08.2,"Dirijor, regizor artistic, scenograf, coregraf, solist (vocal, balet, concertist, instrumentist), prim balerin, concertmaestru, șef paradă, actor (teatru, mânuitor păpuși-marionete)","Dirijor, regizor artistic, scenograf, coregraf, solist (vocal, balet, concertist, instrumentist), prim balerin, concertmaestru, șef paradă, actor (teatru, mânuitor păpuși-marionete)",,execuție,,,gradul I,,S,b) Coeficienți de salarizare pentru funcții de execuție,2.218075,2.218075,2.218075,Gradația 0,0
2026-07-17,III,III CI ,75,31.00202001.08.3,31.00202001.08.3,"Dirijor, regizor artistic, scenograf, coregraf, solist (vocal, balet, concertist, instrumentist), prim balerin, concertmaestru, șef paradă, actor (teatru, mânuitor păpuși-marionete)","Dirijor, regizor artistic, scenograf, coregraf, solist (vocal, balet, concertist, instrumentist), prim balerin, concertmaestru, șef paradă, actor (teatru, mânuitor păpuși-marionete)",,execuție,,,gradul II,,S,b) Coeficienți de salarizare pentru funcții de execuție,1.8853637499999998,1.8853637499999998,1.88536375,Gradația 0,0
2026-07-17,III,III CI ,76,31.00202001.08.4,31.00202001.08.4,"Dirijor, regizor artistic, scenograf, coregraf, solist (vocal, balet, concertist, instrumentist), prim balerin, concertmaestru, șef paradă, actor (teatru, mânuitor păpuși-marionete)","Dirijor, regizor artistic, scenograf, coregraf, solist (vocal, balet, concertist, instrumentist), prim balerin, concertmaestru, șef paradă, actor (teatru, mânuitor păpuși-marionete)",,execuție,,,debutant,,S,b) Coeficienți de salarizare pentru funcții de execuție,1.6025591874999998,1.6025591874999998,1.602559187,Gradația 0,0
2026-07-17,III,III CI ,77,31.00202002.03.1,31.00202002.03.1,"Dirijor cor, maestru (artist circ, corepetitor, cor, balet-dans)","Dirijor cor, maestru",,execuție,,,gradul I A,,S,b) Coeficienți de salarizare pentru funcții de execuție,2.218075,2.218075,2.218075,Gradația 0,0
2026-07-17,III,III CI ,78,31.00202002.03.2,31.00202002.03.2,"Dirijor cor, maestru (artist circ, corepetitor, cor, balet-dans)","Dirijor cor, maestru",,execuție,,,gradul I,,S,b) Coeficienți de salarizare pentru funcții de execuție,1.9962674999999999,1.9962674999999999,1.9962675,Gradația 0,0
2026-07-17,III,III CI ,79,31.00202002.03.3,31.00202002.03.3,"Dirijor cor, maestru (artist circ, corepetitor, cor, balet-dans)","Dirijor cor, maestru",,execuție,,,gradul II,,S,b) Coeficienți de salarizare pentru funcții de execuție,1.6968273749999998,1.6968273749999998,1.696827375,Gradația 0,0
2026-07-17,III,III CI ,80,31.00202002.03.4,31.00202002.03.4,"Dirijor cor, maestru (artist circ, corepetitor, cor, balet-dans)","Dirijor cor, maestru",,execuție,,,debutant,,S,b) Coeficienți de salarizare pentru funcții de execuție,1.6169766749999999,1.6169766749999999,1.616976675,Gradația 0,0
2026-07-17,III,III CI ,81,31.00202003.10.1,31.00202003.10.1,"Artist instrumentist, artist liric, balerin, dansator, artist circ, corepetitor, acompaniator, regizor scenă (culise), maestru de studii (balet, canto, muzical), corist (opera, opereta)","Artist instrumentist, artist liric, balerin, dansator, artist circ, corepetitor, acompaniator, regizor scenă (culise), maestru de studii (balet, canto, muzical), corist (opera, opereta)",,execuție,,,gradul I A,,S,b) Coeficienți de salarizare pentru funcții de execuție,2.062337819148935,2.062337819148935,2.062337819,Gradația 0,0
2026-07-17,III,III CI ,82,31.00202003.10.2,31.00202003.10.2,"Artist instrumentist, artist liric, balerin, dansator, artist circ, corepetitor, acompaniator, regizor scenă (culise), maestru de studii (balet, canto, muzical), corist (opera, opereta)","Artist instrumentist, artist liric, balerin, dansator, artist circ, corepetitor, acompaniator, regizor scenă (culise), maestru de studii (balet, canto, muzical), corist (opera, opereta)",,execuție,,,gradul I,,S,b) Coeficienți de salarizare pentru funcții de execuție,1.8561040372340416,1.8561040372340416,1.856104037,Gradația 0,0
2026-07-17,III,III CI ,83,31.00202003.10.3,31.00202003.10.3,"Artist instrumentist, artist liric, balerin, dansator, artist circ, corepetitor, acompaniator, regizor scenă (culise), maestru de studii (balet, canto, muzical), corist (opera, opereta)","Artist instrumentist, artist liric, balerin, dansator, artist circ, corepetitor, acompaniator, regizor scenă (culise), maestru de studii (balet, canto, muzical), corist (opera, opereta)",,execuție,,,gradul II,,S,b) Coeficienți de salarizare pentru funcții de execuție,1.5776884316489352,1.5776884316489352,1.577688432,Gradația 0,0
2026-07-17,III,III CI ,84,31.00202003.10.4,31.00202003.10.4,"Artist instrumentist, artist liric, balerin, dansator, artist circ, corepetitor, acompaniator, regizor scenă (culise), maestru de studii (balet, canto, muzical), corist (opera, opereta)","Artist instrumentist, artist liric, balerin, dansator, artist circ, corepetitor, acompaniator, regizor scenă (culise), maestru de studii (balet, canto, muzical), corist (opera, opereta)",,execuție,,,debutant,,S,b) Coeficienți de salarizare pentru funcții de execuție,1.5034442701595738,1.5034442701595738,1.50344427,Gradația 0,0
2026-07-17,III,III CI ,85,31.00202004.05.1,31.00202004.05.1,"Secretar (literar, muzical, artistic, platou, PR, marketing), sculptor păpuși, artist plastic, grafician, șef orchestră","Secretar , sculptor păpuși, artist plastic, grafician, șef orchestră",,execuție,,,gradul I A,,S,b) Coeficienți de salarizare pentru funcții de execuție,1.8561040372340416,1.8561040372340416,1.856104037,Gradația 0,0
2026-07-17,III,III CI ,86,31.00202004.05.2,31.00202004.05.2,"Secretar (literar, muzical, artistic, platou, PR, marketing), sculptor păpuși, artist plastic, grafician, șef orchestră","Secretar , sculptor păpuși, artist plastic, grafician, șef orchestră",,execuție,,,gradul I,,S,b) Coeficienți de salarizare pentru funcții de execuție,1.6704936335106377,1.6704936335106377,1.670493634,Gradația 0,0
2026-07-17,III,III CI ,87,31.00202004.05.3,31.00202004.05.3,"Secretar (literar, muzical, artistic, platou, PR, marketing), sculptor păpuși, artist plastic, grafician, șef orchestră","Secretar , sculptor păpuși, artist plastic, grafician, șef orchestră",,execuție,,,gradul II,,S,b) Coeficienți de salarizare pentru funcții de execuție,1.503444270159574,1.503444270159574,1.50344427,Gradația 0,0
2026-07-17,III,III CI ,88,31.00202004.05.4,31.00202004.05.4,"Secretar (literar, muzical, artistic, platou, PR, marketing), sculptor păpuși, artist plastic, grafician, șef orchestră","Secretar , sculptor păpuși, artist plastic, grafician, șef orchestră",,execuție,,,debutant,,S,b) Coeficienți de salarizare pentru funcții de execuție,1.4326939515638293,1.4326939515638293,1.432693952,Gradația 0,0
2026-07-17,III,III CI ,89,31.00202005.05.1,31.00202005.05.1,"Impresar artistic, pictor, consultant-artistic, producător-delegat, sufleor (operă, operetă, teatru)","Impresar artistic, pictor, consultant-artistic, producător-delegat, sufleor",,execuție,,,gradul I A,,S,b) Coeficienți de salarizare pentru funcții de execuție,1.8561040372340416,1.8561040372340416,1.856104037,Gradația 0,0
2026-07-17,III,III CI ,90,31.00202005.05.2,31.00202005.05.2,"Impresar artistic, pictor, consultant-artistic, producător-delegat, sufleor (operă, operetă, teatru)","Impresar artistic, pictor, consultant-artistic, producător-delegat, sufleor",,execuție,,,gradul I,,S,b) Coeficienți de salarizare pentru funcții de execuție,1.6704936335106377,1.6704936335106377,1.670493634,Gradația 0,0
2026-07-17,III,III CI ,91,31.00202005.05.3,31.00202005.05.3,"Impresar artistic, pictor, consultant-artistic, producător-delegat, sufleor (operă, operetă, teatru)","Impresar artistic, pictor, consultant-artistic, producător-delegat, sufleor",,execuție,,,gradul II,,S,b) Coeficienți de salarizare pentru funcții de execuție,1.503444270159574,1.503444270159574,1.50344427,Gradația 0,0
2026-07-17,III,III CI ,92,31.00202005.05.4,31.00202005.05.4,"Impresar artistic, pictor, consultant-artistic, producător-delegat, sufleor (operă, operetă, teatru)","Impresar artistic, pictor, consultant-artistic, producător-delegat, sufleor",,execuție,,,debutant,,S,b) Coeficienți de salarizare pentru funcții de execuție,1.4326939515638293,1.4326939515638293,1.432693952,Gradația 0,0
2026-07-17,III,III CI ,93,31.00202006.05.1,31.00202006.05.1,"Machior, peruchier, operator (lumini, imagine, sunet), asistent regie/scenografie, secretar platou","Machior, peruchier, operator , asistent regie|scenografie, secretar platou",,execuție,,,gradul I A,,S,b) Coeficienți de salarizare pentru funcții de execuție,1.5680114953124997,1.5680114953124997,1.568011495,Gradația 0,0
2026-07-17,III,III CI ,94,31.00202006.05.2,31.00202006.05.2,"Machior, peruchier, operator (lumini, imagine, sunet), asistent regie/scenografie, secretar platou","Machior, peruchier, operator , asistent regie|scenografie, secretar platou",,execuție,,,gradul I,,S,b) Coeficienți de salarizare pentru funcții de execuție,1.4896109205468746,1.4896109205468746,1.489610921,Gradația 0,0
2026-07-17,III,III CI ,95,31.00202006.05.3,31.00202006.05.3,"Machior, peruchier, operator (lumini, imagine, sunet), asistent regie/scenografie, secretar platou","Machior, peruchier, operator , asistent regie|scenografie, secretar platou",,execuție,,,gradul II,,S,b) Coeficienți de salarizare pentru funcții de execuție,1.415130374519531,1.415130374519531,1.415130375,Gradația 0,0
2026-07-17,III,III CI ,96,31.00202006.05.4,31.00202006.05.4,"Machior, peruchier, operator (lumini, imagine, sunet), asistent regie/scenografie, secretar platou","Machior, peruchier, operator , asistent regie|scenografie, secretar platou",,execuție,,,debutant,,S,b) Coeficienți de salarizare pentru funcții de execuție,1.3443738557935543,1.3443738557935543,1.344373856,Gradația 0,0
2026-07-17,III,III CI ,97,31.00202007.21.1,31.00202007.21.1,"Dirijor, dirijor cor, Actor, artist circ, instrumentist, corist operă, actor mânuitor-păpuși, corist, sufleor, balerin, dansator, corepetitor, sculptor păpuși, artist plastic, grafician, referent literar/muzical/artistic, regizor tehnic), solist (vocal, balet, instrumentist, concertist, instrumentist), maestru (balet-dans, corepetitor, artist circ), concertmaestru, coregraf","Dirijor, dirijor cor, Actor, artist circ, instrumentist, corist operă, actor mânuitor-păpuși, corist, sufleor, balerin, dansator, corepetitor, sculptor păpuși, artist plastic, grafician, referent literar/muzical/artistic, regizor tehnic), solist (vocal, balet, instrumentist, concertist, instrumentist), maestru (balet-dans, corepetitor, artist circ), concertmaestru, coregraf",,execuție,,,treaptă I,,S,b) Coeficienți de salarizare pentru funcții de execuție,1.7498999999999998,1.7498999999999998,1.7499,Gradația 0,0
2026-07-17,III,III CI ,98,31.00202007.21.2,31.00202007.21.2,"Dirijor, dirijor cor, Actor, artist circ, instrumentist, corist operă, actor mânuitor-păpuși, corist, sufleor, balerin, dansator, corepetitor, sculptor păpuși, artist plastic, grafician, referent literar/muzical/artistic, regizor tehnic), solist (vocal, balet, instrumentist, concertist, instrumentist), maestru (balet-dans, corepetitor, artist circ), concertmaestru, coregraf","Dirijor, dirijor cor, Actor, artist circ, instrumentist, corist operă, actor mânuitor-păpuși, corist, sufleor, balerin, dansator, corepetitor, sculptor păpuși, artist plastic, grafician, referent literar/muzical/artistic, regizor tehnic), solist (vocal, balet, instrumentist, concertist, instrumentist), maestru (balet-dans, corepetitor, artist circ), concertmaestru, coregraf",,execuție,,,treaptă II,,S,b) Coeficienți de salarizare pentru funcții de execuție,1.5749099999999998,1.5749099999999998,1.57491,Gradația 0,0
2026-07-17,III,III CI ,99,31.00202007.21.3,31.00202007.21.3,"Dirijor, dirijor cor, Actor, artist circ, instrumentist, corist operă, actor mânuitor-păpuși, corist, sufleor, balerin, dansator, corepetitor, sculptor păpuși, artist plastic, grafician, referent literar/muzical/artistic, regizor tehnic), solist (vocal, balet, instrumentist, concertist, instrumentist), maestru (balet-dans, corepetitor, artist circ), concertmaestru, coregraf","Dirijor, dirijor cor, Actor, artist circ, instrumentist, corist operă, actor mânuitor-păpuși, corist, sufleor, balerin, dansator, corepetitor, sculptor păpuși, artist plastic, grafician, referent literar/muzical/artistic, regizor tehnic), solist (vocal, balet, instrumentist, concertist, instrumentist), maestru (balet-dans, corepetitor, artist circ), concertmaestru, coregraf",,execuție,,,treaptă III,,S,b) Coeficienți de salarizare pentru funcții de execuție,1.4174189999999998,1.4174189999999998,1.417419,Gradația 0,0
2026-07-17,III,III CI ,100,31.00202007.21.4,31.00202007.21.4,"Dirijor, dirijor cor, Actor, artist circ, instrumentist, corist operă, actor mânuitor-păpuși, corist, sufleor, balerin, dansator, corepetitor, sculptor păpuși, artist plastic, grafician, referent literar/muzical/artistic, regizor tehnic), solist (vocal, balet, instrumentist, concertist, instrumentist), maestru (balet-dans, corepetitor, artist circ), concertmaestru, coregraf","Dirijor, dirijor cor, Actor, artist circ, instrumentist, corist operă, actor mânuitor-păpuși, corist, sufleor, balerin, dansator, corepetitor, sculptor păpuși, artist plastic, grafician, referent literar/muzical/artistic, regizor tehnic), solist (vocal, balet, instrumentist, concertist, instrumentist), maestru (balet-dans, corepetitor, artist circ), concertmaestru, coregraf",,execuție,,,debutant,,S,b) Coeficienți de salarizare pentru funcții de execuție,1.2756770999999998,1.2756770999999998,1.2756771,Gradația 0,0
2026-07-17,III,III CI ,101,31.00202008.04.1,31.00202008.04.1,"Maestru (lumini, imagine, sunet), maestru (acordor pian-clavecin, lutier), specialist (orgă, instrumente de suflat), șef orchestră","Maestru , maestru , specialist , șef orchestră",,execuție,,,treaptă I,,S,b) Coeficienți de salarizare pentru funcții de execuție,1.5772350923437497,1.5772350923437497,1.577235092,Gradația 0,0
2026-07-17,III,III CI ,102,31.00202008.04.2,31.00202008.04.2,"Maestru (lumini, imagine, sunet), maestru (acordor pian-clavecin, lutier), specialist (orgă, instrumente de suflat), șef orchestră","Maestru , maestru , specialist , șef orchestră",,execuție,,,treaptă II,,S,b) Coeficienți de salarizare pentru funcții de execuție,1.4195115831093748,1.4195115831093748,1.419511583,Gradația 0,0
2026-07-17,III,III CI ,103,31.00202008.04.3,31.00202008.04.3,"Maestru (lumini, imagine, sunet), maestru (acordor pian-clavecin, lutier), specialist (orgă, instrumente de suflat), șef orchestră","Maestru , maestru , specialist , șef orchestră",,execuție,,,treaptă III,,S,b) Coeficienți de salarizare pentru funcții de execuție,1.2775604247984373,1.2775604247984373,1.277560425,Gradația 0,0
2026-07-17,III,III CI ,104,31.00202008.04.4,31.00202008.04.4,"Maestru (lumini, imagine, sunet), maestru (acordor pian-clavecin, lutier), specialist (orgă, instrumente de suflat), șef orchestră","Maestru , maestru , specialist , șef orchestră",,execuție,,,debutant,,S,b) Coeficienți de salarizare pentru funcții de execuție,1.1498043823185935,1.1498043823185935,1.149804382,Gradația 0,0
2026-07-17,III,III CI ,105,31.00202009.08.1,31.00202009.08.1,"Operator (lumini, imagine, sunet), editor (imagine, sunet), regizor scenă, iluminist scenă, machior, peruchier, butafor, recuziter","Operator , editor , regizor scenă, iluminist scenă, machior, peruchier, butafor, recuziter",,execuție,,,treaptă I,,M;G,b) Coeficienți de salarizare pentru funcții de execuție,1.398630011625,1.398630011625,1.398630012,Gradația 0,0
2026-07-17,III,III CI ,106,31.00202009.08.2,31.00202009.08.2,"Operator (lumini, imagine, sunet), editor (imagine, sunet), regizor scenă, iluminist scenă, machior, peruchier, butafor, recuziter","Operator , editor , regizor scenă, iluminist scenă, machior, peruchier, butafor, recuziter",,execuție,,,treaptă II,,M;G,b) Coeficienți de salarizare pentru funcții de execuție,1.3510295784562498,1.3510295784562498,1.351029578,Gradația 0,0
2026-07-17,III,III CI ,107,31.00202009.08.3,31.00202009.08.3,"Operator (lumini, imagine, sunet), editor (imagine, sunet), regizor scenă, iluminist scenă, machior, peruchier, butafor, recuziter","Operator , editor , regizor scenă, iluminist scenă, machior, peruchier, butafor, recuziter",,execuție,,,treaptă III,,M;G,b) Coeficienți de salarizare pentru funcții de execuție,1.276060995,1.276060995,1.276060995,Gradația 0,0
2026-07-17,III,III CI ,108,31.00202009.08.4,31.00202009.08.4,"Operator (lumini, imagine, sunet), editor (imagine, sunet), regizor scenă, iluminist scenă, machior, peruchier, butafor, recuziter","Operator , editor , regizor scenă, iluminist scenă, machior, peruchier, butafor, recuziter",,execuție,,,debutant,,M;G,b) Coeficienți de salarizare pentru funcții de execuție,1.2405981599999998,1.2405981599999998,1.24059816,Gradația 0,0
2026-07-17,III,III CI ,109,31.00202010.01.1,31.00202010.01.1,Muncitor din activitatea specifică instituțiilor de spectacole sau concerte,Muncitor din activitatea specifică instituțiilor de spectacole sau concerte,,execuție,,,treaptă I,,M;G,b) Coeficienți de salarizare pentru funcții de execuție,1.36525094244,1.36525094244,1.365250942,Gradația 0,0
2026-07-17,III,III CI ,110,31.00202010.01.2,31.00202010.01.2,Muncitor din activitatea specifică instituțiilor de spectacole sau concerte,Muncitor din activitatea specifică instituțiilor de spectacole sau concerte,,execuție,,,treaptă II,,M;G,b) Coeficienți de salarizare pentru funcții de execuție,1.3029254369999999,1.3029254369999999,1.302925437,Gradația 0,0
2026-07-17,III,III CI ,111,31.00202010.01.3,31.00202010.01.3,Muncitor din activitatea specifică instituțiilor de spectacole sau concerte,Muncitor din activitatea specifică instituțiilor de spectacole sau concerte,,execuție,,,treaptă III,,M;G,b) Coeficienți de salarizare pentru funcții de execuție,1.2505397750999998,1.2505397750999998,1.250539775,Gradația 0,0
2026-07-17,III,III CI ,112,31.00202010.01.4,31.00202010.01.4,Muncitor din activitatea specifică instituțiilor de spectacole sau concerte,Muncitor din activitatea specifică instituțiilor de spectacole sau concerte,,execuție,,,debutant,,M;G,b) Coeficienți de salarizare pentru funcții de execuție,1.2001353657975,1.2001353657975,1.200135366,Gradația 0,0
2026-07-17,III,III CI ,113,31.00202011.04.1,31.00202011.04.1,"Supraveghetor sală, controlor bilete, garderobier, plasator sală","Supraveghetor sală, controlor bilete, garderobier, plasator sală",,execuție,,,,,M;G,b) Coeficienți de salarizare pentru funcții de execuție,1.21225794525,1.21225794525,1.212257945,Gradația 0,0
2026-07-17,III,III CI ,114,31.00202012.01.1,31.00202012.01.1,Manipulant decor,Manipulant decor,,execuție,,,treaptă I,,M;G,b) Coeficienți de salarizare pentru funcții de execuție,1.1061199159944188,1.1061199159944188,1.106119916,Gradația 0,0
2026-07-17,III,III CI ,115,31.00202012.01.2,31.00202012.01.2,Manipulant decor,Manipulant decor,,execuție,,,treaptă II,,M;G,b) Coeficienți de salarizare pentru funcții de execuție,1,1,1,Gradația 0,0
2026-07-17,III,III CII,9,32.00101001.01.2,32.00101001.01.2,Manager (director general/director),Manager,,conducere,,,,,S,a) Coeficienți de salarizare pentru funcții de conducere,4.2075000000000005,4.455,4.2075|4.455,Grad I|Grad II,0
2026-07-17,III,III CII,10,32.00101002.01.2,32.00101002.01.2,Director general adjunct,Director general adjunct,,conducere,,,,,S,a) Coeficienți de salarizare pentru funcții de conducere,3.78675,4.0095,3.78675|4.0095,Grad I|Grad II,0
2026-07-17,III,III CII,11,32.00101003.01.2,32.00101003.01.2,Director,Director,,conducere,,,,,S,a) Coeficienți de salarizare pentru funcții de conducere,3.78675,4.0095,3.78675|4.0095,Grad I|Grad II,0
2026-07-17,III,III CII,12,32.00101004.03.2,32.00101004.03.2,"Director adjunct, contabil-şef, inginer-şef","Director adjunct, contabil-şef, inginer-şef",,conducere,,,,,S,a) Coeficienți de salarizare pentru funcții de conducere,3.366,3.5640000000000005,3.366|3.564,Grad I|Grad II,0
2026-07-17,III,III CII,13,32.00101005.01.2,32.00101005.01.2,Şef secţie,Şef secţie,,conducere,,,,,S,a) Coeficienți de salarizare pentru funcții de conducere,3.155625,3.3412500000000005,3.155625|3.34125,Grad I|Grad II,0
2026-07-17,III,III CII,14,32.00101006.01.2,32.00101006.01.2,Şef serviciu,Şef serviciu,,conducere,,,,,S,a) Coeficienți de salarizare pentru funcții de conducere,2.9452499999999997,3.1185,2.94525|3.1185,Grad I|Grad II,0
2026-07-17,III,III CII,15,32.00101007.04.2,32.00101007.04.2,"Şef birou, şef laborator, şef oficiu, șef atelier","Şef birou, şef laborator, şef oficiu, șef atelier",,conducere,,,,,S,a) Coeficienți de salarizare pentru funcții de conducere,2.734875,2.8957500000000005,2.734875|2.89575,Grad I|Grad II,0
2026-07-17,III,III CII,16,32.00101008.01.2,32.00101008.01.2,Șef atelier,Șef atelier,,conducere,,,,,PL; M,a) Coeficienți de salarizare pentru funcții de conducere,1.697782887501383,1.9973916323545682,1.697782888|1.997391632,Grad I|Grad II,0
2026-07-17,III,III CII,17,32.00101009.01.2,32.00101009.01.2,Şef formaţie muncitori,Şef formaţie muncitori,,conducere,,,,,PL; M,a) Coeficienți de salarizare pentru funcții de conducere,1.4148190729178192,1.6644930269621403,1.414819073|1.664493027,Grad I|Grad II,0
2026-07-17,III,III CII,19,32.00201001.10.1,32.00201001.10.1,"Bibliotecar, bibliotecar-arhivist, bibliograf, redactor, tehnoredactor, inginer de sistem, documentarist, conservator, restaurator, analist","Bibliotecar, bibliotecar-arhivist, bibliograf, redactor, tehnoredactor, inginer de sistem, documentarist, conservator, restaurator, analist",,execuție,,,gradul I A,,S,b) Coeficienți de salarizare pentru funcții de execuție,2.1497905000000004,2.1497905000000004,2.1497905,Gradația 0,0
2026-07-17,III,III CII,20,32.00201001.10.2,32.00201001.10.2,"Bibliotecar, bibliotecar-arhivist, bibliograf, redactor, tehnoredactor, inginer de sistem, documentarist, conservator, restaurator, analist","Bibliotecar, bibliotecar-arhivist, bibliograf, redactor, tehnoredactor, inginer de sistem, documentarist, conservator, restaurator, analist",,execuție,,,gradul I,,S,b) Coeficienți de salarizare pentru funcții de execuție,1.9348114500000004,1.9348114500000004,1.93481145,Gradația 0,0
2026-07-17,III,III CII,21,32.00201001.10.3,32.00201001.10.3,"Bibliotecar, bibliotecar-arhivist, bibliograf, redactor, tehnoredactor, inginer de sistem, documentarist, conservator, restaurator, analist","Bibliotecar, bibliotecar-arhivist, bibliograf, redactor, tehnoredactor, inginer de sistem, documentarist, conservator, restaurator, analist",,execuție,,,gradul II,,S,b) Coeficienți de salarizare pentru funcții de execuție,1.7413303050000004,1.7413303050000004,1.741330305,Gradația 0,0
2026-07-17,III,III CII,22,32.00201001.10.4,32.00201001.10.4,"Bibliotecar, bibliotecar-arhivist, bibliograf, redactor, tehnoredactor, inginer de sistem, documentarist, conservator, restaurator, analist","Bibliotecar, bibliotecar-arhivist, bibliograf, redactor, tehnoredactor, inginer de sistem, documentarist, conservator, restaurator, analist",,execuție,,,debutant,,S,b) Coeficienți de salarizare pentru funcții de execuție,1.6020238806000004,1.6020238806000004,1.602023881,Gradația 0,0
2026-07-17,III,III CII,23,32.00201002.07.1,32.00201002.07.1,"Bibliotecar, bibliotecar-arhivist, bibliograf, redactor, tehnoredactor, conservator, restaurator","Bibliotecar, bibliotecar-arhivist, bibliograf, redactor, tehnoredactor, conservator, restaurator",,execuție,,,gradul I,,SSD,b) Coeficienți de salarizare pentru funcții de execuție,1.9348114500000004,1.9348114500000004,1.93481145,Gradația 0,0
2026-07-17,III,III CII,24,32.00201002.07.2,32.00201002.07.2,"Bibliotecar, bibliotecar-arhivist, bibliograf, redactor, tehnoredactor, conservator, restaurator","Bibliotecar, bibliotecar-arhivist, bibliograf, redactor, tehnoredactor, conservator, restaurator",,execuție,,,gradul II,,SSD,b) Coeficienți de salarizare pentru funcții de execuție,1.7413303050000004,1.7413303050000004,1.741330305,Gradația 0,0
2026-07-17,III,III CII,25,32.00201002.07.3,32.00201002.07.3,"Bibliotecar, bibliotecar-arhivist, bibliograf, redactor, tehnoredactor, conservator, restaurator","Bibliotecar, bibliotecar-arhivist, bibliograf, redactor, tehnoredactor, conservator, restaurator",,execuție,,,gradul III,,SSD,b) Coeficienți de salarizare pentru funcții de execuție,1.5671972745000005,1.5671972745000005,1.567197275,Gradația 0,0
2026-07-17,III,III CII,26,32.00201002.07.4,32.00201002.07.4,"Bibliotecar, bibliotecar-arhivist, bibliograf, redactor, tehnoredactor, conservator, restaurator","Bibliotecar, bibliotecar-arhivist, bibliograf, redactor, tehnoredactor, conservator, restaurator",,execuție,,,debutant,,SSD,b) Coeficienți de salarizare pentru funcții de execuție,1.5219226865700004,1.5219226865700004,1.521922687,Gradația 0,0
2026-07-17,III,III CII,27,32.00201003.03.1,32.00201003.03.1,"Bibliotecar, redactor, tehnoredactor","Bibliotecar, redactor, tehnoredactor",,execuție,,,treaptă I,,PL,b) Coeficienți de salarizare pentru funcții de execuție,1.7735771625000005,1.7735771625000005,1.773577163,Gradația 0,0
2026-07-17,III,III CII,28,32.00201003.03.2,32.00201003.03.2,"Bibliotecar, redactor, tehnoredactor","Bibliotecar, redactor, tehnoredactor",,execuție,,,treaptă II,,PL,b) Coeficienți de salarizare pentru funcții de execuție,1.6445897325000005,1.6445897325000005,1.644589733,Gradația 0,0
2026-07-17,III,III CII,29,32.00201003.03.3,32.00201003.03.3,"Bibliotecar, redactor, tehnoredactor","Bibliotecar, redactor, tehnoredactor",,execuție,,,treaptă III,,PL,b) Coeficienți de salarizare pentru funcții de execuție,1.5149573653500004,1.5149573653500004,1.514957365,Gradația 0,0
2026-07-17,III,III CII,30,32.00201003.03.4,32.00201003.03.4,"Bibliotecar, redactor, tehnoredactor","Bibliotecar, redactor, tehnoredactor",,execuție,,,debutant,,PL,b) Coeficienți de salarizare pentru funcții de execuție,1.4498316119430004,1.4498316119430004,1.449831612,Gradația 0,0
2026-07-17,III,III CII,31,32.00201004.07.1,32.00201004.07.1,"Bibliotecar, redactor, tehnoredactor, operator date, controlor date, restaurator, conservator","Bibliotecar, redactor, tehnoredactor, operator date, controlor date, restaurator, conservator",,execuție,,,treaptă IA,,M,b) Coeficienți de salarizare pentru funcții de execuție,1.6123428750000004,1.6123428750000004,1.612342875,Gradația 0,0
2026-07-17,III,III CII,32,32.00201004.07.2,32.00201004.07.2,"Bibliotecar, redactor, tehnoredactor, operator date, controlor date, restaurator, conservator","Bibliotecar, redactor, tehnoredactor, operator date, controlor date, restaurator, conservator",,execuție,,,treaptă I,,M,b) Coeficienți de salarizare pentru funcții de execuție,1.5478491600000004,1.5478491600000004,1.54784916,Gradația 0,0
2026-07-17,III,III CII,33,32.00201004.07.3,32.00201004.07.3,"Bibliotecar, redactor, tehnoredactor, operator date, controlor date, restaurator, conservator","Bibliotecar, redactor, tehnoredactor, operator date, controlor date, restaurator, conservator",,execuție,,,treaptă II,,M,b) Coeficienți de salarizare pentru funcții de execuție,1.4627174562000003,1.4627174562000003,1.462717456,Gradația 0,0
2026-07-17,III,III CII,34,32.00201004.07.4,32.00201004.07.4,"Bibliotecar, redactor, tehnoredactor, operator date, controlor date, restaurator, conservator","Bibliotecar, redactor, tehnoredactor, operator date, controlor date, restaurator, conservator",,execuție,,,debutant,,M,b) Coeficienți de salarizare pentru funcții de execuție,1.3777405373160003,1.3777405373160003,1.377740537,Gradația 0,0
2026-07-17,III,III CII,35,32.00201005.01.1,32.00201005.01.1,Supraveghetor sală,Supraveghetor sală,,execuție,,,,,M,b) Coeficienți de salarizare pentru funcții de execuție,1.1061199159944188,1.1061199159944188,1.106119916,Gradația 0,0
2026-07-17,III,III CII,36,32.00201006.02.1,32.00201006.02.1,"Mânuitor carte, garderobier","Mânuitor carte, garderobier",,execuție,,,,,M,b) Coeficienți de salarizare pentru funcții de execuție,1,1,1,Gradația 0,0
2026-07-17,III,III CII,39,32.00102001.01.2,32.00102001.01.2,Manager (director general/director),Manager,,conducere,,,,,S,a) Coeficienți de salarizare pentru funcții de conducere,3.366,3.5640000000000005,3.366|3.564,Grad I|Grad II,0
2026-07-17,III,III CII,40,32.00102002.01.2,32.00102002.01.2,Director general adjunct,Director general adjunct,,conducere,,,,,S,a) Coeficienți de salarizare pentru funcții de conducere,3.2187375,3.408075,3.2187375|3.408075,Grad I|Grad II,0
2026-07-17,III,III CII,41,32.00102003.01.2,32.00102003.01.2,Director,Director,,conducere,,,,,S,a) Coeficienți de salarizare pentru funcții de conducere,3.2187375,3.408075,3.2187375|3.408075,Grad I|Grad II,0
2026-07-17,III,III CII,42,32.00102004.03.2,32.00102004.03.2,"Director adjunct, contabil-şef, inginer-şef","Director adjunct, contabil-şef, inginer-şef",,conducere,,,,,S,a) Coeficienți de salarizare pentru funcții de conducere,2.6928000000000005,2.8512000000000004,2.6928|2.8512,Grad I|Grad II,0
2026-07-17,III,III CII,43,32.00102005.01.2,32.00102005.01.2,Şef secţie,Şef secţie,,conducere,,,,,S,a) Coeficienți de salarizare pentru funcții de conducere,2.68228125,2.8400625,2.68228125|2.8400625,Grad I|Grad II,0
2026-07-17,III,III CII,44,32.00102006.01.2,32.00102006.01.2,Şef serviciu,Şef serviciu,,conducere,,,,,S,a) Coeficienți de salarizare pentru funcții de conducere,2.5034624999999995,2.650725,2.5034625|2.650725,Grad I|Grad II,0
2026-07-17,III,III CII,45,32.00102007.04.2,32.00102007.04.2,"Şef birou, şef laborator, şef oficiu, șef atelier","Şef birou, şef laborator, şef oficiu, șef atelier",,conducere,,,,,S,a) Coeficienți de salarizare pentru funcții de conducere,2.374515,2.374515,2.374515|2.374515,Grad I|Grad II,0
2026-07-17,III,III CII,46,32.00102008.01.2,32.00102008.01.2,Șef atelier,Șef atelier,,conducere,,,,,PL; M,a) Coeficienți de salarizare pentru funcții de conducere,1.697782887501383,1.9973916323545682,1.697782888|1.997391632,Grad I|Grad II,0
2026-07-17,III,III CII,47,32.00102009.01.2,32.00102009.01.2,Şef formaţie muncitori,Şef formaţie muncitori,,conducere,,,,,PL; M,a) Coeficienți de salarizare pentru funcții de conducere,1.4148190729178192,1.6644930269621403,1.414819073|1.664493027,Grad I|Grad II,0
2026-07-17,III,III CII,49,32.00202001.10.1,32.00202001.10.1,"Bibliotecar, bibliotecar-arhivist, bibliograf, redactor, tehnoredactor, inginer de sistem, documentarist, conservator, restaurator, analist","Bibliotecar, bibliotecar-arhivist, bibliograf, redactor, tehnoredactor, inginer de sistem, documentarist, conservator, restaurator, analist",,execuție,,,gradul I A,,S,b) Coeficienți de salarizare pentru funcții de execuție,1.8703177350000004,1.8703177350000004,1.870317735,Gradația 0,0
2026-07-17,III,III CII,50,32.00202001.10.2,32.00202001.10.2,"Bibliotecar, bibliotecar-arhivist, bibliograf, redactor, tehnoredactor, inginer de sistem, documentarist, conservator, restaurator, analist","Bibliotecar, bibliotecar-arhivist, bibliograf, redactor, tehnoredactor, inginer de sistem, documentarist, conservator, restaurator, analist",,execuție,,,gradul I,,S,b) Coeficienți de salarizare pentru funcții de execuție,1.7219821905000003,1.7219821905000003,1.721982191,Gradația 0,0
2026-07-17,III,III CII,51,32.00202001.10.3,32.00202001.10.3,"Bibliotecar, bibliotecar-arhivist, bibliograf, redactor, tehnoredactor, inginer de sistem, documentarist, conservator, restaurator, analist","Bibliotecar, bibliotecar-arhivist, bibliograf, redactor, tehnoredactor, inginer de sistem, documentarist, conservator, restaurator, analist",,execuție,,,gradul II,,S,b) Coeficienți de salarizare pentru funcții de execuție,1.6107305321250005,1.6107305321250005,1.610730532,Gradația 0,0
2026-07-17,III,III CII,52,32.00202001.10.4,32.00202001.10.4,"Bibliotecar, bibliotecar-arhivist, bibliograf, redactor, tehnoredactor, inginer de sistem, documentarist, conservator, restaurator, analist","Bibliotecar, bibliotecar-arhivist, bibliograf, redactor, tehnoredactor, inginer de sistem, documentarist, conservator, restaurator, analist",,execuție,,,debutant,,S,b) Coeficienți de salarizare pentru funcții de execuție,1.5219226865700004,1.5219226865700004,1.521922687,Gradația 0,0
2026-07-17,III,III CII,53,32.00202002.07.1,32.00202002.07.1,"Bibliotecar, bibliotecar-arhivist, bibliograf, redactor, tehnoredactor, conservator, restaurator","Bibliotecar, bibliotecar-arhivist, bibliograf, redactor, tehnoredactor, conservator, restaurator",,execuție,,,gradul I,,SSD,b) Coeficienți de salarizare pentru funcții de execuție,1.7413303050000004,1.7413303050000004,1.741330305,Gradația 0,0
2026-07-17,III,III CII,54,32.00202002.07.2,32.00202002.07.2,"Bibliotecar, bibliotecar-arhivist, bibliograf, redactor, tehnoredactor, conservator, restaurator","Bibliotecar, bibliotecar-arhivist, bibliograf, redactor, tehnoredactor, conservator, restaurator",,execuție,,,gradul II,,SSD,b) Coeficienți de salarizare pentru funcții de execuție,1.6020238806000004,1.6020238806000004,1.602023881,Gradația 0,0
2026-07-17,III,III CII,55,32.00202002.07.3,32.00202002.07.3,"Bibliotecar, bibliotecar-arhivist, bibliograf, redactor, tehnoredactor, conservator, restaurator","Bibliotecar, bibliotecar-arhivist, bibliograf, redactor, tehnoredactor, conservator, restaurator",,execuție,,,gradul III,,SSD,b) Coeficienți de salarizare pentru funcții de execuție,1.4888374107750004,1.4888374107750004,1.488837411,Gradația 0,0
2026-07-17,III,III CII,56,32.00202002.07.4,32.00202002.07.4,"Bibliotecar, bibliotecar-arhivist, bibliograf, redactor, tehnoredactor, conservator, restaurator","Bibliotecar, bibliotecar-arhivist, bibliograf, redactor, tehnoredactor, conservator, restaurator",,execuție,,,debutant,,SSD,b) Coeficienți de salarizare pentru funcții de execuție,1.4458265522415004,1.4458265522415004,1.445826552,Gradația 0,0
2026-07-17,III,III CII,57,32.00202003.03.1,32.00202003.03.1,"Bibliotecar, redactor, tehnoredactor","Bibliotecar, redactor, tehnoredactor",,execuție,,,treaptă I,,PL,b) Coeficienți de salarizare pentru funcții de execuție,1.4699615802024675,1.4699615802024675,1.46996158,Gradația 0,0
2026-07-17,III,III CII,58,32.00202003.03.2,32.00202003.03.2,"Bibliotecar, redactor, tehnoredactor","Bibliotecar, redactor, tehnoredactor",,execuție,,,treaptă II,,PL,b) Coeficienți de salarizare pentru funcții de execuție,1.4513544715923095,1.4513544715923095,1.451354472,Gradația 0,0
2026-07-17,III,III CII,59,32.00202003.03.3,32.00202003.03.3,"Bibliotecar, redactor, tehnoredactor","Bibliotecar, redactor, tehnoredactor",,execuție,,,treaptă III,,PL,b) Coeficienți de salarizare pentru funcții de execuție,1.4327473629821517,1.4327473629821517,1.432747363,Gradația 0,0
2026-07-17,III,III CII,60,32.00202003.03.4,32.00202003.03.4,"Bibliotecar, redactor, tehnoredactor","Bibliotecar, redactor, tehnoredactor",,execuție,,,debutant,,PL,b) Coeficienți de salarizare pentru funcții de execuție,1.4107019843027255,1.4107019843027255,1.410701984,Gradația 0,0
2026-07-17,III,III CII,61,32.00202004.07.1,32.00202004.07.1,"Bibliotecar, redactor, tehnoredactor, operator date, controlor date, restaurator, conservator","Bibliotecar, redactor, tehnoredactor, operator date, controlor date, restaurator, conservator",,execuție,,,treaptă I A,,M,b) Coeficienți de salarizare pentru funcții de execuție,1.4965132943286845,1.4965132943286845,1.496513294,Gradația 0,0
2026-07-17,III,III CII,62,32.00202004.07.2,32.00202004.07.2,"Bibliotecar, redactor, tehnoredactor, operator date, controlor date, restaurator, conservator","Bibliotecar, redactor, tehnoredactor, operator date, controlor date, restaurator, conservator",,execuție,,,treaptă I,,M,b) Coeficienți de salarizare pentru funcții de execuție,1.4655941776781798,1.4655941776781798,1.465594178,Gradația 0,0
2026-07-17,III,III CII,63,32.00202004.07.3,32.00202004.07.3,"Bibliotecar, redactor, tehnoredactor, operator date, controlor date, restaurator, conservator","Bibliotecar, redactor, tehnoredactor, operator date, controlor date, restaurator, conservator",,execuție,,,treaptă II,,M,b) Coeficienți de salarizare pentru funcții de execuție,1.4304106889578458,1.4304106889578458,1.430410689,Gradația 0,0
2026-07-17,III,III CII,64,32.00202004.07.4,32.00202004.07.4,"Bibliotecar, redactor, tehnoredactor, operator date, controlor date, restaurator, conservator","Bibliotecar, redactor, tehnoredactor, operator date, controlor date, restaurator, conservator",,execuție,,,debutant,,M,b) Coeficienți de salarizare pentru funcții de execuție,1.4056116584304281,1.4056116584304281,1.405611658,Gradația 0,0
2026-07-17,III,III CII,65,32.00202005.01.1,32.00202005.01.1,Supraveghetor sală,Supraveghetor sală,,execuție,,,,,M,b) Coeficienți de salarizare pentru funcții de execuție,1.1061199159944188,1.1061199159944188,1.106119916,Gradația 0,0
2026-07-17,III,III CII,66,32.00202006.02.1,32.00202006.02.1,"Mânuitor carte, garderobier","Mânuitor carte, garderobier",,execuție,,,,,M,b) Coeficienți de salarizare pentru funcții de execuție,1,1,1,Gradația 0,0
2026-07-17,III,III CIII,7,33.00101001.01.2,33.00101001.01.2|33.00101001.01.2,Manager (director general/director),Manager,,conducere,,,,,S,a) Coeficienți de salarizare pentru funcții de conducere,4.2075000000000005,4.455,4.2075|4.455,Grad I|Grad II,0
2026-07-17,III,III CIII,8,33.00101002.01.2,33.00101002.01.2|33.00101002.01.2,Director general adjunct,Director general adjunct,,conducere,,,,,S,a) Coeficienți de salarizare pentru funcții de conducere,3.78675,4.0095,3.78675|4.0095,Grad I|Grad II,0
2026-07-17,III,III CIII,9,33.00101003.01.2,33.00101003.01.2|33.00101003.01.2,Director,Director,,conducere,,,,,S,a) Coeficienți de salarizare pentru funcții de conducere,3.78675,4.0095,3.78675|4.0095,Grad I|Grad II,0
2026-07-17,III,III CIII,10,33.00101004.03.2,33.00101004.03.2|33.00101004.03.2,"Director adjunct, contabil şef, inginer şef","Director adjunct, contabil şef, inginer şef",,conducere,,,,,S,a) Coeficienți de salarizare pentru funcții de conducere,3.366,3.5640000000000005,3.366|3.564,Grad I|Grad II,0
2026-07-17,III,III CIII,11,33.00101005.01.2,33.00101005.01.2|33.00101005.01.2,Şef secţie,Şef secţie,,conducere,,,,,S,a) Coeficienți de salarizare pentru funcții de conducere,3.155625,3.3412500000000005,3.155625|3.34125,Grad I|Grad II,0
2026-07-17,III,III CIII,12,33.00101006.01.2,33.00101006.01.2|33.00101006.01.2,Şef serviciu,Şef serviciu,,conducere,,,,,S,a) Coeficienți de salarizare pentru funcții de conducere,2.9452499999999997,3.1185,2.94525|3.1185,Grad I|Grad II,0
2026-07-17,III,III CIII,13,33.00101007.04.2,33.00101007.04.2|33.00101007.04.2,"Şef birou, şef laborator, şef oficiu, șef atelier","Şef birou, şef laborator, şef oficiu, șef atelier",,conducere,,,,,S,a) Coeficienți de salarizare pentru funcții de conducere,2.734875,2.8957500000000005,2.734875|2.89575,Grad I|Grad II,0
2026-07-17,III,III CIII,14,33.00101008.01.2,33.00101008.01.2|33.00101008.01.2,Șef atelier,Șef atelier,,conducere,,,,,PL; M,a) Coeficienți de salarizare pentru funcții de conducere,1.697782887501383,1.9973916323545682,1.697782888|1.997391632,Grad I|Grad II,0
2026-07-17,III,III CIII,15,33.00101009.01.2,33.00101009.01.2|33.00101009.01.2,Şef formaţie muncitori,Şef formaţie muncitori,,conducere,,,,,PL; M,a) Coeficienți de salarizare pentru funcții de conducere,1.4148190729178192,1.6644930269621403,1.414819073|1.664493027,Grad I|Grad II,0
2026-07-17,III,III CIII,17,33.00201001.14.1,33.00201001.14.1|33.00201001.14.1,"Muzeograf, restaurator, conservator, bibliograf, arheolog, arhitect, istoric, curator, designer, taxidermist, fotograf, desenator artistic, educator muzeal, arhivist","Muzeograf, restaurator, conservator, bibliograf, arheolog, arhitect, istoric, curator, designer, taxidermist, fotograf, desenator artistic, educator muzeal, arhivist",,execuție,,,gradul I A,,S,b) Coeficienți de salarizare pentru funcții de execuție,2.1497905000000004,2.1497905000000004,2.1497905,Gradația 0,0
2026-07-17,III,III CIII,18,33.00201001.14.2,33.00201001.14.2|33.00201001.14.2,"Muzeograf, restaurator, conservator, bibliograf, arheolog, arhitect, istoric, curator, designer, taxidermist, fotograf, desenator artistic, educator muzeal, arhivist","Muzeograf, restaurator, conservator, bibliograf, arheolog, arhitect, istoric, curator, designer, taxidermist, fotograf, desenator artistic, educator muzeal, arhivist",,execuție,,,gradul I,,S,b) Coeficienți de salarizare pentru funcții de execuție,1.9885562125000005,1.9885562125000005,1.988556213,Gradația 0,0
2026-07-17,III,III CIII,19,33.00201001.14.3,33.00201001.14.3|33.00201001.14.3,"Muzeograf, restaurator, conservator, bibliograf, arheolog, arhitect, istoric, curator, designer, taxidermist, fotograf, desenator artistic, educator muzeal, arhivist","Muzeograf, restaurator, conservator, bibliograf, arheolog, arhitect, istoric, curator, designer, taxidermist, fotograf, desenator artistic, educator muzeal, arhivist",,execuție,,,gradul II,,S,b) Coeficienți de salarizare pentru funcții de execuție,1.8394144965625006,1.8394144965625006,1.839414497,Gradația 0,0
2026-07-17,III,III CIII,20,33.00201001.14.4,33.00201001.14.4|33.00201001.14.4,"Muzeograf, restaurator, conservator, bibliograf, arheolog, arhitect, istoric, curator, designer, taxidermist, fotograf, desenator artistic, educator muzeal, arhivist","Muzeograf, restaurator, conservator, bibliograf, arheolog, arhitect, istoric, curator, designer, taxidermist, fotograf, desenator artistic, educator muzeal, arhivist",,execuție,,,debutant,,S,b) Coeficienți de salarizare pentru funcții de execuție,1.7474437717343754,1.7474437717343754,1.747443772,Gradația 0,0
2026-07-17,III,III CIII,21,33.00201002.08.1,33.00201002.08.1|33.00201002.08.1,"Biolog, fizician, chimist, sociolog, psiholog, topograf, documentarist, grafician;","Biolog, fizician, chimist, sociolog, psiholog, topograf, documentarist, grafician",,execuție,,,principal,,S,b) Coeficienți de salarizare pentru funcții de execuție,1.9993051650000004,1.9993051650000004,1.999305165,Gradația 0,0
2026-07-17,III,III CIII,22,33.00201003.05.1,33.00201003.05.1|33.00201003.05.1,"Biolog, fizician, chimist, sociolog, psiholog;","Biolog, fizician, chimist, sociolog, psiholog",,execuție,,,specialist,,S,b) Coeficienți de salarizare pentru funcții de execuție,1.8891284018750003,1.8891284018750003,1.889128402,Gradația 0,0
2026-07-17,III,III CIII,23,33.00201004.05.1,33.00201004.05.1|33.00201004.05.1,"Biolog, fizician, chimist, sociolog, psiholog","Biolog, fizician, chimist, sociolog, psiholog",,execuție,,,,,S,b) Coeficienți de salarizare pentru funcții de execuție,1.793429134148438,1.793429134148438,1.793429134,Gradația 0,0
2026-07-17,III,III CIII,24,33.00201005.08.1,33.00201005.08.1|33.00201005.08.1,"Biolog, fizician, chimist, sociolog, psiholog, topograf, documentarist, grafician;","Biolog, fizician, chimist, sociolog, psiholog, topograf, documentarist, grafician",,execuție,,,debutant,,S,b) Coeficienți de salarizare pentru funcții de execuție,1.703757677441016,1.703757677441016,1.703757677,Gradația 0,0
2026-07-17,III,III CIII,25,33.00201006.08.1,33.00201006.08.1|33.00201006.08.1,"Muzeograf, restaurator, conservator, bibliograf, bibliotecar-arhivist, conductor arhitect, educator muzeal, topograf","Muzeograf, restaurator, conservator, bibliograf, bibliotecar-arhivist, conductor arhitect, educator muzeal, topograf",,execuție,,,gradul I,,SSD,b) Coeficienți de salarizare pentru funcții de execuție,1.9348114500000004,1.9348114500000004,1.93481145,Gradația 0,0
2026-07-17,III,III CIII,26,33.00201006.08.2,33.00201006.08.2|33.00201006.08.2,"Muzeograf, restaurator, conservator, bibliograf, bibliotecar-arhivist, conductor arhitect, educator muzeal, topograf","Muzeograf, restaurator, conservator, bibliograf, bibliotecar-arhivist, conductor arhitect, educator muzeal, topograf",,execuție,,,gradul II,,SSD,b) Coeficienți de salarizare pentru funcții de execuție,1.7413303050000004,1.7413303050000004,1.741330305,Gradația 0,0
2026-07-17,III,III CIII,27,33.00201006.08.3,33.00201006.08.3|33.00201006.08.3,"Muzeograf, restaurator, conservator, bibliograf, bibliotecar-arhivist, conductor arhitect, educator muzeal, topograf","Muzeograf, restaurator, conservator, bibliograf, bibliotecar-arhivist, conductor arhitect, educator muzeal, topograf",,execuție,,,gradul III,,SSD,b) Coeficienți de salarizare pentru funcții de execuție,1.5671972745000005,1.5671972745000005,1.567197275,Gradația 0,0
2026-07-17,III,III CIII,28,33.00201006.08.4,33.00201006.08.4|33.00201006.08.4,"Muzeograf, restaurator, conservator, bibliograf, bibliotecar-arhivist, conductor arhitect, educator muzeal, topograf","Muzeograf, restaurator, conservator, bibliograf, bibliotecar-arhivist, conductor arhitect, educator muzeal, topograf",,execuție,,,debutant,,SSD,b) Coeficienți de salarizare pentru funcții de execuție,1.5219226865700004,1.5219226865700004,1.521922687,Gradația 0,0
2026-07-17,III,III CIII,29,33.00201007.13.1,33.00201007.13.1|33.00201007.13.1,"Restaurator, conservator, trezorier, redactor, tehnoredactor, gestionar custode, taxidermist, desenator artistic, fotograf, operator video, topograf, documentarist, grafician","Restaurator, conservator, trezorier, redactor, tehnoredactor, gestionar custode, taxidermist, desenator artistic, fotograf, operator video, topograf, documentarist, grafician",,execuție,,,treaptă I A,,M,b) Coeficienți de salarizare pentru funcții de execuție,1.6123428750000004,1.6123428750000004,1.612342875,Gradația 0,0
2026-07-17,III,III CIII,30,33.00201007.13.2,33.00201007.13.2|33.00201007.13.2,"Restaurator, conservator, trezorier, redactor, tehnoredactor, gestionar custode, taxidermist, desenator artistic, fotograf, operator video, topograf, documentarist, grafician","Restaurator, conservator, trezorier, redactor, tehnoredactor, gestionar custode, taxidermist, desenator artistic, fotograf, operator video, topograf, documentarist, grafician",,execuție,,,treaptă II,,M,b) Coeficienți de salarizare pentru funcții de execuție,1.5478491600000004,1.5478491600000004,1.54784916,Gradația 0,0
2026-07-17,III,III CIII,31,33.00201007.13.3,33.00201007.13.3|33.00201007.13.3,"Restaurator, conservator, trezorier, redactor, tehnoredactor, gestionar custode, taxidermist, desenator artistic, fotograf, operator video, topograf, documentarist, grafician","Restaurator, conservator, trezorier, redactor, tehnoredactor, gestionar custode, taxidermist, desenator artistic, fotograf, operator video, topograf, documentarist, grafician",,execuție,,,treaptă III,,M,b) Coeficienți de salarizare pentru funcții de execuție,1.4627174562000003,1.4627174562000003,1.462717456,Gradația 0,0
2026-07-17,III,III CIII,32,33.00201007.13.4,33.00201007.13.4|33.00201007.13.4,"Restaurator, conservator, trezorier, redactor, tehnoredactor, gestionar custode, taxidermist, desenator artistic, fotograf, operator video, topograf, documentarist, grafician","Restaurator, conservator, trezorier, redactor, tehnoredactor, gestionar custode, taxidermist, desenator artistic, fotograf, operator video, topograf, documentarist, grafician",,execuție,,,debutant,,M,b) Coeficienți de salarizare pentru funcții de execuție,1.3777405373160003,1.3777405373160003,1.377740537,Gradația 0,0
2026-07-17,III,III CIII,33,33.00201008.02.1,33.00201008.02.1|33.00201008.02.1,"Supraveghetor muzeu, controlor bilete","Supraveghetor muzeu, controlor bilete",,execuție,,,,,M,b) Coeficienți de salarizare pentru funcții de execuție,1.1061199159944188,1.1061199159944188,1.106119916,Gradația 0,0
2026-07-17,III,III CIII,34,33.00201009.01.1,33.00201009.01.1|33.00201009.01.1,Garderobier,Garderobier,,execuție,,,,,M,b) Coeficienți de salarizare pentru funcții de execuție,1,1,1,Gradația 0,0
2026-07-17,III,III CIII,37,33.00102001.01.2,33.00102001.01.2|33.00102001.01.2,Manager (director general/director),Manager,,conducere,,,,,S,a) Coeficienți de salarizare pentru funcții de conducere,3.366,3.5640000000000005,3.366|3.564,Grad I|Grad II,0
2026-07-17,III,III CIII,38,33.00102002.01.2,33.00102002.01.2|33.00102002.01.2,Director general adjunct,Director general adjunct,,conducere,,,,,S,a) Coeficienți de salarizare pentru funcții de conducere,3.2187375,3.408075,3.2187375|3.408075,Grad I|Grad II,0
2026-07-17,III,III CIII,39,33.00102003.01.2,33.00102003.01.2|33.00102003.01.2,Director,Director,,conducere,,,,,S,a) Coeficienți de salarizare pentru funcții de conducere,3.2187375,3.408075,3.2187375|3.408075,Grad I|Grad II,0
2026-07-17,III,III CIII,40,33.00102004.03.2,33.00102004.03.2|33.00102004.03.2,"Director adjunct, contabil şef, inginer şef","Director adjunct, contabil şef, inginer şef",,conducere,,,,,S,a) Coeficienți de salarizare pentru funcții de conducere,2.6928000000000005,2.8512000000000004,2.6928|2.8512,Grad I|Grad II,0
2026-07-17,III,III CIII,41,33.00102005.01.2,33.00102005.01.2|33.00102005.01.2,Şef secţie,Şef secţie,,conducere,,,,,S,a) Coeficienți de salarizare pentru funcții de conducere,2.68228125,2.8400625,2.68228125|2.8400625,Grad I|Grad II,0
2026-07-17,III,III CIII,42,33.00102006.01.2,33.00102006.01.2|33.00102006.01.2,Şef serviciu,Şef serviciu,,conducere,,,,,S,a) Coeficienți de salarizare pentru funcții de conducere,2.5034624999999995,2.650725,2.5034625|2.650725,Grad I|Grad II,0
2026-07-17,III,III CIII,43,33.00102007.04.2,33.00102007.04.2|33.00102007.04.2,"Şef birou, şef laborator, şef oficiu, șef atelier","Şef birou, şef laborator, şef oficiu, șef atelier",,conducere,,,,,S,a) Coeficienți de salarizare pentru funcții de conducere,2.374515,2.374515,2.374515|2.374515,Grad I|Grad II,0
2026-07-17,III,III CIII,44,33.00102008.01.2,33.00102008.01.2|33.00102008.01.2,Șef atelier,Șef atelier,,conducere,,,,,PL; M,a) Coeficienți de salarizare pentru funcții de conducere,1.697782887501383,1.9973916323545682,1.697782888|1.997391632,Grad I|Grad II,0
2026-07-17,III,III CIII,45,33.00102009.01.2,33.00102009.01.2|33.00102009.01.2,Şef formaţie muncitori,Şef formaţie muncitori,,conducere,,,,,PL; M,a) Coeficienți de salarizare pentru funcții de conducere,1.4148190729178192,1.6644930269621403,1.414819073|1.664493027,Grad I|Grad II,0
2026-07-17,III,III CIII,47,33.00202001.14.1,33.00202001.14.1|33.00202001.14.1,"Muzeograf, restaurator, conservator, bibliograf, arheolog, arhitect, istoric, curator, designer, taxidermist, fotograf, desenator artistic, educator muzeal, arhivist","Muzeograf, restaurator, conservator, bibliograf, arheolog, arhitect, istoric, curator, designer, taxidermist, fotograf, desenator artistic, educator muzeal, arhivist",,execuție,,,gradul I A,,S,b) Coeficienți de salarizare pentru funcții de execuție,1.8703177350000004,1.8703177350000004,1.870317735,Gradația 0,0
2026-07-17,III,III CIII,48,33.00202001.14.2,33.00202001.14.2|33.00202001.14.2,"Muzeograf, restaurator, conservator, bibliograf, arheolog, arhitect, istoric, curator, designer, taxidermist, fotograf, desenator artistic, educator muzeal, arhivist","Muzeograf, restaurator, conservator, bibliograf, arheolog, arhitect, istoric, curator, designer, taxidermist, fotograf, desenator artistic, educator muzeal, arhivist",,execuție,,,gradul I,,S,b) Coeficienți de salarizare pentru funcții de execuție,1.7219821905000003,1.7219821905000003,1.721982191,Gradația 0,0
2026-07-17,III,III CIII,49,33.00202001.14.3,33.00202001.14.3|33.00202001.14.3,"Muzeograf, restaurator, conservator, bibliograf, arheolog, arhitect, istoric, curator, designer, taxidermist, fotograf, desenator artistic, educator muzeal, arhivist","Muzeograf, restaurator, conservator, bibliograf, arheolog, arhitect, istoric, curator, designer, taxidermist, fotograf, desenator artistic, educator muzeal, arhivist",,execuție,,,gradul II,,S,b) Coeficienți de salarizare pentru funcții de execuție,1.6107305321250005,1.6107305321250005,1.610730532,Gradația 0,0
2026-07-17,III,III CIII,50,33.00202001.14.4,33.00202001.14.4|33.00202001.14.4,"Muzeograf, restaurator, conservator, bibliograf, arheolog, arhitect, istoric, curator, designer, taxidermist, fotograf, desenator artistic, educator muzeal, arhivist","Muzeograf, restaurator, conservator, bibliograf, arheolog, arhitect, istoric, curator, designer, taxidermist, fotograf, desenator artistic, educator muzeal, arhivist",,execuție,,,debutant,,S,b) Coeficienți de salarizare pentru funcții de execuție,1.5219226865700004,1.5219226865700004,1.521922687,Gradația 0,0
2026-07-17,III,III CIII,51,33.00202002.08.1,33.00202002.08.1|33.00202002.08.1,"Biolog, fizician, chimist, sociolog, psiholog, topograf, documentarist, grafician","Biolog, fizician, chimist, sociolog, psiholog, topograf, documentarist, grafician",,execuție,,,principal,,S,b) Coeficienți de salarizare pentru funcții de execuție,1.7768018482500003,1.7768018482500003,1.776801848,Gradația 0,0
2026-07-17,III,III CIII,52,33.00202003.05.1,33.00202003.05.1|33.00202003.05.1,"Biolog, fizician, chimist, sociolog, psiholog;","Biolog, fizician, chimist, sociolog, psiholog",,execuție,,,specialist,,S,b) Coeficienți de salarizare pentru funcții de execuție,1.6358830809750002,1.6358830809750002,1.635883081,Gradația 0,0
2026-07-17,III,III CIII,53,33.00202004.05.1,33.00202004.05.1|33.00202004.05.1,"Biolog, fizician, chimist, sociolog, psiholog","Biolog, fizician, chimist, sociolog, psiholog",,execuție,,,,,S,b) Coeficienți de salarizare pentru funcții de execuție,1.5704622688218755,1.5704622688218755,1.570462269,Gradația 0,0
2026-07-17,III,III CIII,54,33.00202005.08.1,33.00202005.08.1|33.00202005.08.1,"Biolog, fizician, chimist, sociolog, psiholog, topograf, documentarist, grafician","Biolog, fizician, chimist, sociolog, psiholog, topograf, documentarist, grafician",,execuție,,,debutant,,S,b) Coeficienți de salarizare pentru funcții de execuție,1.4838746194057504,1.4838746194057504,1.483874619,Gradația 0,0
2026-07-17,III,III CIII,55,33.00202006.08.1,33.00202006.08.1|33.00202006.08.1,"Muzeograf, restaurator, conservator, bibliograf, bibliotecar-arhivist, conductor arhitect, educator muzeal, topograf","Muzeograf, restaurator, conservator, bibliograf, bibliotecar-arhivist, conductor arhitect, educator muzeal, topograf",,execuție,,,gradul I,,SSD,b) Coeficienți de salarizare pentru funcții de execuție,1.7413303050000004,1.7413303050000004,1.741330305,Gradația 0,0
2026-07-17,III,III CIII,56,33.00202006.08.2,33.00202006.08.2|33.00202006.08.2,"Muzeograf, restaurator, conservator, bibliograf, bibliotecar-arhivist, conductor arhitect, educator muzeal, topograf","Muzeograf, restaurator, conservator, bibliograf, bibliotecar-arhivist, conductor arhitect, educator muzeal, topograf",,execuție,,,gradul II,,SSD,b) Coeficienți de salarizare pentru funcții de execuție,1.6020238806000004,1.6020238806000004,1.602023881,Gradația 0,0
2026-07-17,III,III CIII,57,33.00202006.08.3,33.00202006.08.3|33.00202006.08.3,"Muzeograf, restaurator, conservator, bibliograf, bibliotecar-arhivist, conductor arhitect, educator muzeal, topograf","Muzeograf, restaurator, conservator, bibliograf, bibliotecar-arhivist, conductor arhitect, educator muzeal, topograf",,execuție,,,gradul III,,SSD,b) Coeficienți de salarizare pentru funcții de execuție,1.4888374107750004,1.4888374107750004,1.488837411,Gradația 0,0
2026-07-17,III,III CIII,58,33.00202006.08.4,33.00202006.08.4|33.00202006.08.4,"Muzeograf, restaurator, conservator, bibliograf, bibliotecar-arhivist, conductor arhitect, educator muzeal, topograf","Muzeograf, restaurator, conservator, bibliograf, bibliotecar-arhivist, conductor arhitect, educator muzeal, topograf",,execuție,,,debutant,,SSD,b) Coeficienți de salarizare pentru funcții de execuție,1.4458265522415004,1.4458265522415004,1.445826552,Gradația 0,0
2026-07-17,III,III CIII,59,33.00202007.13.1,33.00202007.13.1|33.00202007.13.1,"Restaurator, conservator, trezorier, redactor, tehnoredactor, gestionar custode, taxidermist, desenator artistic, fotograf, operator video, topograf, documentarist, grafician","Restaurator, conservator, trezorier, redactor, tehnoredactor, gestionar custode, taxidermist, desenator artistic, fotograf, operator video, topograf, documentarist, grafician",,execuție,,,treaptă IA,,M,b) Coeficienți de salarizare pentru funcții de execuție,1.4965132943286845,1.4965132943286845,1.496513294,Gradația 0,0
2026-07-17,III,III CIII,60,33.00202007.13.2,33.00202007.13.2|33.00202007.13.2,"Restaurator, conservator, trezorier, redactor, tehnoredactor, gestionar custode, taxidermist, desenator artistic, fotograf, operator video, topograf, documentarist, grafician","Restaurator, conservator, trezorier, redactor, tehnoredactor, gestionar custode, taxidermist, desenator artistic, fotograf, operator video, topograf, documentarist, grafician",,execuție,,,treaptă II,,M,b) Coeficienți de salarizare pentru funcții de execuție,1.4655941776781798,1.4655941776781798,1.465594178,Gradația 0,0
2026-07-17,III,III CIII,61,33.00202007.13.3,33.00202007.13.3|33.00202007.13.3,"Restaurator, conservator, trezorier, redactor, tehnoredactor, gestionar custode, taxidermist, desenator artistic, fotograf, operator video, topograf, documentarist, grafician","Restaurator, conservator, trezorier, redactor, tehnoredactor, gestionar custode, taxidermist, desenator artistic, fotograf, operator video, topograf, documentarist, grafician",,execuție,,,treaptă III,,M,b) Coeficienți de salarizare pentru funcții de execuție,1.4304106889578458,1.4304106889578458,1.430410689,Gradația 0,0
2026-07-17,III,III CIII,62,33.00202007.13.4,33.00202007.13.4|33.00202007.13.4,"Restaurator, conservator, trezorier, redactor, tehnoredactor, gestionar custode, taxidermist, desenator artistic, fotograf, operator video, topograf, documentarist, grafician","Restaurator, conservator, trezorier, redactor, tehnoredactor, gestionar custode, taxidermist, desenator artistic, fotograf, operator video, topograf, documentarist, grafician",,execuție,,,debutant,,M,b) Coeficienți de salarizare pentru funcții de execuție,1.4056116584304281,1.4056116584304281,1.405611658,Gradația 0,0
2026-07-17,III,III CIII,63,33.00202008.02.1,33.00202008.02.1|33.00202008.02.1,"Supraveghetor muzeu, controlor bilete","Supraveghetor muzeu, controlor bilete",,execuție,,,,,M,b) Coeficienți de salarizare pentru funcții de execuție,1.1061199159944188,1.1061199159944188,1.106119916,Gradația 0,0
2026-07-17,III,III CIII,64,33.00202009.01.1,33.00202009.01.1|33.00202009.01.1,Garderobier,Garderobier,,execuție,,,,,M,b) Coeficienți de salarizare pentru funcții de execuție,1,1,1,Gradația 0,0
2026-07-17,III,III CIV,9,34.00101001.01.2,34.00101001.01.2,"Manager (Redactor - şef, Director )",Manager,,conducere,,,,,S,a) Coeficienți de salarizare pentru funcții de conducere,3.2076000000000007,3.5640000000000005,3.2076|3.564,Grad I|Grad II,0
2026-07-17,III,III CIV,10,34.00101002.01.2,34.00101002.01.2,Redactor-şef adjunct,Redactor-şef adjunct,,conducere,,,,,S,a) Coeficienți de salarizare pentru funcții de conducere,2.5660800000000004,2.8512000000000004,2.56608|2.8512,Grad I|Grad II,0
2026-07-17,III,III CIV,12,34.00201001.06.1,34.00201001.06.1,"Redactor de rubrică, redactor, lector, publicist comentator, tehnoredactor, corespondent în străinătate","Redactor de rubrică, redactor, lector, publicist comentator, tehnoredactor, corespondent în străinătate",,execuție,,,gradul I A,,S,b) Coeficienți de salarizare pentru funcții de execuție,1.9189999999999998,1.9189999999999998,1.919,Gradația 0,0
2026-07-17,III,III CIV,13,34.00201001.06.2,34.00201001.06.2,"Redactor de rubrică, redactor, lector, publicist comentator, tehnoredactor, corespondent în străinătate","Redactor de rubrică, redactor, lector, publicist comentator, tehnoredactor, corespondent în străinătate",,execuție,,,gradul I,,S,b) Coeficienți de salarizare pentru funcții de execuție,1.7270999999999999,1.7270999999999999,1.7271,Gradația 0,0
2026-07-17,III,III CIV,14,34.00201001.06.3,34.00201001.06.3,"Redactor de rubrică, redactor, lector, publicist comentator, tehnoredactor, corespondent în străinătate","Redactor de rubrică, redactor, lector, publicist comentator, tehnoredactor, corespondent în străinătate",,execuție,,,gradul II,,S,b) Coeficienți de salarizare pentru funcții de execuție,1.55439,1.55439,1.55439,Gradația 0,0
2026-07-17,III,III CIV,15,34.00201001.06.4,34.00201001.06.4,"Redactor de rubrică, redactor, lector, publicist comentator, tehnoredactor, corespondent în străinătate","Redactor de rubrică, redactor, lector, publicist comentator, tehnoredactor, corespondent în străinătate",,execuție,,,debutant,,S,b) Coeficienți de salarizare pentru funcții de execuție,1.4300388,1.4300388,1.4300388,Gradația 0,0
2026-07-17,III,III CIV,16,34.00201002.09.1,34.00201002.09.1,"Şef agenţie publicitate, administrator (publicaţii, editură), reporter (fotoreporter, corespondent local), secretar (tehnic) de redacţie, documentarist, traducător, caricaturist, desenator artistic, corector","Şef agenţie publicitate, administrator (publicaţii, editură), reporter (fotoreporter, corespondent local), secretar (tehnic) de redacţie, documentarist, traducător, caricaturist, desenator artistic, corector",,execuție,,,gradul I,,S,b) Coeficienți de salarizare pentru funcții de execuție,1.7270999999999999,1.7270999999999999,1.7271,Gradația 0,0
2026-07-17,III,III CIV,17,34.00201002.09.2,34.00201002.09.2,"Şef agenţie publicitate, administrator (publicaţii, editură), reporter (fotoreporter, corespondent local), secretar (tehnic) de redacţie, documentarist, traducător, caricaturist, desenator artistic, corector","Şef agenţie publicitate, administrator (publicaţii, editură), reporter (fotoreporter, corespondent local), secretar (tehnic) de redacţie, documentarist, traducător, caricaturist, desenator artistic, corector",,execuție,,,gradul II,,S,b) Coeficienți de salarizare pentru funcții de execuție,1.55439,1.55439,1.55439,Gradația 0,0
2026-07-17,III,III CIV,18,34.00201002.09.3,34.00201002.09.3,"Şef agenţie publicitate, administrator (publicaţii, editură), reporter (fotoreporter, corespondent local), secretar (tehnic) de redacţie, documentarist, traducător, caricaturist, desenator artistic, corector","Şef agenţie publicitate, administrator (publicaţii, editură), reporter (fotoreporter, corespondent local), secretar (tehnic) de redacţie, documentarist, traducător, caricaturist, desenator artistic, corector",,execuție,,,gradul III,,S,b) Coeficienți de salarizare pentru funcții de execuție,1.4300388,1.4300388,1.4300388,Gradația 0,0
2026-07-17,III,III CIV,19,34.00201002.09.4,34.00201002.09.4,"Şef agenţie publicitate, administrator (publicaţii, editură), reporter (fotoreporter, corespondent local), secretar (tehnic) de redacţie, documentarist, traducător, caricaturist, desenator artistic, corector","Şef agenţie publicitate, administrator (publicaţii, editură), reporter (fotoreporter, corespondent local), secretar (tehnic) de redacţie, documentarist, traducător, caricaturist, desenator artistic, corector",,execuție,,,debutant,,S,b) Coeficienți de salarizare pentru funcții de execuție,1.315635696,1.315635696,1.315635696,Gradația 0,0
2026-07-17,III,III CIV,20,34.00201003.02.1,34.00201003.02.1,"Redactor, secretar de redacţie","Redactor, secretar de redacţie",,execuție,,,gradul I,,SSD,b) Coeficienți de salarizare pentru funcții de execuție,1.9348114500000004,1.9348114500000004,1.93481145,Gradația 0,0
2026-07-17,III,III CIV,21,34.00201003.02.2,34.00201003.02.2,"Redactor, secretar de redacţie","Redactor, secretar de redacţie",,execuție,,,gradul II,,SSD,b) Coeficienți de salarizare pentru funcții de execuție,1.7413303050000004,1.7413303050000004,1.741330305,Gradația 0,0
2026-07-17,III,III CIV,22,34.00201003.02.3,34.00201003.02.3,"Redactor, secretar de redacţie","Redactor, secretar de redacţie",,execuție,,,gradul III,,SSD,b) Coeficienți de salarizare pentru funcții de execuție,1.5671972745000005,1.5671972745000005,1.567197275,Gradația 0,0
2026-07-17,III,III CIV,23,34.00201003.02.4,34.00201003.02.4,"Redactor, secretar de redacţie","Redactor, secretar de redacţie",,execuție,,,debutant,,SSD,b) Coeficienți de salarizare pentru funcții de execuție,1.5219226865700004,1.5219226865700004,1.521922687,Gradația 0,0
2026-07-17,III,III CIV,24,34.00201004.08.1,34.00201004.08.1,"Redactor, secretar (tehnic) de redacţie, documentarist, traducător, caricaturist, desenator artistic, corector, tehnoredactor","Redactor, secretar (tehnic) de redacţie, documentarist, traducător, caricaturist, desenator artistic, corector, tehnoredactor",,execuție,,,treaptă I A,,M,b) Coeficienți de salarizare pentru funcții de execuție,1.4965132943286845,1.4965132943286845,1.496513294,Gradația 0,0
2026-07-17,III,III CIV,25,34.00201004.08.2,34.00201004.08.2,"Redactor, secretar (tehnic) de redacţie, documentarist, traducător, caricaturist, desenator artistic, corector, tehnoredactor","Redactor, secretar (tehnic) de redacţie, documentarist, traducător, caricaturist, desenator artistic, corector, tehnoredactor",,execuție,,,treaptă I,,M,b) Coeficienți de salarizare pentru funcții de execuție,1.4655941776781798,1.4655941776781798,1.465594178,Gradația 0,0
2026-07-17,III,III CIV,26,34.00201004.08.3,34.00201004.08.3,"Redactor, secretar (tehnic) de redacţie, documentarist, traducător, caricaturist, desenator artistic, corector, tehnoredactor","Redactor, secretar (tehnic) de redacţie, documentarist, traducător, caricaturist, desenator artistic, corector, tehnoredactor",,execuție,,,treaptă II,,M,b) Coeficienți de salarizare pentru funcții de execuție,1.4304106889578458,1.4304106889578458,1.430410689,Gradația 0,0
2026-07-17,III,III CIV,27,34.00201004.08.4,34.00201004.08.4,"Redactor, secretar (tehnic) de redacţie, documentarist, traducător, caricaturist, desenator artistic, corector, tehnoredactor","Redactor, secretar (tehnic) de redacţie, documentarist, traducător, caricaturist, desenator artistic, corector, tehnoredactor",,execuție,,,debutant,,M,b) Coeficienți de salarizare pentru funcții de execuție,1.4056116584304281,1.4056116584304281,1.405611658,Gradația 0,0
2026-07-17,III,III CIV,28,34.00201005.03.1,34.00201005.03.1,"Laborant foto, retuşor foto, fotograf","Laborant foto, retuşor foto, fotograf",,execuție,,,treaptă I A,,M;G,b) Coeficienți de salarizare pentru funcții de execuție,1.4965132943286845,1.4965132943286845,1.496513294,Gradația 0,0
2026-07-17,III,III CIV,29,34.00201005.03.2,34.00201005.03.2,"Laborant foto, retuşor foto, fotograf","Laborant foto, retuşor foto, fotograf",,execuție,,,treaptă II,,M;G,b) Coeficienți de salarizare pentru funcții de execuție,1.4655941776781798,1.4655941776781798,1.465594178,Gradația 0,0
2026-07-17,III,III CIV,30,34.00201005.03.3,34.00201005.03.3,"Laborant foto, retuşor foto, fotograf","Laborant foto, retuşor foto, fotograf",,execuție,,,treaptă III,,M;G,b) Coeficienți de salarizare pentru funcții de execuție,1.4304106889578458,1.4304106889578458,1.430410689,Gradația 0,0
2026-07-17,III,III CIV,31,34.00201005.03.4,34.00201005.03.4,"Laborant foto, retuşor foto, fotograf","Laborant foto, retuşor foto, fotograf",,execuție,,,debutant,,M;G,b) Coeficienți de salarizare pentru funcții de execuție,1.4056116584304281,1.4056116584304281,1.405611658,Gradația 0,0
2026-07-17,III,III CIV,32,,,"Corespondent special, redactor documentarist, grafician, videojurnalist","Corespondent special, redactor documentarist, grafician, videojurnalist",,execuție,,,gradul I A,,S,b) Coeficienți de salarizare pentru funcții de execuție,1.7270999999999999,1.7270999999999999,1.7271,Gradația 0,0
2026-07-17,III,III CIV,33,,,"Corespondent special, redactor documentarist, grafician, videojurnalist","Corespondent special, redactor documentarist, grafician, videojurnalist",,execuție,,,gradul I,,S,b) Coeficienți de salarizare pentru funcții de execuție,1.55439,1.55439,1.55439,Gradația 0,0
2026-07-17,III,III CIV,34,,,"Corespondent special, redactor documentarist, grafician, videojurnalist","Corespondent special, redactor documentarist, grafician, videojurnalist",,execuție,,,gradul II,,S,b) Coeficienți de salarizare pentru funcții de execuție,1.4300388,1.4300388,1.4300388,Gradația 0,0
2026-07-17,III,III CIV,35,,,"Corespondent special, redactor documentarist, grafician, videojurnalist","Corespondent special, redactor documentarist, grafician, videojurnalist",,execuție,,,debutant,,S,b) Coeficienți de salarizare pentru funcții de execuție,1.315635696,1.315635696,1.315635696,Gradația 0,0
2026-07-17,III,III CIV,36,,,"Corespondent special, redactor documentarist, grafician, videojurnalist","Corespondent special, redactor documentarist, grafician, videojurnalist",,execuție,,,treaptă I A,,M,b) Coeficienți de salarizare pentru funcții de execuție,1.4965132943286845,1.4965132943286845,1.496513294,Gradația 0,0
2026-07-17,III,III CIV,37,,,"Corespondent special, redactor documentarist, grafician, videojurnalist","Corespondent special, redactor documentarist, grafician, videojurnalist",,execuție,,,treaptă I,,M,b) Coeficienți de salarizare pentru funcții de execuție,1.4655941776781798,1.4655941776781798,1.465594178,Gradația 0,0
2026-07-17,III,III CIV,38,,,"Corespondent special, redactor documentarist, grafician, videojurnalist","Corespondent special, redactor documentarist, grafician, videojurnalist",,execuție,,,treaptă II,,M,b) Coeficienți de salarizare pentru funcții de execuție,1.4304106889578458,1.4304106889578458,1.430410689,Gradația 0,0
2026-07-17,III,III CIV,39,,,"Corespondent special, redactor documentarist, grafician, videojurnalist","Corespondent special, redactor documentarist, grafician, videojurnalist",,execuție,,,debutant,,M,b) Coeficienți de salarizare pentru funcții de execuție,1.4056116584304281,1.4056116584304281,1.405611658,Gradația 0,0
2026-07-17,III,III CV,8,35.00101001.01.2,35.00101001.01.2,Manager (director),Manager,,conducere,,,,,S,a) Coeficienți de salarizare pentru funcții de conducere,2.4613875,2.89575,2.4613875|2.89575,Grad I|Grad II,0
2026-07-17,III,III CV,9,35.00101002.02.2,35.00101002.02.2,"Director adjunct, contabil-şef","Director adjunct, contabil-şef",,conducere,,,,,S,a) Coeficienți de salarizare pentru funcții de conducere,2.2720500000000006,2.6730000000000005,2.27205|2.673,Grad I|Grad II,0
2026-07-17,III,III CV,10,35.00101003.01.2,35.00101003.01.2,Şef serviciu,Şef serviciu,,conducere,,,,,S,a) Coeficienți de salarizare pentru funcții de conducere,2.0410582500000003,2.4012450000000003,2.04105825|2.401245,Grad I|Grad II,0
2026-07-17,III,III CV,11,35.00101004.04.2,35.00101004.04.2,"Şef laborator, şef oficiu, șef atelier","Şef laborator, şef oficiu, șef atelier",,conducere,,,,,S,a) Coeficienți de salarizare pentru funcții de conducere,1.8460406250000005,2.1718125000000006,1.846040625|2.1718125,Grad I|Grad II,0
2026-07-17,III,III CV,12,35.00101005.01.2,35.00101005.01.2,Șef atelier,Șef atelier,,conducere,,,,,PL; M,a) Coeficienți de salarizare pentru funcții de conducere,1.3482393518393336,1.4980437242659261,1.348239352|1.498043724,Grad I|Grad II,0
2026-07-17,III,III CV,14,35.00201001.01.1,35.00201001.01.1,Referent,Referent,,execuție,,,gradul I A,,S,b) Coeficienți de salarizare pentru funcții de execuție,1.6197536249999998,1.6197536249999998,1.619753625,Gradația 0,0
2026-07-17,III,III CV,15,35.00201001.01.2,35.00201001.01.2,Referent,Referent,,execuție,,,gradul I,,S,b) Coeficienți de salarizare pentru funcții de execuție,1.5646275562499998,1.5646275562499998,1.564627556,Gradația 0,0
2026-07-17,III,III CV,16,35.00201001.01.3,35.00201001.01.3,Referent,Referent,,execuție,,,debutant,,S,b) Coeficienți de salarizare pentru funcții de execuție,1.4223886875,1.4223886875,1.422388688,Gradația 0,0
2026-07-17,III,III CV,17,35.00201002.01.1,35.00201002.01.1,Referent,Referent,,execuție,,,gradul I,,SSD,b) Coeficienți de salarizare pentru funcții de execuție,1.3730755500000003,1.3730755500000003,1.37307555,Gradația 0,0
2026-07-17,III,III CV,18,35.00201002.01.2,35.00201002.01.2,Referent,Referent,,execuție,,,gradul II,,SSD,b) Coeficienți de salarizare pentru funcții de execuție,1.3263448275,1.3263448275,1.326344828,Gradația 0,0
2026-07-17,III,III CV,19,35.00201002.01.3,35.00201002.01.3,Referent,Referent,,execuție,,,debutant,,SSD,b) Coeficienți de salarizare pentru funcții de execuție,1.252746,1.252746,1.252746,Gradația 0,0
2026-07-17,III,III CV,20,35.00201003.01.1,35.00201003.01.1,Referent,Referent,,execuție,,,treaptă I,,PL,b) Coeficienți de salarizare pentru funcții de execuție,1.3490467278750002,1.3490467278750002,1.349046728,Gradația 0,0
2026-07-17,III,III CV,21,35.00201003.01.2,35.00201003.01.2,Referent,Referent,,execuție,,,treaptă II,,PL,b) Coeficienți de salarizare pentru funcții de execuție,1.30313379301875,1.30313379301875,1.303133793,Gradația 0,0
2026-07-17,III,III CV,22,35.00201003.01.3,35.00201003.01.3,Referent,Referent,,execuție,,,debutant,,PL,b) Coeficienți de salarizare pentru funcții de execuție,1.230822945,1.230822945,1.230822945,Gradația 0,0
2026-07-17,III,III CV,23,35.00201004.01.1,35.00201004.01.1,Referent,Referent,,execuție,,,treaptă I A,,M,b) Coeficienți de salarizare pentru funcții de execuție,1.32501790575,1.32501790575,1.325017906,Gradația 0,0
2026-07-17,III,III CV,24,35.00201004.01.2,35.00201004.01.2,Referent,Referent,,execuție,,,treaptă I,,M,b) Coeficienți de salarizare pentru funcții de execuție,1.2799227585375,1.2799227585375,1.279922759,Gradația 0,0
2026-07-17,III,III CV,25,35.00201004.01.3,35.00201004.01.3,Referent,Referent,,execuție,,,debutant,,M,b) Coeficienți de salarizare pentru funcții de execuție,1.20889989,1.20889989,1.20889989,Gradația 0,0
2026-07-17,III,III CV,28,,,Manager (director),Manager,,conducere,,,,,S,a) Coeficienți de salarizare pentru funcții de conducere,2.338318125,2.7509625,2.338318125|2.7509625,Grad I|Grad II,0
2026-07-17,III,III CV,29,,,"Director adjunct, contabil-şef","Director adjunct, contabil-şef",,conducere,,,,,S,a) Coeficienți de salarizare pentru funcții de conducere,2.1584475000000003,2.53935,2.1584475|2.53935,Grad I|Grad II,0
2026-07-17,III,III CV,30,,,Şef serviciu,Şef serviciu,,conducere,,,,,S,a) Coeficienți de salarizare pentru funcții de conducere,1.9390053375,2.28118275,1.939005338|2.28118275,Grad I|Grad II,0
2026-07-17,III,III CV,31,,,"Şef birou, şef laborator, şef oficiu, șef atelier","Şef birou, şef laborator, şef oficiu, șef atelier",,conducere,,,,,S,a) Coeficienți de salarizare pentru funcții de conducere,1.7537385937500003,2.0632218750000004,1.753738594|2.063221875,Grad I|Grad II,0
2026-07-17,III,III CV,32,,,Șef atelier,Șef atelier,,conducere,,,,,PL; M,a) Coeficienți de salarizare pentru funcții de conducere,1.2733371656260373,1.4980437242659261,1.273337166|1.498043724,Grad I|Grad II,0
2026-07-17,III,III CV,34,35.00201001.01.1,35.00201001.01.1,Referent,Referent,,execuție,,,gradul I A,,S,b) Coeficienți de salarizare pentru funcții de execuție,1.5387659437499996,1.5387659437499996,1.538765944,Gradația 0,0
2026-07-17,III,III CV,35,35.00201001.01.2,35.00201001.01.2,Referent,Referent,,execuție,,,gradul I,,S,b) Coeficienți de salarizare pentru funcții de execuție,1.4863961784374997,1.4863961784374997,1.486396178,Gradația 0,0
2026-07-17,III,III CV,36,35.00201001.01.3,35.00201001.01.3,Referent,Referent,,execuție,,,debutant,,S,b) Coeficienți de salarizare pentru funcții de execuție,1.351269253125,1.351269253125,1.351269253,Gradația 0,0
2026-07-17,III,III CV,37,35.00201002.01.1,35.00201002.01.1,Referent,Referent,,execuție,,,gradul I,,SSD,b) Coeficienți de salarizare pentru funcții de execuție,1.3044217725000002,1.3044217725000002,1.304421773,Gradația 0,0
2026-07-17,III,III CV,38,35.00201002.01.2,35.00201002.01.2,Referent,Referent,,execuție,,,gradul II,,SSD,b) Coeficienți de salarizare pentru funcții de execuție,1.2600275861249999,1.2600275861249999,1.260027586,Gradația 0,0
2026-07-17,III,III CV,39,35.00201002.01.3,35.00201002.01.3,Referent,Referent,,execuție,,,debutant,,SSD,b) Coeficienți de salarizare pentru funcții de execuție,1.1901087,1.1901087,1.1901087,Gradația 0,0
2026-07-17,III,III CV,40,35.00201003.01.1,35.00201003.01.1,Referent,Referent,,execuție,,,treaptă I,,PL,b) Coeficienți de salarizare pentru funcții de execuție,1.2815943914812502,1.2815943914812502,1.281594391,Gradația 0,0
2026-07-17,III,III CV,41,35.00201003.01.2,35.00201003.01.2,Referent,Referent,,execuție,,,treaptă II,,PL,b) Coeficienți de salarizare pentru funcții de execuție,1.2379771033678124,1.2379771033678124,1.237977103,Gradația 0,0
2026-07-17,III,III CV,42,35.00201003.01.3,35.00201003.01.3,Referent,Referent,,execuție,,,debutant,,PL,b) Coeficienți de salarizare pentru funcții de execuție,1.16928179775,1.16928179775,1.169281798,Gradația 0,0
2026-07-17,III,III CV,43,35.00201004.01.1,35.00201004.01.1,Referent,Referent,,execuție,,,treaptă I A,,M,b) Coeficienți de salarizare pentru funcții de execuție,1.2587670104625,1.2587670104625,1.25876701,Gradația 0,0
2026-07-17,III,III CV,44,35.00201004.01.2,35.00201004.01.2,Referent,Referent,,execuție,,,treaptă I,,M,b) Coeficienți de salarizare pentru funcții de execuție,1.215926620610625,1.215926620610625,1.215926621,Gradația 0,0
2026-07-17,III,III CV,45,35.00201004.01.3,35.00201004.01.3,Referent,Referent,,execuție,,,debutant,,M,b) Coeficienți de salarizare pentru funcții de execuție,1.1484548955,1.1484548955,1.148454896,Gradația 0,0
2026-07-17,IV,IV CI + CII,8,41.00100001.01.2,41.00100001.01.2,Secretar general cu rang de ambasador,Secretar general cu rang de ambasador,,conducere,,,,,S,Coeficienți de salarizare pentru funcții de conducere,6,6,6,Grad managerial,0
2026-07-17,IV,IV CI + CII,9,41.00100002.01.2,41.00100002.01.2,Secretar general adjunct cu rang de ministru plenipotenţiar,Secretar general adjunct cu rang de ministru plenipotenţiar,,conducere,,,,,S,Coeficienți de salarizare pentru funcții de conducere,5.766233766233753,5.766233766233753,5.766233766,Grad managerial,0
2026-07-17,IV,IV CI + CII,10,41.00100003.01.2,41.00100003.01.2,Director general cu rang de ministru consilier,Director general cu rang de ministru consilier,,conducere,,,,,S,Coeficienți de salarizare pentru funcții de conducere,5.5,5.5,5.5,Grad managerial,0
2026-07-17,IV,IV CI + CII,11,41.00100004.02.2,41.00100004.02.2,"Director general adjunct, director de cabinet cu rang de consilier diplomatic","Director general adjunct, director de cabinet cu rang de consilier diplomatic",,conducere,,,,,S,Coeficienți de salarizare pentru funcții de conducere,4.95,4.95,4.95,Grad managerial,0
2026-07-17,IV,IV CI + CII,12,41.00100005.01.2,41.00100005.01.2,Director cu rang de secretar I,Director cu rang de secretar I,,conducere,,,,,S,Coeficienți de salarizare pentru funcții de conducere,4.95,4.95,4.95,Grad managerial,0
2026-07-17,IV,IV CI + CII,13,41.00100006.01.2,41.00100006.01.2,Director adjunct cu rang de secretar II,Director adjunct cu rang de secretar II,,conducere,,,,,S,Coeficienți de salarizare pentru funcții de conducere,4.51,4.51,4.51,Grad managerial,0
2026-07-17,IV,IV CI + CII,14,41.00100007.01.2,41.00100007.01.2,Şef serviciu cu rang de secretar III,Şef serviciu cu rang de secretar III,,conducere,,,,,S,Coeficienți de salarizare pentru funcții de conducere,4.35,4.35,4.35,Grad managerial,0
2026-07-17,IV,IV CI + CII,17,42.00100001.01.1,42.00100001.01.1,Ambasador,Ambasador,,execuție,,,,,S,a) Coeficienți de salarizare pentru funcţiile diplomatice şi consulare,4.197732000000001,4.197732000000001,4.197732,gradația 0,0
2026-07-17,IV,IV CI + CII,18,42.00100002.01.1,42.00100002.01.1,Ministru plenipotenţiar,Ministru plenipotenţiar,,execuție,,,,,S,a) Coeficienți de salarizare pentru funcţiile diplomatice şi consulare,3.9978400000000005,3.9978400000000005,3.99784,gradația 0,0
2026-07-17,IV,IV CI + CII,19,42.00100003.01.1,42.00100003.01.1,Ministru consilier,Ministru consilier,,execuție,,,,,S,a) Coeficienți de salarizare pentru funcţiile diplomatice şi consulare,3.6344000000000003,3.6344000000000003,3.6344,gradația 0,0
2026-07-17,IV,IV CI + CII,20,42.00100004.02.1,42.00100004.02.1,"Consilier diplomatic, consul general","Consilier diplomatic, consul general",,execuție,,,,,S,a) Coeficienți de salarizare pentru funcţiile diplomatice şi consulare,3.304,3.304,3.304,gradația 0,0
2026-07-17,IV,IV CI + CII,21,42.00100005.02.1,42.00100005.02.1,"Secretar I, consul","Secretar I, consul",,execuție,,,,,S,a) Coeficienți de salarizare pentru funcţiile diplomatice şi consulare,2.8,2.8,2.8,gradația 0,0
2026-07-17,IV,IV CI + CII,22,42.00100006.02.1,42.00100006.02.1,"Secretar II, viceconsul","Secretar II, viceconsul",,execuție,,,,,S,a) Coeficienți de salarizare pentru funcţiile diplomatice şi consulare,2.39096,2.39096,2.39096,gradația 0,0
2026-07-17,IV,IV CI + CII,23,42.00100007.01.1,42.00100007.01.1,Secretar III,Secretar III,,execuție,,,,,S,a) Coeficienți de salarizare pentru funcţiile diplomatice şi consulare,2.1736,2.1736,2.1736,gradația 0,0
2026-07-17,IV,IV CI + CII,24,42.00100008.02.1,42.00100008.02.1,"Ataşat, agent consular","Ataşat, agent consular",,execuție,,,,,S,a) Coeficienți de salarizare pentru funcţiile diplomatice şi consulare,1.976,1.976,1.976,gradația 0,0
2026-07-17,IV,IV CI + CII,26,42.00200001.03.1,42.00200001.03.1,"Consilier relaţii, interpret relaţii I, consilier cabinet I","Consilier relaţii, interpret relaţii I, consilier cabinet I",,execuție,,,,,S,b) Coeficienți de salarizare pentru funcţiile specifice de execuţie,2.8,2.8,2.8,gradația 0,0
2026-07-17,IV,IV CI + CII,27,42.00200002.03.1,42.00200002.03.1,"Consilier relaţii, interpret relaţii II, consilier cabinet II","Consilier relaţii, interpret relaţii II, consilier cabinet II",,execuție,,,,,S,b) Coeficienți de salarizare pentru funcţiile specifice de execuţie,2.481818181818182,2.481818181818182,2.481818182,gradația 0,0
2026-07-17,IV,IV CI + CII,28,42.00200003.03.1,42.00200003.03.1,"Consilier relaţii, interpret relaţii III, consilier cabinet III","Consilier relaţii, interpret relaţii III, consilier cabinet III",,execuție,,,,,S,b) Coeficienți de salarizare pentru funcţiile specifice de execuţie,2.259090909090909,2.259090909090909,2.259090909,gradația 0,0
2026-07-17,IV,IV CI + CII,29,42.00200004.05.1,42.00200004.05.1,"Referent relaţii, referent comunicaţii, referent protecţie,curier diplomatic I, referent cabinet","Referent relaţii, referent comunicaţii, referent protecţie,curier diplomatic I, referent cabinet",,execuție,,,,,S,b) Coeficienți de salarizare pentru funcţiile specifice de execuţie,2.163636363636363,2.163636363636363,2.163636364,gradația 0,0
2026-07-17,IV,IV CI + CII,30,42.00200005.04.1,42.00200005.04.1,"Referent relaţii, referent comunicaţii, referent protecţie, curier diplomatic I","Referent relaţii, referent comunicaţii, referent protecţie, curier diplomatic I",,execuție,,,,,SSD,b) Coeficienți de salarizare pentru funcţiile specifice de execuţie,2.099999999999999,2.099999999999999,2.1,gradația 0,0
2026-07-17,IV,IV CI + CII,31,42.00200006.05.1,42.00200006.05.1,"Referent relaţii, referent comunicaţii, referent protecţie, curier diplomatic I, referent cabinet","Referent relaţii, referent comunicaţii, referent protecţie, curier diplomatic I, referent cabinet",,execuție,,,,,PL,b) Coeficienți de salarizare pentru funcţiile specifice de execuţie,1.5601965909090905,1.5601965909090905,1.560196591,gradația 0,0
2026-07-17,IV,IV CI + CII,32,42.00200007.04.1,42.00200007.04.1,"Referent relaţii, referent comunicaţii, referent protecţie, curier diplomatic I","Referent relaţii, referent comunicaţii, referent protecţie, curier diplomatic I",,execuție,,,,,M,b) Coeficienți de salarizare pentru funcţiile specifice de execuţie,1.5289511363636359,1.5289511363636359,1.528951136,gradația 0,0
2026-07-17,IV,IV CI + CII,33,42.00200008.04.1,42.00200008.04.1,"Referent relaţii, referent comunicaţii, referent protecţie, curier diplomatic II","Referent relaţii, referent comunicaţii, referent protecţie, curier diplomatic II",,execuție,,,,,S,b) Coeficienți de salarizare pentru funcţiile specifice de execuţie,2.099999999999999,2.099999999999999,2.1,gradația 0,0
2026-07-17,IV,IV CI + CII,34,42.00200009.04.1,42.00200009.04.1,"Referent relaţii, referent comunicaţii, referent protecţie, curier diplomatic II","Referent relaţii, referent comunicaţii, referent protecţie, curier diplomatic II",,execuție,,,,,SSD,b) Coeficienți de salarizare pentru funcţiile specifice de execuţie,1.9644346590909085,1.9644346590909085,1.964434659,gradația 0,0
2026-07-17,IV,IV CI + CII,35,42.00200010.04.1,42.00200010.04.1,"Referent relaţii, referent comunicaţii, referent protecţie, curier diplomatic II","Referent relaţii, referent comunicaţii, referent protecţie, curier diplomatic II",,execuție,,,,,PL,b) Coeficienți de salarizare pentru funcţiile specifice de execuţie,1.5289511363636359,1.5289511363636359,1.528951136,gradația 0,0
2026-07-17,IV,IV CI + CII,36,42.00200011.04.1,42.00200011.04.1,"Referent relaţii, referent comunicaţii, referent protecţie, curier diplomatic II","Referent relaţii, referent comunicaţii, referent protecţie, curier diplomatic II",,execuție,,,,,M,b) Coeficienți de salarizare pentru funcţiile specifice de execuţie,1.4820829545454541,1.4820829545454541,1.482082955,gradația 0,0
2026-07-17,IV,IV CI + CII,37,42.00200019.01.1,42.00200019.01.1,Curier relaţii I,Curier relaţii I,,execuție,,,,,M,b) Coeficienți de salarizare pentru funcţiile specifice de execuţie,1.4664602272727272,1.4664602272727272,1.466460227,gradația 0,0
2026-07-17,IV,IV CI + CII,38,42.00200020.01.1,42.00200020.01.1,Curier relaţii II,Curier relaţii II,,execuție,,,,,M,b) Coeficienți de salarizare pentru funcţiile specifice de execuţie,1.403969318181818,1.403969318181818,1.403969318,gradația 0,0
2026-07-17,IV,IV CVII,10,,,Secretar general,Secretar general,,conducere,,,,,S,a) Coeficienți de salarizare pentru funcții de conducere,4.95,4.95,4.95,Grad managerial,0
2026-07-17,IV,IV CVII,11,,,Secretar general adjunct,Secretar general adjunct,,conducere,,,,,S,a) Coeficienți de salarizare pentru funcții de conducere,4.757142857142846,4.757142857142846,4.757142857,Grad managerial,0
2026-07-17,IV,IV CVII,12,,,Director general,Director general,,conducere,,,,,S,a) Coeficienți de salarizare pentru funcții de conducere,4.7025,4.7025,4.7025,Grad managerial,0
2026-07-17,IV,IV CVII,13,,,Director,Director,,conducere,,,,,S,a) Coeficienți de salarizare pentru funcții de conducere,4.373325,4.373325,4.373325,Grad managerial,0
2026-07-17,IV,IV CVII,14,,,Şef serviciu,Şef serviciu,,conducere,,,,,S,a) Coeficienți de salarizare pentru funcții de conducere,3.9030749999999994,3.9030749999999994,3.903075,Grad managerial,0
2026-07-17,IV,IV CVII,16,,,Auditor,Auditor,,execuție,,,grad I A,,S,b) Coeficienți de salarizare pentru funcții de execuție,2.4675000000000002,2.4675000000000002,2.4675,Gradația 0,0
2026-07-17,IV,IV CVII,17,,,Auditor,Auditor,,execuție,,,grad I,,S,b) Coeficienți de salarizare pentru funcții de execuție,2.337720000000001,2.337720000000001,2.33772,Gradația 0,0
2026-07-17,IV,IV CVII,18,,,Auditor,Auditor,,execuție,,,grad II,,S,b) Coeficienți de salarizare pentru funcții de execuție,2.1252000000000004,2.1252000000000004,2.1252,Gradația 0,0
2026-07-17,IV,IV CVII,19,,,Consilier juridic,Consilier juridic,,execuție,,,grad I A,,S,b) Coeficienți de salarizare pentru funcții de execuție,2.35,2.35,2.35,Gradația 0,0
2026-07-17,IV,IV CVII,20,,,Consilier juridic,Consilier juridic,,execuție,,,grad I,,S,b) Coeficienți de salarizare pentru funcții de execuție,2.226400000000001,2.226400000000001,2.2264,Gradația 0,0
2026-07-17,IV,IV CVII,21,,,Consilier juridic,Consilier juridic,,execuție,,,grad II,,S,b) Coeficienți de salarizare pentru funcții de execuție,2.0240000000000005,2.0240000000000005,2.024,Gradația 0,0
2026-07-17,IV,IV CVII,22,,,Consilier juridic,Consilier juridic,,execuție,,,debutant,,S,b) Coeficienți de salarizare pentru funcții de execuție,1.84,1.84,1.84,Gradația 0,0
2026-07-17,IV,IV CVII,23,,,Consilier; expert,Consilier|expert,,execuție,,,grad I A,,S,b) Coeficienți de salarizare pentru funcții de execuție,2.35,2.35,2.35,Gradația 0,0
2026-07-17,IV,IV CVII,24,,,Consilier; expert,Consilier|expert,,execuție,,,grad I,,S,b) Coeficienți de salarizare pentru funcții de execuție,2.226400000000001,2.226400000000001,2.2264,Gradația 0,0
2026-07-17,IV,IV CVII,25,,,Consilier; expert,Consilier|expert,,execuție,,,grad II,,S,b) Coeficienți de salarizare pentru funcții de execuție,2.0240000000000005,2.0240000000000005,2.024,Gradația 0,0
2026-07-17,IV,IV CVII,26,,,Consilier; expert,Consilier|expert,,execuție,,,debutant,,S,b) Coeficienți de salarizare pentru funcții de execuție,1.84,1.84,1.84,Gradația 0,0
2026-07-17,IV,IV CVII,27,,,Redactor,Redactor,,execuție,,,grad I A,,S,b) Coeficienți de salarizare pentru funcții de execuție,1.8584,1.8584,1.8584,Gradația 0,0
2026-07-17,IV,IV CVII,28,,,Redactor,Redactor,,execuție,,,grad I,,S,b) Coeficienți de salarizare pentru funcții de execuție,1.67256,1.67256,1.67256,Gradația 0,0
2026-07-17,IV,IV CVII,29,,,Redactor,Redactor,,execuție,,,grad II,,S,b) Coeficienți de salarizare pentru funcții de execuție,1.505304,1.505304,1.505304,Gradația 0,0
2026-07-17,IV,IV CVII,30,,,Redactor,Redactor,,execuție,,,debutant,,S,b) Coeficienți de salarizare pentru funcții de execuție,1.38487968,1.38487968,1.38487968,Gradația 0,0
2026-07-17,IV,IV CVII,31,,,Referent,Referent,,execuție,,,grad I A,,SSD,b) Coeficienți de salarizare pentru funcții de execuție,1.6466450000000001,1.6466450000000001,1.646645,Gradația 0,0
2026-07-17,IV,IV CVII,32,,,Referent,Referent,,execuție,,,grad I,,SSD,b) Coeficienți de salarizare pentru funcții de execuție,1.5600384800000007,1.5600384800000007,1.56003848,Gradația 0,0
2026-07-17,IV,IV CVII,33,,,Referent,Referent,,execuție,,,grad II,,SSD,b) Coeficienți de salarizare pentru funcții de execuție,1.4734720000000003,1.4734720000000003,1.473472,Gradația 0,0
2026-07-17,IV,IV CVII,34,,,Referent,Referent,,execuție,,,debutant,,SSD,b) Coeficienți de salarizare pentru funcții de execuție,1.4399840000000002,1.4399840000000002,1.439984,Gradația 0,0
2026-07-17,IV,IV CVII,35,,,Arhivist,Arhivist,,execuție,,,grad I A,,SSD,b) Coeficienți de salarizare pentru funcții de execuție,1.6466450000000001,1.6466450000000001,1.646645,Gradația 0,0
2026-07-17,IV,IV CVII,36,,,Arhivist,Arhivist,,execuție,,,grad I,,SSD,b) Coeficienți de salarizare pentru funcții de execuție,1.5600384800000007,1.5600384800000007,1.56003848,Gradația 0,0
2026-07-17,IV,IV CVII,37,,,Arhivist,Arhivist,,execuție,,,grad II,,SSD,b) Coeficienți de salarizare pentru funcții de execuție,1.4734720000000003,1.4734720000000003,1.473472,Gradația 0,0
2026-07-17,IV,IV CVII,38,,,Arhivist,Arhivist,,execuție,,,debutant,,SSD,b) Coeficienți de salarizare pentru funcții de execuție,1.4399840000000002,1.4399840000000002,1.439984,Gradația 0,0
2026-07-17,IV,IV CVII,39,,,Referent,Referent,,execuție,,,treaptă I A,,M,b) Coeficienți de salarizare pentru funcții de execuție,1.5890124250000002,1.5890124250000002,1.589012425,Gradația 0,0
2026-07-17,IV,IV CVII,40,,,Referent,Referent,,execuție,,,treaptă I,,M,b) Coeficienți de salarizare pentru funcții de execuție,1.5054371332000005,1.5054371332000005,1.505437133,Gradația 0,0
2026-07-17,IV,IV CVII,41,,,Referent,Referent,,execuție,,,treaptă II,,M,b) Coeficienți de salarizare pentru funcții de execuție,1.4219004800000004,1.4219004800000004,1.42190048,Gradația 0,0
2026-07-17,IV,IV CVII,42,,,Referent,Referent,,execuție,,,debutant,,M,b) Coeficienți de salarizare pentru funcții de execuție,1.3823846400000002,1.3823846400000002,1.38238464,Gradația 0,0
2026-07-17,V,V CI A+B,9,51.00101001.01.1,51.00101001.01.1,Judecator cu grad de ICCJ,Judecator cu grad de ICCJ,,,,,,Peste 20 ani,,1. Coeficienți de salarizare pentru judecători şi magistraţi asistenţi,5.5,5.5,5.5,Gradația 0,0
2026-07-17,V,V CI A+B,10,51.00101001.01.2,51.00101001.01.2,Judecator cu grad de ICCJ,Judecator cu grad de ICCJ,,,,,,15-20 ani,,1. Coeficienți de salarizare pentru judecători şi magistraţi asistenţi,5.3625,5.3625,5.3625,Gradația 0,0
2026-07-17,V,V CI A+B,11,51.00101002.01.1,51.00101002.01.1,"Judecător cu grad de curte de apel, judecător militar cu grad de curte de apel, procuror cu grad profesional de parchet de pe lângă aceste instanţe","Judecător cu grad de curte de apel, judecător militar cu grad de curte de apel, procuror cu grad profesional de parchet de pe lângă aceste instanţe",,,,,,Peste 20 ani,,1. Coeficienți de salarizare pentru judecători şi magistraţi asistenţi,5.3625,5.3625,5.3625,Gradația 0,0
2026-07-17,V,V CI A+B,12,51.00101002.01.2,51.00101002.01.2,"Judecător cu grad de curte de apel, judecător militar cu grad de curte de apel, procuror cu grad profesional de parchet de pe lângă aceste instanţe","Judecător cu grad de curte de apel, judecător militar cu grad de curte de apel, procuror cu grad profesional de parchet de pe lângă aceste instanţe",,,,,,15-20 ani,,1. Coeficienți de salarizare pentru judecători şi magistraţi asistenţi,5.2284375,5.2284375,5.2284375,Gradația 0,0
2026-07-17,V,V CI A+B,13,51.00101002.01.3,51.00101002.01.3,"Judecător cu grad de curte de apel, judecător militar cu grad de curte de apel, procuror cu grad profesional de parchet de pe lângă aceste instanţe","Judecător cu grad de curte de apel, judecător militar cu grad de curte de apel, procuror cu grad profesional de parchet de pe lângă aceste instanţe",,,,,,10-15 ani,,1. Coeficienți de salarizare pentru judecători şi magistraţi asistenţi,5.0977265625,5.0977265625,5.097726563,Gradația 0,0
2026-07-17,V,V CI A+B,14,51.00101002.01.4,51.00101002.01.4,"Judecător cu grad de curte de apel, judecător militar cu grad de curte de apel, procuror cu grad profesional de parchet de pe lângă aceste instanţe","Judecător cu grad de curte de apel, judecător militar cu grad de curte de apel, procuror cu grad profesional de parchet de pe lângă aceste instanţe",,,,,,6-10 ani,,1. Coeficienți de salarizare pentru judecători şi magistraţi asistenţi,4.9702833984375,4.9702833984375,4.970283398,Gradația 0,0
2026-07-17,V,V CI A+B,15,51.00101003.02.1,51.00101003.02.1,"Judecător cu grad de tribunal, judecător militar la tribunalul militar, procurori cu grad profesional de parchet de pe lângă aceste instanţe","Judecător cu grad de tribunal, judecător militar la tribunalul militar, procurori cu grad profesional de parchet de pe lângă aceste instanţe",,,,,,Peste 20 ani,,1. Coeficienți de salarizare pentru judecători şi magistraţi asistenţi,5.0977265625,5.0977265625,5.097726563,Gradația 0,0
2026-07-17,V,V CI A+B,16,51.00101003.02.2,51.00101003.02.2,"Judecător cu grad de tribunal, judecător militar la tribunalul militar, procurori cu grad profesional de parchet de pe lângă aceste instanţe","Judecător cu grad de tribunal, judecător militar la tribunalul militar, procurori cu grad profesional de parchet de pe lângă aceste instanţe",,,,,,15-20 ani,,1. Coeficienți de salarizare pentru judecători şi magistraţi asistenţi,4.9702833984375,4.9702833984375,4.970283398,Gradația 0,0
2026-07-17,V,V CI A+B,17,51.00101003.02.3,51.00101003.02.3,"Judecător cu grad de tribunal, judecător militar la tribunalul militar, procurori cu grad profesional de parchet de pe lângă aceste instanţe","Judecător cu grad de tribunal, judecător militar la tribunalul militar, procurori cu grad profesional de parchet de pe lângă aceste instanţe",,,,,,10-15 ani,,1. Coeficienți de salarizare pentru judecători şi magistraţi asistenţi,4.846026313476562,4.846026313476562,4.846026313,Gradația 0,0
2026-07-17,V,V CI A+B,18,51.00101003.02.4,51.00101003.02.4,"Judecător cu grad de tribunal, judecător militar la tribunalul militar, procurori cu grad profesional de parchet de pe lângă aceste instanţe","Judecător cu grad de tribunal, judecător militar la tribunalul militar, procurori cu grad profesional de parchet de pe lângă aceste instanţe",,,,,,5-10 ani,,1. Coeficienți de salarizare pentru judecători şi magistraţi asistenţi,4.724875655639648,4.724875655639648,4.724875656,Gradația 0,0
2026-07-17,V,V CI A+B,19,51.00101004.01.1,51.00101004.01.1,"Judecător cu grad de judecătorie, procuror cu grad de parchet de pe lângă judecătorie","Judecător cu grad de judecătorie, procuror cu grad de parchet de pe lângă judecătorie",,,,,,Peste 20 ani,,1. Coeficienți de salarizare pentru judecători şi magistraţi asistenţi,4.4,4.4,4.4,Gradația 0,0
2026-07-17,V,V CI A+B,20,51.00101004.01.2,51.00101004.01.2,"Judecător cu grad de judecătorie, procuror cu grad de parchet de pe lângă judecătorie","Judecător cu grad de judecătorie, procuror cu grad de parchet de pe lângă judecătorie",,,,,,15-20 ani,,1. Coeficienți de salarizare pentru judecători şi magistraţi asistenţi,4.224,4.224,4.224,Gradația 0,0
2026-07-17,V,V CI A+B,21,51.00101004.01.3,51.00101004.01.3,"Judecător cu grad de judecătorie, procuror cu grad de parchet de pe lângă judecătorie","Judecător cu grad de judecătorie, procuror cu grad de parchet de pe lângă judecătorie",,,,,,10-15 ani,,1. Coeficienți de salarizare pentru judecători şi magistraţi asistenţi,4.05504,4.05504,4.05504,Gradația 0,0
2026-07-17,V,V CI A+B,22,51.00101004.01.4,51.00101004.01.4,"Judecător cu grad de judecătorie, procuror cu grad de parchet de pe lângă judecătorie","Judecător cu grad de judecătorie, procuror cu grad de parchet de pe lângă judecătorie",,,,,,5-10 ani,,1. Coeficienți de salarizare pentru judecători şi magistraţi asistenţi,3.8928384,3.8928384,3.8928384,Gradația 0,0
2026-07-17,V,V CI A+B,23,51.00101004.01.5,51.00101004.01.5,"Judecător cu grad de judecătorie, procuror cu grad de parchet de pe lângă judecătorie","Judecător cu grad de judecătorie, procuror cu grad de parchet de pe lângă judecătorie",,,,,,3-5 ani,,1. Coeficienți de salarizare pentru judecători şi magistraţi asistenţi,3.737124864,3.737124864,3.737124864,Gradația 0,0
2026-07-17,V,V CI A+B,24,51.00101004.01.6,51.00101004.01.6,"Judecător cu grad de judecătorie, procuror cu grad de parchet de pe lângă judecătorie","Judecător cu grad de judecătorie, procuror cu grad de parchet de pe lângă judecătorie",,,,,,Baza 0-3 ani,,1. Coeficienți de salarizare pentru judecători şi magistraţi asistenţi,3.58763986944,3.58763986944,3.587639869,Gradația 0,0
2026-07-17,V,V CI A+B,25,51.00101005.01.2,51.00101005.01.2,"Judecător stagiar, procuror stagiar","Judecător stagiar, procuror stagiar",,,,,,3-5 ani,,1. Coeficienți de salarizare pentru judecători şi magistraţi asistenţi,2.870111895552,2.870111895552,2.870111896,Gradația 0,0
2026-07-17,V,V CI A+B,26,51.00101005.01.1,51.00101005.01.1,"Judecător stagiar, procuror stagiar","Judecător stagiar, procuror stagiar",,,,,,Baza 0-3 ani,,1. Coeficienți de salarizare pentru judecători şi magistraţi asistenţi,2.75530741972992,2.75530741972992,2.75530742,Gradația 0,0
2026-07-17,V,V CI A+B,27,51.00101007.01.1,51.00101007.01.1,Auditor de justiţie,Auditor de justiţie,,,,,,anul II,,1. Coeficienți de salarizare pentru judecători şi magistraţi asistenţi,2.4752,2.4752,2.4752,Gradația 0,0
2026-07-17,V,V CI A+B,28,51.00101006.01.1,51.00101006.01.1,Auditor de justiţie,Auditor de justiţie,,,,,,anul I,,1. Coeficienți de salarizare pentru judecători şi magistraţi asistenţi,2.38,2.38,2.38,Gradația 0,0
2026-07-17,V,V CI A+B,30,51.00201001.01.1,51.00201001.01.1,"Procuror cu grad profesional corespunzător PICCJ, procurordin cadrul Direcţiei Naţionale Anticorupţie şi Direcţiei de Investigare a Infracţiunilor de Criminalitate Organizată şi Terorism","Procuror cu grad profesional corespunzător PICCJ, procurordin cadrul Direcţiei Naţionale Anticorupţie şi Direcţiei de Investigare a Infracţiunilor de Criminalitate Organizată şi Terorism",,,,,,Peste 20 ani,,2. Coeficienți de salarizare pentru procurori,5.39,5.39,5.39,Gradația 0,0
2026-07-17,V,V CI A+B,31,51.00201001.01.2,51.00201001.01.2,"Procuror cu grad profesional corespunzător PICCJ, procurordin cadrul Direcţiei Naţionale Anticorupţie şi Direcţiei de Investigare a Infracţiunilor de Criminalitate Organizată şi Terorism","Procuror cu grad profesional corespunzător PICCJ, procurordin cadrul Direcţiei Naţionale Anticorupţie şi Direcţiei de Investigare a Infracţiunilor de Criminalitate Organizată şi Terorism",,,,,,15-20 ani,,2. Coeficienți de salarizare pentru procurori,5.255249999999999,5.255249999999999,5.25525,Gradația 0,0
2026-07-17,V,V CI A+B,32,51.00201001.01.3,51.00201001.01.3,"Procuror cu grad profesional corespunzător PICCJ, procurordin cadrul Direcţiei Naţionale Anticorupţie şi Direcţiei de Investigare a Infracţiunilor de Criminalitate Organizată şi Terorism","Procuror cu grad profesional corespunzător PICCJ, procurordin cadrul Direcţiei Naţionale Anticorupţie şi Direcţiei de Investigare a Infracţiunilor de Criminalitate Organizată şi Terorism",,,,,,10-15 ani,,2. Coeficienți de salarizare pentru procurori,5.150144999999999,5.150144999999999,5.150145,Gradația 0,0
2026-07-17,V,V CI A+B,33,51.00201001.01.4,51.00201001.01.4,"Procuror cu grad profesional corespunzător PICCJ, procurordin cadrul Direcţiei Naţionale Anticorupţie şi Direcţiei de Investigare a Infracţiunilor de Criminalitate Organizată şi Terorism","Procuror cu grad profesional corespunzător PICCJ, procurordin cadrul Direcţiei Naţionale Anticorupţie şi Direcţiei de Investigare a Infracţiunilor de Criminalitate Organizată şi Terorism",,,,,,6-10 ani,,2. Coeficienți de salarizare pentru procurori,5.047142099999999,5.047142099999999,5.0471421,Gradația 0,0
2026-07-17,V,V CI A+B,34,51.00201002.01.1,51.00201002.01.1,Procuror cu grad de curte de apel,Procuror cu grad de curte de apel,,,,,,Peste 20 ani,,2. Coeficienți de salarizare pentru procurori,5.255249999999999,5.255249999999999,5.25525,Gradația 0,0
2026-07-17,V,V CI A+B,35,51.00201002.01.2,51.00201002.01.2,Procuror cu grad de curte de apel,Procuror cu grad de curte de apel,,,,,,15-20 ani,,2. Coeficienți de salarizare pentru procurori,5.12386875,5.12386875,5.12386875,Gradația 0,0
2026-07-17,V,V CI A+B,36,51.00201002.01.3,51.00201002.01.3,Procuror cu grad de curte de apel,Procuror cu grad de curte de apel,,,,,,10-15 ani,,2. Coeficienți de salarizare pentru procurori,4.99577203125,4.99577203125,4.995772031,Gradația 0,0
2026-07-17,V,V CI A+B,37,51.00201002.01.4,51.00201002.01.4,Procuror cu grad de curte de apel,Procuror cu grad de curte de apel,,,,,,6-10 ani,,2. Coeficienți de salarizare pentru procurori,4.87087773046875,4.87087773046875,4.87087773,Gradația 0,0
2026-07-17,V,V CI A+B,38,51.00201003.02.1,51.00201003.02.1,"Procuror cu grad de tribunal, procuror militar la tribunalul militar","Procuror cu grad de tribunal, procuror militar la tribunalul militar",,,,,,Peste 20 ani,,2. Coeficienți de salarizare pentru procurori,4.99577203125,4.99577203125,4.995772031,Gradația 0,0
2026-07-17,V,V CI A+B,39,51.00201003.02.2,51.00201003.02.2,"Procuror cu grad de tribunal, procuror militar la tribunalul militar","Procuror cu grad de tribunal, procuror militar la tribunalul militar",,,,,,15-20 ani,,2. Coeficienți de salarizare pentru procurori,4.87087773046875,4.87087773046875,4.87087773,Gradația 0,0
2026-07-17,V,V CI A+B,40,51.00201003.02.3,51.00201003.02.3,"Procuror cu grad de tribunal, procuror militar la tribunalul militar","Procuror cu grad de tribunal, procuror militar la tribunalul militar",,,,,,10-15 ani,,2. Coeficienți de salarizare pentru procurori,4.749105787207031,4.749105787207031,4.749105787,Gradația 0,0
2026-07-17,V,V CI A+B,41,51.00201003.02.4,51.00201003.02.4,"Procuror cu grad de tribunal, procuror militar la tribunalul militar","Procuror cu grad de tribunal, procuror militar la tribunalul militar",,,,,,5-10 ani,,2. Coeficienți de salarizare pentru procurori,4.6303781425268555,4.6303781425268555,4.630378143,Gradația 0,0
2026-07-17,V,V CI A+B,42,51.00201004.01.1,51.00201004.01.1,Procuror cu grad de judecătorie,Procuror cu grad de judecătorie,,,,,,Peste 20 ani,,2. Coeficienți de salarizare pentru procurori,4.312,4.312,4.312,Gradația 0,0
2026-07-17,V,V CI A+B,43,51.00201004.01.2,51.00201004.01.2,Procuror cu grad de judecătorie,Procuror cu grad de judecătorie,,,,,,15-20 ani,,2. Coeficienți de salarizare pentru procurori,4.13952,4.13952,4.13952,Gradația 0,0
2026-07-17,V,V CI A+B,44,51.00201004.01.3,51.00201004.01.3,Procuror cu grad de judecătorie,Procuror cu grad de judecătorie,,,,,,10-15 ani,,2. Coeficienți de salarizare pentru procurori,3.9739392,3.9739392,3.9739392,Gradația 0,0
2026-07-17,V,V CI A+B,45,51.00201004.01.4,51.00201004.01.4,Procuror cu grad de judecătorie,Procuror cu grad de judecătorie,,,,,,5-10 ani,,2. Coeficienți de salarizare pentru procurori,3.814981632,3.814981632,3.814981632,Gradația 0,0
2026-07-17,V,V CI A+B,46,51.00201004.01.5,51.00201004.01.5,Procuror cu grad de judecătorie,Procuror cu grad de judecătorie,,,,,,3-5 ani,,2. Coeficienți de salarizare pentru procurori,3.66238236672,3.66238236672,3.662382367,Gradația 0,0
2026-07-17,V,V CI A+B,47,51.00201004.01.6,51.00201004.01.6,Procuror cu grad de judecătorie,Procuror cu grad de judecătorie,,,,,,Baza 2-3 ani,,2. Coeficienți de salarizare pentru procurori,3.5158870720512,3.5158870720512,3.515887072,Gradația 0,0
2026-07-17,V,V CI A+B,48,51.00201005.01.2,51.00201005.01.2,Procuror stagiar,Procuror stagiar,,,,,,3-5 ani,,2. Coeficienți de salarizare pentru procurori,2.8127096576409603,2.8127096576409603,2.812709658,Gradația 0,0
2026-07-17,V,V CI A+B,49,51.00201005.01.1,51.00201005.01.1,Procuror stagiar,Procuror stagiar,,,,,,Baza 0-3 ani,,2. Coeficienți de salarizare pentru procurori,2.7002012713353216,2.7002012713353216,2.700201271,Gradația 0,0
2026-07-17,V,V CII,8,52.00101001.05.1,52.00101001.05.1,Prim- grefier; grefier-şef secţie; grefier - şef; grefier-şef cabinet; director departament informatic,Prim- grefier|grefier-şef secţie|grefier - şef|grefier-şef cabinet|director departament informatic,,conducere,,,,,S,a) Funcții de conducere,4,4,4,Grad managerial,0
2026-07-17,V,V CII,9,52.00101002.03.1,52.00101002.03.1,Grefier-şef serviciu;director adjunct departament informatic; grefier arhivar șef,Grefier-şef serviciu|director adjunct departament informatic|grefier arhivar șef,,conducere,,,,,S,a) Funcții de conducere,3.6,3.6,3.6,Grad managerial,0
2026-07-17,V,V CII,10,52.00101005.05.1,52.00101005.05.1,Prim-grefier; grefier-şef secţie; grefier - şef; grefier arhivar șef,Prim-grefier|grefier-şef secţie|grefier - şef|grefier arhivar șef,,conducere,,,,,M,a) Funcții de conducere,3.5,3.5,3.5,Grad managerial,0
2026-07-17,V,V CII,11,52.00101006.01.1,52.00101006.01.1,Grefier-şef serviciu; grefier şef cabinet,Grefier-şef serviciu|grefier şef cabinet,,conducere,,,,,M,a) Funcții de conducere,3.204,3.204,3.204,Grad managerial,0
2026-07-17,V,V CII,13,52.00101007.07.1,52.00101007.07.1,Grefier; grefier-statistician; grefier-documentarist; grefier arhivar; grefier registrator; specialist criminalist - gradul I,Grefier|grefier-statistician|grefier-documentarist|grefier arhivar|grefier registrator|specialist criminalist - gradul I,,execuție,,,,Peste 20 ani,S,b) Funcții de execuție,2.52,2.52,2.52,gradația 0,0
2026-07-17,V,V CII,14,52.00101007.07.2,52.00101007.07.2,Grefier; grefier-statistician; grefier-documentarist; grefier arhivar; grefier registrator; specialist criminalist - gradul I,Grefier|grefier-statistician|grefier-documentarist|grefier arhivar|grefier registrator|specialist criminalist - gradul I,,execuție,,,,15-20 ani,S,b) Funcții de execuție,2.3939999999999997,2.3939999999999997,2.394,gradația 0,0
2026-07-17,V,V CII,15,52.00101007.07.3,52.00101007.07.3,Grefier; grefier-statistician; grefier-documentarist; grefier arhivar; grefier registrator; specialist criminalist - gradul I,Grefier|grefier-statistician|grefier-documentarist|grefier arhivar|grefier registrator|specialist criminalist - gradul I,,execuție,,,,10-15 ani,S,b) Funcții de execuție,2.2742999999999998,2.2742999999999998,2.2743,gradația 0,0
2026-07-17,V,V CII,16,52.00101007.07.4,52.00101007.07.4,Grefier; grefier-statistician; grefier-documentarist; grefier arhivar; grefier registrator; specialist criminalist - gradul I,Grefier|grefier-statistician|grefier-documentarist|grefier arhivar|grefier registrator|specialist criminalist - gradul I,,execuție,,,,5-10 ani,S,b) Funcții de execuție,2.1605849999999998,2.1605849999999998,2.160585,gradația 0,0
2026-07-17,V,V CII,17,52.00101007.07.5,52.00101007.07.5,Grefier; grefier-statistician; grefier-documentarist; grefier arhivar; grefier registrator; specialist criminalist - gradul I,Grefier|grefier-statistician|grefier-documentarist|grefier arhivar|grefier registrator|specialist criminalist - gradul I,,execuție,,,,1-5 ani,S,b) Funcții de execuție,2.05255575,2.05255575,2.05255575,gradația 0,0
2026-07-17,V,V CII,18,52.00101008.07.1,52.00101008.07.1,Grefier; grefier-statistician; grefier-documentarist; grefier arhivar; grefier registrator; specialist criminalist - gradul II,Grefier|grefier-statistician|grefier-documentarist|grefier arhivar|grefier registrator|specialist criminalist - gradul II,,execuție,,,,Peste 20 ani,S,b) Funcții de execuție,2.3939999999999997,2.3939999999999997,2.394,gradația 0,0
2026-07-17,V,V CII,19,52.00101008.07.2,52.00101008.07.2,Grefier; grefier-statistician; grefier-documentarist; grefier arhivar; grefier registrator; specialist criminalist - gradul II,Grefier|grefier-statistician|grefier-documentarist|grefier arhivar|grefier registrator|specialist criminalist - gradul II,,execuție,,,,15-20 ani,S,b) Funcții de execuție,2.2742999999999998,2.2742999999999998,2.2743,gradația 0,0
2026-07-17,V,V CII,20,52.00101008.07.3,52.00101008.07.3,Grefier; grefier-statistician; grefier-documentarist; grefier arhivar; grefier registrator; specialist criminalist - gradul II,Grefier|grefier-statistician|grefier-documentarist|grefier arhivar|grefier registrator|specialist criminalist - gradul II,,execuție,,,,10-15 ani,S,b) Funcții de execuție,2.1605849999999998,2.1605849999999998,2.160585,gradația 0,0
2026-07-17,V,V CII,21,52.00101008.07.4,52.00101008.07.4,Grefier; grefier-statistician; grefier-documentarist; grefier arhivar; grefier registrator; specialist criminalist - gradul II,Grefier|grefier-statistician|grefier-documentarist|grefier arhivar|grefier registrator|specialist criminalist - gradul II,,execuție,,,,5-10 ani,S,b) Funcții de execuție,2.05255575,2.05255575,2.05255575,gradația 0,0
2026-07-17,V,V CII,22,52.00101008.07.5,52.00101008.07.5,Grefier; grefier-statistician; grefier-documentarist; grefier arhivar; grefier registrator; specialist criminalist - gradul II,Grefier|grefier-statistician|grefier-documentarist|grefier arhivar|grefier registrator|specialist criminalist - gradul II,,execuție,,,,1-5 ani,S,b) Funcții de execuție,1.9499279624999997,1.9499279624999997,1.949927962,gradația 0,0
2026-07-17,V,V CII,23,52.00101009.07.1,52.00101009.07.1,Grefier; grefier-statistician; grefier-documentarist; grefier arhivar; grefier registrator; specialist criminalist -debutant,Grefier|grefier-statistician|grefier-documentarist|grefier arhivar|grefier registrator|specialist criminalist -debutant,,execuție,,,,0-1 ani,S,b) Funcții de execuție,2.2742999999999998,2.2742999999999998,2.2743,gradația 0,0
2026-07-17,V,V CII,24,52.00101010.05.1,52.00101010.05.1,"Grefier; grefier-statistician; grefier-documentarist; grefier arhivar; grefier registrator, treaptă I","Grefier|grefier-statistician|grefier-documentarist|grefier arhivar|grefier registrator, treaptă I",,execuție,,,,Peste 20 ani,M,b) Funcții de execuție,2.2742999999999998,2.2742999999999998,2.2743,gradația 0,0
2026-07-17,V,V CII,25,52.00101010.05.2,52.00101010.05.2,"Grefier; grefier-statistician; grefier-documentarist; grefier arhivar; grefier registrator, treaptă I","Grefier|grefier-statistician|grefier-documentarist|grefier arhivar|grefier registrator, treaptă I",,execuție,,,,15-20 ani,M,b) Funcții de execuție,2.1605849999999998,2.1605849999999998,2.160585,gradația 0,0
2026-07-17,V,V CII,26,52.00101010.05.3,52.00101010.05.3,"Grefier; grefier-statistician; grefier-documentarist; grefier arhivar; grefier registrator, treaptă I","Grefier|grefier-statistician|grefier-documentarist|grefier arhivar|grefier registrator, treaptă I",,execuție,,,,10-15 ani,M,b) Funcții de execuție,2.05255575,2.05255575,2.05255575,gradația 0,0
2026-07-17,V,V CII,27,52.00101010.05.4,52.00101010.05.4,"Grefier; grefier-statistician; grefier-documentarist; grefier arhivar; grefier registrator, treaptă I","Grefier|grefier-statistician|grefier-documentarist|grefier arhivar|grefier registrator, treaptă I",,execuție,,,,5-10 ani,M,b) Funcții de execuție,1.9499279624999997,1.9499279624999997,1.949927962,gradația 0,0
2026-07-17,V,V CII,28,52.00101010.05.5,52.00101010.05.5,"Grefier; grefier-statistician; grefier-documentarist; grefier arhivar; grefier registrator, treaptă I","Grefier|grefier-statistician|grefier-documentarist|grefier arhivar|grefier registrator, treaptă I",,execuție,,,,Baza 1-5 ani,M,b) Funcții de execuție,1.8524315643749996,1.8524315643749996,1.852431564,gradația 0,0
2026-07-17,V,V CII,29,52.00101011.05.1,52.00101011.05.1,"Grefier, grefier-statistician, grefier-documentarist, grefier arhivar, grefier registrator, treaptă II","Grefier, grefier-statistician, grefier-documentarist, grefier arhivar, grefier registrator, treaptă II",,execuție,,,,Peste 20 ani,M,b) Funcții de execuție,2.1605849999999998,2.1605849999999998,2.160585,gradația 0,0
2026-07-17,V,V CII,30,52.00101011.05.2,52.00101011.05.2,"Grefier, grefier-statistician, grefier-documentarist, grefier arhivar, grefier registrator, treaptă II","Grefier, grefier-statistician, grefier-documentarist, grefier arhivar, grefier registrator, treaptă II",,execuție,,,,15-20 ani,M,b) Funcții de execuție,2.05255575,2.05255575,2.05255575,gradația 0,0
2026-07-17,V,V CII,31,52.00101011.05.3,52.00101011.05.3,"Grefier, grefier-statistician, grefier-documentarist, grefier arhivar, grefier registrator, treaptă II","Grefier, grefier-statistician, grefier-documentarist, grefier arhivar, grefier registrator, treaptă II",,execuție,,,,10-15 ani,M,b) Funcții de execuție,1.9499279624999997,1.9499279624999997,1.949927962,gradația 0,0
2026-07-17,V,V CII,32,52.00101011.05.4,52.00101011.05.4,"Grefier, grefier-statistician, grefier-documentarist, grefier arhivar, grefier registrator, treaptă II","Grefier, grefier-statistician, grefier-documentarist, grefier arhivar, grefier registrator, treaptă II",,execuție,,,,5-10 ani,M,b) Funcții de execuție,1.8524315643749996,1.8524315643749996,1.852431564,gradația 0,0
2026-07-17,V,V CII,33,52.00101011.05.5,52.00101011.05.5,"Grefier, grefier-statistician, grefier-documentarist, grefier arhivar, grefier registrator, treaptă II","Grefier, grefier-statistician, grefier-documentarist, grefier arhivar, grefier registrator, treaptă II",,execuție,,,,Baza 1-5 ani,M,b) Funcții de execuție,1.7598099861562495,1.7598099861562495,1.759809986,gradația 0,0
2026-07-17,V,V CII,34,52.00101012.05.1,52.00101012.05.1,"Grefier, grefier-statistician, grefier-documentarist, grefier arhivar, grefier registrator, debutant","Grefier, grefier-statistician, grefier-documentarist, grefier arhivar, grefier registrator, debutant",,execuție,,,,0-1 ani,M,b) Funcții de execuție,1.7598099861562495,1.7598099861562495,1.759809986,gradația 0,0
2026-07-17,V,V CII,35,52.00101013.01.1,52.00101013.01.1,Tehnician criminalist din cadrul parchetelor,Tehnician criminalist din cadrul parchetelor,,execuție,,,,Peste 20 ani,M,b) Funcții de execuție,2.2742999999999998,2.2742999999999998,2.2743,gradația 0,0
2026-07-17,V,V CII,36,52.00101013.01.2,52.00101013.01.2,Tehnician criminalist din cadrul parchetelor,Tehnician criminalist din cadrul parchetelor,,execuție,,,,15-20 ani,M,b) Funcții de execuție,2.1605849999999998,2.1605849999999998,2.160585,gradația 0,0
2026-07-17,V,V CII,37,52.00101013.01.3,52.00101013.01.3,Tehnician criminalist din cadrul parchetelor,Tehnician criminalist din cadrul parchetelor,,execuție,,,,10-15 ani,M,b) Funcții de execuție,2.05255575,2.05255575,2.05255575,gradația 0,0
2026-07-17,V,V CII,38,52.00101013.01.4,52.00101013.01.4,Tehnician criminalist din cadrul parchetelor,Tehnician criminalist din cadrul parchetelor,,execuție,,,,5-10 ani,M,b) Funcții de execuție,1.9499279624999997,1.9499279624999997,1.949927962,gradația 0,0
2026-07-17,V,V CII,39,52.00101013.01.5,52.00101013.01.5,Tehnician criminalist din cadrul parchetelor,Tehnician criminalist din cadrul parchetelor,,execuție,,,,1-5 ani,M,b) Funcții de execuție,1.8524315643749996,1.8524315643749996,1.852431564,gradația 0,0
2026-07-17,V,V CII,40,52.00101014.01.1,52.00101014.01.1,Tehnician criminalist debutant,Tehnician criminalist debutant,,execuție,,,,0-1 ani,M,b) Funcții de execuție,1.7598099861562495,1.7598099861562495,1.759809986,gradația 0,0
2026-07-17,V,V CII,41,,,Asistentul judecatorului,Asistentul judecatorului,,execuție,,,,,S,b) Funcții de execuție,2.870111895552,2.870111895552,2.870111896,gradația 0,0
2026-07-17,V,V CIII,8,53.00101001.02.1,53.00101001.02.1,Agent procedural; şofer,Agent procedural|şofer,,,,,,Peste 20 ani,M,,1.425446088786562,1.425446088786562,1.425446089,,0
2026-07-17,V,V CIII,9,53.00101001.02.2,53.00101001.02.2,Agent procedural; şofer,Agent procedural|şofer,,,,,,15-20 ani,M,,1.354173784347234,1.354173784347234,1.354173784,,0
2026-07-17,V,V CIII,10,53.00101001.02.3,53.00101001.02.3,Agent procedural; şofer,Agent procedural|şofer,,,,,,10-15 ani,M,,1.2864650951298722,1.2864650951298722,1.286465095,,0
2026-07-17,V,V CIII,11,53.00101001.02.4,53.00101001.02.4,Agent procedural; şofer,Agent procedural|şofer,,,,,,5-10 ani,M,,1.2221418403733786,1.2221418403733786,1.22214184,,0
2026-07-17,V,V CIII,12,53.00101001.02.5,53.00101001.02.5,Agent procedural; şofer,Agent procedural|şofer,,,,,,Baza 0-5 ani,M,,1.1610347483547097,1.1610347483547097,1.161034748,,0
2026-07-17,V,V CIII,13,53.00101002.01.1,53.00101002.01.1,Aprod,Aprod,,,,,,peste 20 ani,M,,1.354173784347234,1.354173784347234,1.354173784,,0
2026-07-17,V,V CIII,14,53.00101002.01.2,53.00101002.01.2,Aprod,Aprod,,,,,,15-20 ani,M,,1.2864650951298722,1.2864650951298722,1.286465095,,0
2026-07-17,V,V CIII,15,53.00101002.01.3,53.00101002.01.3,Aprod,Aprod,,,,,,10-15 ani,M,,1.2221418403733786,1.2221418403733786,1.22214184,,0
2026-07-17,V,V CIII,16,53.00101002.01.4,53.00101002.01.4,Aprod,Aprod,,,,,,5-10 ani,M,,1.1610347483547097,1.1610347483547097,1.161034748,,0
2026-07-17,V,V CIII,17,53.00101002.01.5,53.00101002.01.5,Aprod,Aprod,,,,,,Baza 0-5 ani,M,,1.102983010936974,1.102983010936974,1.102983011,,0
2026-07-17,V,V CV,8,55.00101001.01.1,55.00101001.01.1,Director,Director,,conducere,,,,,S,a) Funcții de conducere,5.191888913458792,5.191888913458792,5.191888913,Grad managerial,0
2026-07-17,V,V CV,9,55.00101002.01.1,55.00101002.01.1,Director adjunct,Director adjunct,,conducere,,,,,S,a) Funcții de conducere,4.719899012235265,4.719899012235265,4.719899012,Grad managerial,0
2026-07-17,V,V CV,10,55.00101003.02.1,55.00101003.02.1,"Şef laborator interjudeţean expertize criminalistice, şef sector","Şef laborator interjudeţean expertize criminalistice, şef sector",,conducere,,,,,S,a) Funcții de conducere,4.290817283850241,4.290817283850241,4.290817284,Grad managerial,0
2026-07-17,V,V CV,12,55.00101004.01.1,55.00101004.01.1,Expert criminalist gradul I,Expert criminalist gradul I,,execuție,,,,Peste 20 ani,S,b) Funcții de executie,3.3006286798848,3.3006286798848,3.30062868,Gradația 0,0
2026-07-17,V,V CV,13,55.00101004.01.2,55.00101004.01.2,Expert criminalist gradul I,Expert criminalist gradul I,,execuție,,,,15-20 ani,S,b) Funcții de executie,3.13559724589056,3.13559724589056,3.135597246,Gradația 0,0
2026-07-17,V,V CV,14,55.00101004.01.3,55.00101004.01.3,Expert criminalist gradul I,Expert criminalist gradul I,,execuție,,,,10-15 ani,S,b) Funcții de executie,2.978817383596032,2.978817383596032,2.978817384,Gradația 0,0
2026-07-17,V,V CV,15,55.00101004.01.4,55.00101004.01.4,Expert criminalist gradul I,Expert criminalist gradul I,,execuție,,,,5-10 ani,S,b) Funcții de executie,2.8298765144162306,2.8298765144162306,2.829876514,Gradația 0,0
2026-07-17,V,V CV,16,55.00101004.01.5,55.00101004.01.5,Expert criminalist gradul I,Expert criminalist gradul I,,execuție,,,,Baza 1-5 ani,S,b) Funcții de executie,2.6883826886954187,2.6883826886954187,2.688382689,Gradația 0,0
2026-07-17,V,V CV,17,55.00101005.01.1,55.00101005.01.1,Expert criminalist gradul II,Expert criminalist gradul II,,execuție,,,,Peste 20 ani,S,b) Funcții de executie,2.97056581189632,2.97056581189632,2.970565812,Gradația 0,0
2026-07-17,V,V CV,18,55.00101005.01.2,55.00101005.01.2,Expert criminalist gradul II,Expert criminalist gradul II,,execuție,,,,15-20 ani,S,b) Funcții de executie,2.822037521301504,2.822037521301504,2.822037521,Gradația 0,0
2026-07-17,V,V CV,19,55.00101005.01.3,55.00101005.01.3,Expert criminalist gradul II,Expert criminalist gradul II,,execuție,,,,10-15 ani,S,b) Funcții de executie,2.6809356452364286,2.6809356452364286,2.680935645,Gradația 0,0
2026-07-17,V,V CV,20,55.00101005.01.4,55.00101005.01.4,Expert criminalist gradul II,Expert criminalist gradul II,,execuție,,,,5-10 ani,S,b) Funcții de executie,2.546888862974607,2.546888862974607,2.546888863,Gradația 0,0
2026-07-17,V,V CV,21,55.00101005.01.5,55.00101005.01.5,Expert criminalist gradul II,Expert criminalist gradul II,,execuție,,,,Baza 1-5 ani,S,b) Funcții de executie,2.4195444198258764,2.4195444198258764,2.41954442,Gradația 0,0
2026-07-17,V,V CV,22,55.00101006.01.1,55.00101006.01.1,Expert criminalist gradul III,Expert criminalist gradul III,,execuție,,,,Peste 20 ani,S,b) Funcții de executie,2.6140979144687617,2.6140979144687617,2.614097914,Gradația 0,0
2026-07-17,V,V CV,23,55.00101006.01.2,55.00101006.01.2,Expert criminalist gradul III,Expert criminalist gradul III,,execuție,,,,15-20 ani,S,b) Funcții de executie,2.4833930187453235,2.4833930187453235,2.483393019,Gradația 0,0
2026-07-17,V,V CV,24,55.00101006.01.3,55.00101006.01.3,Expert criminalist gradul III,Expert criminalist gradul III,,execuție,,,,10-15 ani,S,b) Funcții de executie,2.3592233678080574,2.3592233678080574,2.359223368,Gradația 0,0
2026-07-17,V,V CV,25,55.00101006.01.4,55.00101006.01.4,Expert criminalist gradul III,Expert criminalist gradul III,,execuție,,,,5-10 ani,S,b) Funcții de executie,2.2412621994176543,2.2412621994176543,2.241262199,Gradația 0,0
2026-07-17,V,V CV,26,55.00101006.01.5,55.00101006.01.5,Expert criminalist gradul III,Expert criminalist gradul III,,execuție,,,,Baza 1-5 ani,S,b) Funcții de executie,2.1291990894467716,2.1291990894467716,2.129199089,Gradația 0,0
2026-07-17,V,V CV,27,55.00101007.01.1,55.00101007.01.1,Expert criminalist gradul IV,Expert criminalist gradul IV,,execuție,,,,Peste 20 ani,S,b) Funcții de executie,2.3004061647325105,2.3004061647325105,2.300406165,Gradația 0,0
2026-07-17,V,V CV,28,55.00101007.01.2,55.00101007.01.2,Expert criminalist gradul IV,Expert criminalist gradul IV,,execuție,,,,15-20 ani,S,b) Funcții de executie,2.185385856495885,2.185385856495885,2.185385856,Gradația 0,0
2026-07-17,V,V CV,29,55.00101007.01.3,55.00101007.01.3,Expert criminalist gradul IV,Expert criminalist gradul IV,,execuție,,,,10-15 ani,S,b) Funcții de executie,2.0761165636710905,2.0761165636710905,2.076116564,Gradația 0,0
2026-07-17,V,V CV,30,55.00101007.01.4,55.00101007.01.4,Expert criminalist gradul IV,Expert criminalist gradul IV,,execuție,,,,5-10 ani,S,b) Funcții de executie,1.972310735487536,1.972310735487536,1.972310735,Gradația 0,0
2026-07-17,V,V CV,31,55.00101007.01.5,55.00101007.01.5,Expert criminalist gradul IV,Expert criminalist gradul IV,,execuție,,,,Baza 1-5 ani,S,b) Funcții de executie,1.8736951987131591,1.8736951987131591,1.873695199,Gradația 0,0
2026-07-17,V,V CV,32,55.00101008.01.1,55.00101008.01.1,Asistent criminalist,Asistent criminalist,,execuție,,,,Baza 0-1 ani,S,b) Funcții de executie,1.8643267227195934,1.8643267227195934,1.864326723,Gradația 0,0
2026-07-17,V,V CV,33,55.00101009.01.1,55.00101009.01.1,Tehnician criminalist,Tehnician criminalist,,execuție,,,,Peste 20 ani,M,b) Funcții de executie,1.8685049073039814,1.8685049073039814,1.868504907,Gradația 0,0
2026-07-17,V,V CV,34,55.00101009.01.2,55.00101009.01.2,Tehnician criminalist,Tehnician criminalist,,execuție,,,,15-20 ani,M,b) Funcții de executie,1.7750796619387823,1.7750796619387823,1.775079662,Gradația 0,0
2026-07-17,V,V CV,35,55.00101009.01.3,55.00101009.01.3,Tehnician criminalist,Tehnician criminalist,,execuție,,,,10-15 ani,M,b) Funcții de executie,1.686325678841843,1.686325678841843,1.686325679,Gradația 0,0
2026-07-17,V,V CV,36,55.00101009.01.4,55.00101009.01.4,Tehnician criminalist,Tehnician criminalist,,execuție,,,,5-10 ani,M,b) Funcții de executie,1.602009394899751,1.602009394899751,1.602009395,Gradația 0,0
2026-07-17,V,V CV,37,55.00101009.01.5,55.00101009.01.5,Tehnician criminalist,Tehnician criminalist,,execuție,,,,Baza 1-5 ani,M,b) Funcții de executie,1.5219089251547633,1.5219089251547633,1.521908925,Gradația 0,0
2026-07-17,V,V CV,38,55.00101010.01.1,55.00101010.01.1,Tehnician criminalist debutant,Tehnician criminalist debutant,,execuție,,,,Baza 0-1 ani,M,b) Funcții de executie,1.5142993805289895,1.5142993805289895,1.514299381,Gradația 0,0
2026-07-17,V,V CV,39,55.00101011.01.1,55.00101011.01.1,Secretar – dactilograf laborator expertize criminalistice,Secretar – dactilograf laborator expertize criminalistice,,execuție,,,,Peste 20 ani,M,b) Funcții de executie,1.3443982140848056,1.3443982140848056,1.344398214,Gradația 0,0
2026-07-17,V,V CV,40,55.00101011.01.2,55.00101011.01.2,Secretar – dactilograf laborator expertize criminalistice,Secretar – dactilograf laborator expertize criminalistice,,execuție,,,,15-20 ani,M,b) Funcții de executie,1.2771783033805653,1.2771783033805653,1.277178303,Gradația 0,0
2026-07-17,V,V CV,41,55.00101011.01.3,55.00101011.01.3,Secretar – dactilograf laborator expertize criminalistice,Secretar – dactilograf laborator expertize criminalistice,,execuție,,,,10-15 ani,M,b) Funcții de executie,1.213319388211537,1.213319388211537,1.213319388,Gradația 0,0
2026-07-17,V,V CV,42,55.00101011.01.4,55.00101011.01.4,Secretar – dactilograf laborator expertize criminalistice,Secretar – dactilograf laborator expertize criminalistice,,execuție,,,,5-10 ani,M,b) Funcții de executie,1.15265341880096,1.15265341880096,1.152653419,Gradația 0,0
2026-07-17,V,V CV,43,55.00101011.01.5,55.00101011.01.5,Secretar – dactilograf laborator expertize criminalistice,Secretar – dactilograf laborator expertize criminalistice,,execuție,,,,Baza 1-5 ani,M,b) Funcții de executie,1.095020747860912,1.095020747860912,1.095020748,Gradația 0,0
2026-07-17,V,V CV,44,55.00101012.01.1,55.00101012.01.1,Secretar – dactilograf laborator expertize criminalistice debutant,Secretar – dactilograf laborator expertize criminalistice debutant,,execuție,,,,Baza 0-1 ani,M,b) Funcții de executie,1.0895456441216074,1.0895456441216074,1.089545644,Gradația 0,0
2026-07-17,V,V CIV,9,54.00101001.01.1,54.00101001.01.1,Profesor gradul I,Profesor gradul I,,,,,,Peste 20 ani,S,,4,4,4,,0
2026-07-17,V,V CIV,10,54.00101001.01.2,54.00101001.01.2,Profesor gradul I,Profesor gradul I,,,,,,15-20 ani,S,,3.52,3.52,3.52,,0
2026-07-17,V,V CIV,11,54.00101001.01.3,54.00101001.01.3,Profesor gradul I,Profesor gradul I,,,,,,10-15 ani,S,,3.0624,3.0624,3.0624,,0
2026-07-17,V,V CIV,12,54.00101001.01.4,54.00101001.01.4,Profesor gradul I,Profesor gradul I,,,,,,5-10 ani,S,,2.694912,2.694912,2.694912,,0
2026-07-17,V,V CIV,13,54.00101001.01.5,54.00101001.01.5,Profesor gradul I,Profesor gradul I,,,,,,Baza 0-5 ani,S,,2.45,2.45,2.45,,0
2026-07-17,V,V CIV,14,54.00101002.01.1,54.00101002.01.1,Profesor gradul II,Profesor gradul II,,,,,,Peste 20 ani,S,,3.12,3.12,3.12,,0
2026-07-17,V,V CIV,15,54.00101002.01.2,54.00101002.01.2,Profesor gradul II,Profesor gradul II,,,,,,15-20 ani,S,,2.75,2.75,2.75,,0
2026-07-17,V,V CIV,16,54.00101002.01.3,54.00101002.01.3,Profesor gradul II,Profesor gradul II,,,,,,10-15 ani,S,,2.45,2.45,2.45,,0
2026-07-17,V,V CIV,17,54.00101002.01.4,54.00101002.01.4,Profesor gradul II,Profesor gradul II,,,,,,5-10 ani,S,,2.25,2.25,2.25,,0
2026-07-17,V,V CIV,18,54.00101002.01.5,54.00101002.01.5,Profesor gradul II,Profesor gradul II,,,,,,Baza 0-5 ani,S,,2.18,2.18,2.18,,0
2026-07-17,V,V CIV,19,54.00101003.01.1,54.00101003.01.1,Expert gradul I,Expert gradul I,,,,,,Peste 20 ani,S,,2.52,2.52,2.52,,0
2026-07-17,V,V CIV,20,54.00101003.01.2,54.00101003.01.2,Expert gradul I,Expert gradul I,,,,,,15-20 ani,S,,2.3939999999999997,2.3939999999999997,2.394,,0
2026-07-17,V,V CIV,21,54.00101003.01.3,54.00101003.01.3,Expert gradul I,Expert gradul I,,,,,,10-15 ani,S,,2.2742999999999998,2.2742999999999998,2.2743,,0
2026-07-17,V,V CIV,22,54.00101003.01.4,54.00101003.01.4,Expert gradul I,Expert gradul I,,,,,,5-10 ani,S,,2.1605849999999998,2.1605849999999998,2.160585,,0
2026-07-17,V,V CIV,23,54.00101003.01.5,54.00101003.01.5,Expert gradul I,Expert gradul I,,,,,,Baza 0-5 ani,S,,2.05255575,2.05255575,2.05255575,,0
2026-07-17,V,V CIV,24,54.00101004.01.1,54.00101004.01.1,Secretar gradul I,Secretar gradul I,,,,,,Peste 20 ani,S,,2.3939999999999997,2.3939999999999997,2.394,,0
2026-07-17,V,V CIV,25,54.00101004.01.2,54.00101004.01.2,Secretar gradul I,Secretar gradul I,,,,,,15-20 ani,S,,2.2742999999999998,2.2742999999999998,2.2743,,0
2026-07-17,V,V CIV,26,54.00101004.01.3,54.00101004.01.3,Secretar gradul I,Secretar gradul I,,,,,,10-15 ani,S,,2.1605849999999998,2.1605849999999998,2.160585,,0
2026-07-17,V,V CIV,27,54.00101004.01.4,54.00101004.01.4,Secretar gradul I,Secretar gradul I,,,,,,5-10 ani,S,,2.05255575,2.05255575,2.05255575,,0
2026-07-17,V,V CIV,28,54.00101004.01.5,54.00101004.01.5,Secretar gradul I,Secretar gradul I,,,,,,Baza 0-5 ani,S,,1.9499279624999997,1.9499279624999997,1.949927962,,0
2026-07-17,V,V CVInef,8,56.00101001.01.2,56.00101001.01.2,Director general ONRC,Director general ONRC,,conducere,,,,,S,a) Funcții de conducere,4.7025,4.7025,4.7025,Grad managerial,0
2026-07-17,V,V CVInef,9,56.00101002.01.2,56.00101002.01.2,Director general adjunct ONRC,Director general adjunct ONRC,,conducere,,,,,S,a) Funcții de conducere,4.23225,4.23225,4.23225,Grad managerial,0
2026-07-17,V,V CVInef,10,56.00101003.01.2,56.00101003.01.2,Director ONRC/ORCT,Director ONRC|ORCT,,conducere,,,,,S,a) Funcții de conducere,4.202249999999999,4.202249999999999,4.20225,Grad managerial,0
2026-07-17,V,V CVInef,11,56.00101004.01.2,56.00101004.01.2,Director adjunct ORCT,Director adjunct ORCT,,conducere,,,,,S,a) Funcții de conducere,3.8569999999999993,3.8569999999999993,3.857,Grad managerial,0
2026-07-17,V,V CVInef,12,56.00101005.01.2,56.00101005.01.2,Șef serviciu ONRC/ORCT,Șef serviciu ONRC|ORCT,,conducere,,,,,S,a) Funcții de conducere,3.7192499999999993,3.7192499999999993,3.71925,Grad managerial,0
2026-07-17,V,V CVInef,14,,,Registrator de registru comerțului,Registrator de registru comerțului,,execuție,,,IA,peste 7 ani,S,b) Funcții de execuție,2.94518,2.94518,2.94518,Gradația 0,0
2026-07-17,V,V CVInef,15,,,Registrator de registru comerțului,Registrator de registru comerțului,,execuție,,,I,5-7 ani,S,b) Funcții de execuție,2.5540234720000003,2.5540234720000003,2.554023472,Gradația 0,0
2026-07-17,V,V CVInef,16,56.00201001.02.1,56.00201001.02.1,Consilier juridic specialist; Specialist IT; Inspector de control; Auditor intern specialist,Consilier juridic specialist|Specialist IT|Inspector de control|Auditor intern specialist,,execuție,,,IA,peste 7 ani,S,b) Funcții de execuție,2.702,2.702,2.702,Gradația 0,0
2026-07-17,V,V CVInef,17,56.00201002.02.1,56.00201002.02.1,Consilier juridic specialist; Specialist IT; Inspector de control; Auditor intern specialist,Consilier juridic specialist|Specialist IT|Inspector de control|Auditor intern specialist,,execuție,,,I,4-7 ani (pentru registrator de registrul comerțului 5-7 ani),S,b) Funcții de execuție,2.3431408,2.3431408,2.3431408,Gradația 0,0
2026-07-17,V,V CVInef,18,56.00201003.02.1,56.00201003.02.1,Consilier juridic specialist; Specialist IT; Inspector de control; Auditor intern specialist,Consilier juridic specialist|Specialist IT|Inspector de control|Auditor intern specialist,,execuție,,,II,1-4 ani,S,b) Funcții de execuție,2.130128,2.130128,2.130128,Gradația 0,0
2026-07-17,V,V CVInef,19,56.00201004.02.1,56.00201004.02.1,Consilier juridic specialist; Specialist IT; Inspector de control; Auditor intern specialist,Consilier juridic specialist|Specialist IT|Inspector de control|Auditor intern specialist,,execuție,,,Debutant,0-1 ani,S,b) Funcții de execuție,1.93648,1.93648,1.93648,Gradația 0,0
2026-07-17,V,V CVInef,20,56.00201009.01.1,56.00201009.01.1,Inspector specialist; Expert specialist; Referent specialist,Inspector specialist|Expert specialist|Referent specialist,,execuție,,,IA,peste 7 ani,S,b) Funcții de execuție,2.2015,2.2015,2.2015,Gradația 0,0
2026-07-17,V,V CVInef,21,56.00201010.01.1,56.00201010.01.1,Inspector specialist; Expert specialist; Referent specialist,Inspector specialist|Expert specialist|Referent specialist,,execuție,,,I,4-7 ani,S,b) Funcții de execuție,2.126575,2.126575,2.126575,Gradația 0,0
2026-07-17,V,V CVInef,22,56.00201011.01.1,56.00201011.01.1,Inspector specialist; Expert specialist; Referent specialist,Inspector specialist|Expert specialist|Referent specialist,,execuție,,,II,1-4 ani,S,b) Funcții de execuție,2.04236263,2.04236263,2.04236263,Gradația 0,0
2026-07-17,V,V CVInef,23,56.00201012.01.1,56.00201012.01.1,Inspector specialist; Expert specialist; Referent specialist,Inspector specialist|Expert specialist|Referent specialist,,execuție,,,Debutant,0-1 ani,S,b) Funcții de execuție,1.8461340558641437,1.8461340558641437,1.846134056,Gradația 0,0
2026-07-17,V,V CVInef,24,56.00201013.02.1,56.00201013.02.1,Referent/ Informatician,Referent|Informatician,,execuție,,,IA,peste 7 ani,SSD,b) Funcții de execuție,1.98135,1.98135,1.98135,Gradația 0,0
2026-07-17,V,V CVInef,25,56.00201014.02.1,56.00201014.02.1,Referent/ Informatician,Referent|Informatician,,execuție,,,I,4-7 ani,SSD,b) Funcții de execuție,1.9139175,1.9139175,1.9139175,Gradația 0,0
2026-07-17,V,V CVInef,26,56.00201015.02.1,56.00201015.02.1,Referent/ Informatician,Referent|Informatician,,execuție,,,II,1-4 ani,SSD,b) Funcții de execuție,1.838126367,1.838126367,1.838126367,Gradația 0,0
2026-07-17,V,V CVInef,27,56.00201016.02.1,56.00201016.02.1,Referent/ Informatician,Referent|Informatician,,execuție,,,Debutant,0-1 ani,SSD,b) Funcții de execuție,1.6615206502777293,1.6615206502777293,1.66152065,Gradația 0,0
2026-07-17,V,V CVInef,28,56.00201017.01.1,56.00201017.01.1,Referent asistent,Referent asistent,,execuție,,,IA,peste 7 ani,M,b) Funcții de execuție,1.635824575,1.635824575,1.635824575,Gradația 0,0
2026-07-17,V,V CVInef,29,56.00201018.01.1,56.00201018.01.1,Referent asistent,Referent asistent,,execuție,,,I,4-7 ani,M,b) Funcții de execuție,1.58015155375,1.58015155375,1.580151554,Gradația 0,0
2026-07-17,V,V CVInef,30,56.00201019.01.1,56.00201019.01.1,Referent asistent,Referent asistent,,execuție,,,II,1-4 ani,M,b) Funcții de execuție,1.4924689999999998,1.4924689999999998,1.492469,Gradația 0,0
2026-07-17,V,V CVInef,31,56.00201020.01.1,56.00201020.01.1,Referent asistent,Referent asistent,,execuție,,,Debutant,0-1 ani,M,b) Funcții de execuție,1.4509919999999998,1.4509919999999998,1.450992,Gradația 0,0
2026-07-17,V,V CVII,7,57.00101001.01.1,57.00101001.01.1,Director general al Direcției Naționale de Probațiune ( Vechime în probațiune de cel puțin 8 ani și să fie consilier sau inspector de probațiune gradul principal I sau superior),Director general al Direcției Naționale de Probațiune,,conducere,,,,,S,a) Funcții de conducere,4.7025,4.7025,4.7025,Grad managerial,0
2026-07-17,V,V CVII,8,57.00101002.01.1,57.00101002.01.1,Director general adjunct al Direcției Naționale de Probațiune ( Vechime în probațiune de cel puțin 8 ani și să fie consilier sau inspector de probațiune gradul principal I sau superior),Director general adjunct al Direcției Naționale de Probațiune,,conducere,,,,,S,a) Funcții de conducere,4.23225,4.23225,4.23225,Grad managerial,0
2026-07-17,V,V CVII,9,,,Director de departament în cadrul Direcției Naționale de Probațiune (să își desfășoare activitatea în structura centrală a Direcției și să aibă o vechime efectivă în Direcție de cel puțin doi ani),Director de departament în cadrul Direcției Naționale de Probațiune,,conducere,,,,,S,a) Funcții de conducere,4.149264705882352,4.149264705882352,4.149264706,Grad managerial,0
2026-07-17,V,V CVII,10,57.00101003.01.1,57.00101003.01.1,Șef Serviciu în cadrul Direcției Naționale de Probațiune( să își desfășoare activitatea în structura centrală a Direcției și să aiba o vechime efectivă în direcție de cel putin doi ani),Șef Serviciu în cadrul Direcției Naționale de Probațiune,,conducere,,,,,S,a) Funcții de conducere,3.8569999999999993,3.8569999999999993,3.857,Grad managerial,0
2026-07-17,V,V CVII,11,57.00101005.01.1,57.00101005.01.1,"Șef serviciu de probațiune (local) (vechime în probațiune de cel puțin 4 ani și să fie consilier de probațiune principal gradele II, I sau consilier de probațiune superior)",Șef serviciu de probațiune,,conducere,,,,,S,a) Funcții de conducere,3.7192499999999993,3.7192499999999993,3.71925,Grad managerial,0
2026-07-17,V,V CVII,13,57.00101007.01.1,57.00101007.01.1,Inspector de probațiune gradul I,Inspector de probațiune gradul I,,execuție,,,,peste 20 ani,S,b) Funcții de execuție,2.7489000000000003,2.7489000000000003,2.7489,Gradația 0,0
2026-07-17,V,V CVII,14,57.00101007.01.2,57.00101007.01.2,Inspector de probațiune gradul I,Inspector de probațiune gradul I,,execuție,,,,15-20 ani,S,b) Funcții de execuție,2.638944,2.638944,2.638944,Gradația 0,0
2026-07-17,V,V CVII,15,57.00101007.01.3,57.00101007.01.3,Inspector de probațiune gradul I,Inspector de probațiune gradul I,,execuție,,,,10-15 ani,S,b) Funcții de execuție,2.53338624,2.53338624,2.53338624,Gradația 0,0
2026-07-17,V,V CVII,16,57.00101007.01.4,57.00101007.01.4,Inspector de probațiune gradul I,Inspector de probațiune gradul I,,execuție,,,,5-10 ani,S,b) Funcții de execuție,2.4320507904,2.4320507904,2.43205079,Gradația 0,0
2026-07-17,V,V CVII,17,57.00101008.01.1,57.00101008.01.1,Inspector de probațiune gradul II,Inspector de probațiune gradul II,,execuție,,,,peste 20 ani,S,b) Funcții de execuție,2.655345,2.655345,2.655345,Gradația 0,0
2026-07-17,V,V CVII,18,57.00101008.01.2,57.00101008.01.2,Inspector de probațiune gradul II,Inspector de probațiune gradul II,,execuție,,,,15-20 ani,S,b) Funcții de execuție,2.5491312,2.5491312,2.5491312,Gradația 0,0
2026-07-17,V,V CVII,19,57.00101008.01.3,57.00101008.01.3,Inspector de probațiune gradul II,Inspector de probațiune gradul II,,execuție,,,,10-15 ani,S,b) Funcții de execuție,2.4471659519999998,2.4471659519999998,2.447165952,Gradația 0,0
2026-07-17,V,V CVII,20,57.00101008.01.4,57.00101008.01.4,Inspector de probațiune gradul II,Inspector de probațiune gradul II,,execuție,,,,5-10 ani,S,b) Funcții de execuție,2.34927931392,2.34927931392,2.349279314,Gradația 0,0
2026-07-17,V,V CVII,21,57.00101008.01.5,57.00101008.01.5,Inspector de probațiune gradul II,Inspector de probațiune gradul II,,execuție,,,,bază 0-5 ani,S,b) Funcții de execuție,2.2553081413631997,2.2553081413631997,2.255308141,Gradația 0,0
2026-07-17,V,V CVII,22,57.00101009.01.1,57.00101009.01.1,Consilier de probațiune gradul I,Consilier de probațiune gradul I,,execuție,,,,peste 20 ani,S,b) Funcții de execuție,2.499,2.499,2.499,Gradația 0,0
2026-07-17,V,V CVII,23,57.00101009.01.2,57.00101009.01.2,Consilier de probațiune gradul I,Consilier de probațiune gradul I,,execuție,,,,15-20 ani,S,b) Funcții de execuție,2.39904,2.39904,2.39904,Gradația 0,0
2026-07-17,V,V CVII,24,57.00101009.01.3,57.00101009.01.3,Consilier de probațiune gradul I,Consilier de probațiune gradul I,,execuție,,,,10-15 ani,S,b) Funcții de execuție,2.3030784,2.3030784,2.3030784,Gradația 0,0
2026-07-17,V,V CVII,25,57.00101009.01.4,57.00101009.01.4,Consilier de probațiune gradul I,Consilier de probațiune gradul I,,execuție,,,,5-10 ani,S,b) Funcții de execuție,2.210955264,2.210955264,2.210955264,Gradația 0,0
2026-07-17,V,V CVII,26,57.00101010.01.1,57.00101010.01.1,Consilier de probațiune gradul II,Consilier de probațiune gradul II,,execuție,,,,peste 20 ani,S,b) Funcții de execuție,2.41395,2.41395,2.41395,Gradația 0,0
2026-07-17,V,V CVII,27,57.00101010.01.2,57.00101010.01.2,Consilier de probațiune gradul II,Consilier de probațiune gradul II,,execuție,,,,15-20 ani,S,b) Funcții de execuție,2.317392,2.317392,2.317392,Gradația 0,0
2026-07-17,V,V CVII,28,57.00101010.01.3,57.00101010.01.3,Consilier de probațiune gradul II,Consilier de probațiune gradul II,,execuție,,,,10-15 ani,S,b) Funcții de execuție,2.2246963199999996,2.2246963199999996,2.22469632,Gradația 0,0
2026-07-17,V,V CVII,29,57.00101010.01.4,57.00101010.01.4,Consilier de probațiune gradul II,Consilier de probațiune gradul II,,execuție,,,,5-10 ani,S,b) Funcții de execuție,2.1357084671999997,2.1357084671999997,2.135708467,Gradația 0,0
2026-07-17,V,V CVII,30,57.00101010.01.5,57.00101010.01.5,Consilier de probațiune gradul II,Consilier de probațiune gradul II,,execuție,,,,baza 0-5 ani,S,b) Funcții de execuție,2.0502801285119996,2.0502801285119996,2.050280129,Gradația 0,0
2026-07-17,V,V CVII,31,57.00101011.01.1,57.00101011.01.1,Consilier de probațiune gradul III,Consilier de probațiune gradul III,,execuție,,,,peste 20 ani,S,b) Funcții de execuție,2.1945,2.1945,2.1945,Gradația 0,0
2026-07-17,V,V CVII,32,57.00101011.01.2,57.00101011.01.2,Consilier de probațiune gradul III,Consilier de probațiune gradul III,,execuție,,,,15-20 ani,S,b) Funcții de execuție,2.1383587674216797,2.1383587674216797,2.138358767,Gradația 0,0
2026-07-17,V,V CVII,33,57.00101011.01.3,57.00101011.01.3,Consilier de probațiune gradul III,Consilier de probațiune gradul III,,execuție,,,,10-15 ani,S,b) Funcții de execuție,2.101581098203125,2.101581098203125,2.101581098,Gradația 0,0
2026-07-17,V,V CVII,34,57.00101011.01.4,57.00101011.01.4,Consilier de probațiune gradul III,Consilier de probațiune gradul III,,execuție,,,,5-10 ani,S,b) Funcții de execuție,2.06543596875,2.06543596875,2.065435969,Gradația 0,0
2026-07-17,V,V CVII,35,57.00101011.01.5,57.00101011.01.5,Consilier de probațiune gradul III,Consilier de probațiune gradul III,,execuție,,,,baza 0-5 ani,S,b) Funcții de execuție,2.0299125,2.0299125,2.0299125,Gradația 0,0
2026-07-17,V,V CVII,36,57.00101012.01.1,57.00101012.01.1,Consilier de probațiune debutant,Consilier de probațiune debutant,,execuție,,,,baza 0-5 ani,S,b) Funcții de execuție,1.9949999999999999,1.9949999999999999,1.995,Gradația 0,0
2026-07-17,VI,VI_Armata,10,,,Şeful Statului Major General; șef departament - secretar al Consiliului Suprem de Apărare a Țării; secretar de stat - şef al Departamentului Ordine şi Siguranţă Publică; prim-adjunctul directorului Serviciului Român de Informaţii; primul adjunct al directorului Serviciului de Informaţii Externe; directorul Serviciului de Telecomunicaţii Speciale; directorul Serviciului de Protecţie şi Pază,Şeful Statului Major General|șef departament - secretar al Consiliului Suprem de Apărare a Țării|secretar de stat - şef al Departamentului Ordine şi Siguranţă Publică|prim-adjunctul directorului Serviciului Român de Informaţii|primul adjunct al directorului Serviciului de Informaţii Externe|directorul Serviciului de Telecomunicaţii Speciale|directorul Serviciului de Protecţie şi Pază,,,,,,,S,,5.5,5.5,5.5,Maxim,0
2026-07-17,VI,VI_Armata,11,,,Adjuncţii directorului Serviciului Român de Informaţii; adjuncţii directorului Serviciului de Informaţii Externe; directorul general al Direcţiei Generale de Informaţii a Apărării; secretarii de stat şi alte funcţii asimilate funcţiei de secretar de stat din Ministerul Afacerilor Interne,Adjuncţii directorului Serviciului Român de Informaţii|adjuncţii directorului Serviciului de Informaţii Externe|directorul general al Direcţiei Generale de Informaţii a Apărării,,,,,,,S,,5.1,5.1,5.1,Maxim,0
2026-07-17,VI,VI_Armata,12,,,Prim-adjunctul şi adjuncţii directorului Serviciului de Telecomunicaţii Speciale; prim-adjunctul şi adjunctul directorului Serviciului de Protecţie şi Pază; subsecretarii de stat din Ministerul Afacerilor Interne,Prim-adjunctul şi adjuncţii directorului Serviciului de Telecomunicaţii Speciale|prim-adjunctul şi adjunctul directorului Serviciului de Protecţie şi Pază|subsecretarii de stat din Ministerul Afacerilor Interne,,,,,,,S,,4.9,4.9,4.9,Maxim,0
2026-07-17,VI,VI_Armata,13,,,Funcţii corespunzătoare gradului de general; amiral; chestor general de poliţie; chestor șef de poliție penitenciară,Funcţii corespunzătoare gradului de general|amiral|chestor general de poliţie|chestor șef de poliție penitenciară,,,,,,,S,,4.52,4.77,4.52|4.77,Minim|Maxim,0
2026-07-17,VI,VI_Armata,14,,,Funcţii corespunzătoare gradului de general-locotenent; viceamiral; chestor-șef de poliţie; chestor șef adjunct de poliție penitenciară,Funcţii corespunzătoare gradului de general-locotenent|viceamiral|chestor-șef de poliţie|chestor șef adjunct de poliție penitenciară,,,,,,,S,,4.26,4.48,4.26|4.48,Minim|Maxim,0
2026-07-17,VI,VI_Armata,15,,,Funcţii corespunzătoare gradului de general-maior; contraamiral; chestor principal de poliţie/poliție penitenciară,Funcţii corespunzătoare gradului de general-maior|contraamiral|chestor principal de poliţie|poliție penitenciară,,,,,,,S,,3.88,4.22,3.88|4.22,Minim|Maxim,0
2026-07-17,VI,VI_Armata,16,,,Funcţii corespunzătoare gradului de general de brigadă; general de flotilă aeriană; contraamiral de flotilă; chestor de poliţie/poliție penitenciară,Funcţii corespunzătoare gradului de general de brigadă|general de flotilă aeriană|contraamiral de flotilă|chestor de poliţie|poliție penitenciară,,,,,,,S,,3.66,3.84,3.66|3.84,Minim|Maxim,0
2026-07-17,VI,VI_Armata,17,,,Funcţii corespunzătoare gradului de colonel; comandor; comisar-şef de poliţie/poliție penitenciară,Funcţii corespunzătoare gradului de colonel|comandor|comisar-şef de poliţie|poliție penitenciară,,,,,,,S,,2.73,3.6,3.02|3.6|2.73|3.01,Minim|Maxim|Minim|Maxim,0
2026-07-17,VI,VI_Armata,18,,,Funcţii corespunzătoare gradului de locotenent-colonel; căpitan-comandor; comisar de poliţie/poliție penitenciară,Funcţii corespunzătoare gradului de locotenent-colonel|căpitan-comandor|comisar de poliţie|poliție penitenciară,,,,,,,S,,2.44,3.01,2.74|3.01|2.44|2.73,Minim|Maxim|Minim|Maxim,0
2026-07-17,VI,VI_Armata,19,,,Funcţii corespunzătoare gradului de maior; locotenent-comandor; subcomisar de poliţie/poliție penitenciară,Funcţii corespunzătoare gradului de maior|locotenent-comandor|subcomisar de poliţie|poliție penitenciară,,,,,,,S,,2.16,2.73,2.44|2.73|2.16|2.43,Minim|Maxim|Minim|Maxim,0
2026-07-17,VI,VI_Armata,20,,,Funcţii corespunzătoare gradului de căpitan; inspector principal de poliţie/poliție penitenciară,Funcţii corespunzătoare gradului de căpitan|inspector principal de poliţie|poliție penitenciară,,,,,,,S,,1.96,2.41,2.16|2.41|1.96|2.15,Minim|Maxim|Minim|Maxim,0
2026-07-17,VI,VI_Armata,21,,,Funcţii corespunzătoare gradului de locotenent; inspector de poliţie/poliție penitenciară,Funcţii corespunzătoare gradului de locotenent|inspector de poliţie|poliție penitenciară,,,,,,,S,,1.81,2.15,1.96|2.15|1.81|1.95,Minim|Maxim|Minim|Maxim,0
2026-07-17,VI,VI_Armata,22,,,Funcţii corespunzătoare gradului de sublocotenent; aspirant; subinspector de poliţie/poliție penitenciară,Funcţii corespunzătoare gradului de sublocotenent|aspirant|subinspector de poliţie|poliție penitenciară,,,,,,,S,,1.71,1.95,1.81|1.95|1.71|1.8,Minim|Maxim|Minim|Maxim,0
2026-07-17,VI,VI_Armata,23,,,Funcţii corespunzătoare gradului de subinspector de poliţie/poliție penitenciară debutant,Funcţii corespunzătoare gradului de subinspector de poliţie|poliție penitenciară debutant,,,,,,,S,,1.7,1.7,1.7,Minim,0
2026-07-17,VI,VI_Armata,24,,,Funcţii corespunzătoare gradului de agent - agent șef principal de poliţie/penitenciare (șef formațiune),Funcţii corespunzătoare gradului de agent - agent șef principal de poliţie|penitenciare,,,,,,,S,,1.7,1.75,1.7|1.75,Minim|Maxim,0
2026-07-17,VI,VI_Armata,25,,,Funcţii corespunzătoare gradului de agent - agent șef principal de poliţie/penitenciare (șef formațiune),Funcţii corespunzătoare gradului de agent - agent șef principal de poliţie|penitenciare,,,,,,,M,,1.67,1.72,1.67|1.72,Minim|Maxim,0
2026-07-17,VI,VI_Armata,26,,,Funcţii corespunzătoare gradului de agent - agent șef principal de poliţie/penitenciare,Funcţii corespunzătoare gradului de agent - agent șef principal de poliţie|penitenciare,,,,,,,S,,1.6,1.66,1.6|1.66,Minim|Maxim,0
2026-07-17,VI,VI_Armata,27,,,Funcţii corespunzătoare gradului de agent - agent șef principal de poliţie/penitenciare,Funcţii corespunzătoare gradului de agent - agent șef principal de poliţie|penitenciare,,,,,,,M,,1.52,1.58,1.52|1.58,Minim|Maxim,0
2026-07-17,VI,VI_Armata,28,,,Funcţii corespunzătoare gradului de agent de poliţie/penitenciare debutant,Funcţii corespunzătoare gradului de agent de poliţie|penitenciare debutant,,,,,,,PL,,1.49,1.49,1.49,Minim,0
2026-07-17,VI,VI_Armata,29,,,Funcţii corespunzătoare gradului de agent de poliţie/penitenciare debutant,Funcţii corespunzătoare gradului de agent de poliţie|penitenciare debutant,,,,,,,M,,1.44,1.44,1.44,Minim,0
2026-07-17,VI,VI_Armata,30,,,Funcţii corespunzătoare gradului de maistru militar principal,Funcţii corespunzătoare gradului de maistru militar principal,,,,,,,S,,1.69586776859504,1.74793388429752,1.724793388|1.747933884|1.695867769|1.719008264,Minim|Maxim|Minim|Maxim,0
2026-07-17,VI,VI_Armata,31,,,Funcţii corespunzătoare gradului de maistru militar principal,Funcţii corespunzătoare gradului de maistru militar principal,,,,,,,PL,,1.66694214876033,1.71900826446281,1.695867769|1.719008264|1.666942149|1.690082645,Minim|Maxim|Minim|Maxim,0
2026-07-17,VI,VI_Armata,32,,,Funcţii corespunzătoare gradului de maistru militar principal,Funcţii corespunzătoare gradului de maistru militar principal,,,,,,,M,,1.63801652892562,1.6900826446281,1.666942149|1.690082645|1.638016529|1.661157025,Minim|Maxim|Minim|Maxim,0
2026-07-17,VI,VI_Armata,33,,,Funcţii corespunzătoare gradului de plutonier adjutant șef,Funcţii corespunzătoare gradului de plutonier adjutant șef,,,,,,,S,,1.63801652892562,1.6900826446281,1.666942149|1.690082645|1.638016529|1.661157025,Minim|Maxim|Minim|Maxim,0
2026-07-17,VI,VI_Armata,34,,,Funcţii corespunzătoare gradului de plutonier adjutant șef,Funcţii corespunzătoare gradului de plutonier adjutant șef,,,,,,,PL,,1.60909090909091,1.66115702479339,1.638016529|1.661157025|1.609090909|1.632231405,Minim|Maxim|Minim|Maxim,0
2026-07-17,VI,VI_Armata,35,,,Funcţii corespunzătoare gradului de plutonier adjutant șef,Funcţii corespunzătoare gradului de plutonier adjutant șef,,,,,,,M,,1.5801652892562,1.63223140495868,1.609090909|1.632231405|1.580165289|1.603305785,Minim|Maxim|Minim|Maxim,0
2026-07-17,VI,VI_Armata,36,,,Funcţii corespunzătoare gradului de maistru militar clasa I,Funcţii corespunzătoare gradului de maistru militar clasa I,,,,,,,S,,1.66694214876033,1.71900826446281,1.695867769|1.719008264|1.666942149|1.690082645,Minim|Maxim|Minim|Maxim,0
2026-07-17,VI,VI_Armata,37,,,Funcţii corespunzătoare gradului de maistru militar clasa I,Funcţii corespunzătoare gradului de maistru militar clasa I,,,,,,,PL,,1.63801652892562,1.6900826446281,1.666942149|1.690082645|1.638016529|1.661157025,Minim|Maxim|Minim|Maxim,0
2026-07-17,VI,VI_Armata,38,,,Funcţii corespunzătoare gradului de maistru militar clasa I,Funcţii corespunzătoare gradului de maistru militar clasa I,,,,,,,M,,1.60909090909091,1.66115702479339,1.638016529|1.661157025|1.609090909|1.632231405,Minim|Maxim|Minim|Maxim,0
2026-07-17,VI,VI_Armata,39,,,Funcţii corespunzătoare gradului de plutonier adjutant,Funcţii corespunzătoare gradului de plutonier adjutant,,,,,,,S,,1.60909090909091,1.66115702479339,1.638016529|1.661157025|1.609090909|1.632231405,Minim|Maxim|Minim|Maxim,0
2026-07-17,VI,VI_Armata,40,,,Funcţii corespunzătoare gradului de plutonier adjutant,Funcţii corespunzătoare gradului de plutonier adjutant,,,,,,,PL,,1.5801652892562,1.63223140495868,1.609090909|1.632231405|1.580165289|1.603305785,Minim|Maxim|Minim|Maxim,0
2026-07-17,VI,VI_Armata,41,,,Funcţii corespunzătoare gradului de plutonier adjutant,Funcţii corespunzătoare gradului de plutonier adjutant,,,,,,,M,,1.55123966942149,1.60330578512397,1.580165289|1.603305785|1.551239669|1.574380165,Minim|Maxim|Minim|Maxim,0
2026-07-17,VI,VI_Armata,42,,,Funcţii corespunzătoare gradului de maistru militar clasa a II-a,Funcţii corespunzătoare gradului de maistru militar clasa a II-a,,,,,,,S,,1.63801652892562,1.6900826446281,1.666942149|1.690082645|1.638016529|1.661157025,Minim|Maxim|Minim|Maxim,0
2026-07-17,VI,VI_Armata,43,,,Funcţii corespunzătoare gradului de maistru militar clasa a II-a,Funcţii corespunzătoare gradului de maistru militar clasa a II-a,,,,,,,PL,,1.60909090909091,1.66115702479339,1.638016529|1.661157025|1.609090909|1.632231405,Minim|Maxim|Minim|Maxim,0
2026-07-17,VI,VI_Armata,44,,,Funcţii corespunzătoare gradului de maistru militar clasa a II-a,Funcţii corespunzătoare gradului de maistru militar clasa a II-a,,,,,,,M,,1.5801652892562,1.63223140495868,1.609090909|1.632231405|1.580165289|1.603305785,Minim|Maxim|Minim|Maxim,0
2026-07-17,VI,VI_Armata,45,,,Funcţii corespunzătoare gradului de plutonier major,Funcţii corespunzătoare gradului de plutonier major,,,,,,,S,,1.5801652892562,1.63223140495868,1.609090909|1.632231405|1.580165289|1.603305785,Minim|Maxim|Minim|Maxim,0
2026-07-17,VI,VI_Armata,46,,,Funcţii corespunzătoare gradului de plutonier major,Funcţii corespunzătoare gradului de plutonier major,,,,,,,PL,,1.55123966942149,1.60330578512397,1.580165289|1.603305785|1.551239669|1.574380165,Minim|Maxim|Minim|Maxim,0
2026-07-17,VI,VI_Armata,47,,,Funcţii corespunzătoare gradului de plutonier major,Funcţii corespunzătoare gradului de plutonier major,,,,,,,M,,1.52231404958678,1.57438016528926,1.551239669|1.574380165|1.52231405|1.545454545,Minim|Maxim|Minim|Maxim,0
2026-07-17,VI,VI_Armata,48,,,Funcţii corespunzătoare gradului de maistru militar clasa a III-a,Funcţii corespunzătoare gradului de maistru militar clasa a III-a,,,,,,,S,,1.60909090909091,1.66115702479339,1.638016529|1.661157025|1.609090909|1.632231405,Minim|Maxim|Minim|Maxim,0
2026-07-17,VI,VI_Armata,49,,,Funcţii corespunzătoare gradului de maistru militar clasa a III-a,Funcţii corespunzătoare gradului de maistru militar clasa a III-a,,,,,,,PL,,1.5801652892562,1.63223140495868,1.609090909|1.632231405|1.580165289|1.603305785,Minim|Maxim|Minim|Maxim,0
2026-07-17,VI,VI_Armata,50,,,Funcţii corespunzătoare gradului de maistru militar clasa a III-a,Funcţii corespunzătoare gradului de maistru militar clasa a III-a,,,,,,,M,,1.55123966942149,1.60330578512397,1.580165289|1.603305785|1.551239669|1.574380165,Minim|Maxim|Minim|Maxim,0
2026-07-17,VI,VI_Armata,51,,,Funcţii corespunzătoare gradului de plutonier,Funcţii corespunzătoare gradului de plutonier,,,,,,,S,,1.55123966942149,1.60330578512397,1.580165289|1.603305785|1.551239669|1.574380165,Minim|Maxim|Minim|Maxim,0
2026-07-17,VI,VI_Armata,52,,,Funcţii corespunzătoare gradului de plutonier,Funcţii corespunzătoare gradului de plutonier,,,,,,,PL,,1.52231404958678,1.57438016528926,1.551239669|1.574380165|1.52231405|1.545454545,Minim|Maxim|Minim|Maxim,0
2026-07-17,VI,VI_Armata,53,,,Funcţii corespunzătoare gradului de plutonier,Funcţii corespunzătoare gradului de plutonier,,,,,,,M,,1.49338842975207,1.54545454545455,1.52231405|1.545454545|1.49338843|1.516528926,Minim|Maxim|Minim|Maxim,0
2026-07-17,VI,VI_Armata,54,,,Funcţii corespunzătoare gradului de maistru militar clasa a IV-a,Funcţii corespunzătoare gradului de maistru militar clasa a IV-a,,,,,,,S,,1.5801652892562,1.63223140495868,1.609090909|1.632231405|1.580165289|1.603305785,Minim|Maxim|Minim|Maxim,0
2026-07-17,VI,VI_Armata,55,,,Funcţii corespunzătoare gradului de maistru militar clasa a IV-a,Funcţii corespunzătoare gradului de maistru militar clasa a IV-a,,,,,,,PL,,1.55123966942149,1.60330578512397,1.580165289|1.603305785|1.551239669|1.574380165,Minim|Maxim|Minim|Maxim,0
2026-07-17,VI,VI_Armata,56,,,Funcţii corespunzătoare gradului de maistru militar clasa a IV-a,Funcţii corespunzătoare gradului de maistru militar clasa a IV-a,,,,,,,M,,1.49338842975207,1.57438016528926,1.551239669|1.574380165|1.49338843|1.516528926,Minim|Maxim|Minim|Maxim,0
2026-07-17,VI,VI_Armata,57,,,Funcţii corespunzătoare gradului de sergent-major,Funcţii corespunzătoare gradului de sergent-major,,,,,,,S,,1.52231404958678,1.57438016528926,1.551239669|1.574380165|1.52231405|1.545454545,Minim|Maxim|Minim|Maxim,0
2026-07-17,VI,VI_Armata,58,,,Funcţii corespunzătoare gradului de sergent-major,Funcţii corespunzătoare gradului de sergent-major,,,,,,,PL,,1.49338842975207,1.54545454545455,1.52231405|1.545454545|1.49338843|1.516528926,Minim|Maxim|Minim|Maxim,0
2026-07-17,VI,VI_Armata,59,,,Funcţii corespunzătoare gradului de sergent-major,Funcţii corespunzătoare gradului de sergent-major,,,,,,,M,,1.43553719008264,1.51652892561983,1.49338843|1.516528926|1.43553719|1.487603306,Minim|Maxim|Minim|Maxim,0
2026-07-17,VI,VI_Armata,60,,,Funcţii corespunzătoare gradului de maistru militar clasa a V-a,Funcţii corespunzătoare gradului de maistru militar clasa a V-a,,,,,,,PL,,1.46446280991736,1.48760330578512,1.46446281|1.487603306,Minim|Maxim,0
2026-07-17,VI,VI_Armata,61,,,Funcţii corespunzătoare gradului de maistru militar clasa a V-a,Funcţii corespunzătoare gradului de maistru militar clasa a V-a,,,,,,,M,,1.43553719008264,1.45867768595041,1.43553719|1.458677686,Minim|Maxim,0
2026-07-17,VI,VI_Armata,62,,,Funcţii corespunzătoare gradului de sergent,Funcţii corespunzătoare gradului de sergent,,,,,,,PL,,1.40661157024793,1.4297520661157,1.40661157|1.429752066,Minim|Maxim,0
2026-07-17,VI,VI_Armata,63,,,Funcţii corespunzătoare gradului de sergent,Funcţii corespunzătoare gradului de sergent,,,,,,,M,,1.37190082644628,1.40082644628099,1.371900826|1.400826446,Minim|Maxim,0
2026-07-17,VI,VI_Armata,64,,,Funcţii corespunzătoare gradului de caporal clasa I,Funcţii corespunzătoare gradului de caporal clasa I,,,,,,,,,1.3198347107438,1.3198347107438,1.319834711,Minim,1
2026-07-17,VI,VI_Armata,65,,,Funcţii corespunzătoare gradului de caporal clasa a II-a,Funcţii corespunzătoare gradului de caporal clasa a II-a,,,,,,,,,1.29090909090909,1.29090909090909,1.290909091,Minim,1
2026-07-17,VI,VI_Armata,66,,,Funcţii corespunzătoare gradului de caporal clasa a III-a,Funcţii corespunzătoare gradului de caporal clasa a III-a,,,,,,,,,1.26198347107438,1.26198347107438,1.261983471,Minim,1
2026-07-17,VI,VI_Armata,67,,,Funcţii corespunzătoare gradului de fruntaș,Funcţii corespunzătoare gradului de fruntaș,,,,,,,,,1.20413223140496,1.20413223140496,1.204132231,Minim,1
2026-07-17,VI,VI_Armata,68,,,Funcţii corespunzătoare gradului de soldat,Funcţii corespunzătoare gradului de soldat,,,,,,,,,1.17,1.17,1.17,Minim,1
2026-07-17,VII,VII CI ,11,,,Director general,Director general,,conducere,,,,,,a) Funcții de conducere,4.7025,4.95,4.7025|4.95,Grad I|Grad II,0
2026-07-17,VII,VII CI ,12,,,Director general adjunct,Director general adjunct,,conducere,,,,,,a) Funcții de conducere,4.23225,4.455,4.23225|4.455,Grad I|Grad II,0
2026-07-17,VII,VII CI ,13,,,Director,Director,,conducere,,,,,,a) Funcții de conducere,4.23225,4.455,4.23225|4.455,Grad I|Grad II,0
2026-07-17,VII,VII CI ,14,,,Director adjunct; inginer-șef; contabil-șef,Director adjunct|inginer-șef|contabil-șef,,conducere,,,,,,a) Funcții de conducere,3.8569999999999993,4.06,3.857|4.06,Grad I|Grad II,0
2026-07-17,VII,VII CI ,15,,,Șef serviciu; șef secție; șef filială,Șef serviciu|șef secție|șef filială,,conducere,,,,,,a) Funcții de conducere,3.7192499999999993,3.9149999999999996,3.71925|3.915,Grad I|Grad II,0
2026-07-17,VII,VII CI ,16,,,Șef atelier; șef oficiu; șef sector; șef formație de lucru,Șef atelier|șef oficiu|șef sector|șef formație de lucru,,conducere,,,,,,a) Funcții de conducere,3.444084507042253,3.6253521126760564,3.444084507|3.625352113,Grad I|Grad II,0
2026-07-17,VII,VII CI ,19,,,Studii superioare,Studii superioare,,execuție,,,,,,b) Funcții de execuție,1.9,2.499,1.9|2.499,minim|maxim,0
2026-07-17,VII,VII CI ,20,,,Studii superioare de scurta durată,Studii superioare de scurta durată,,execuție,,,,,,b) Funcții de execuție,1.634,1.8326,1.634|1.8326,minim|maxim,0
2026-07-17,VII,VII CI ,21,,,Studii postliceale,Studii postliceale,,execuție,,,,,,b) Funcții de execuție,1.6013199999999999,1.8005295000000001,1.60132|1.8005295,minim|maxim,0
2026-07-17,VII,VII CI ,22,,,Studii medii,Studii medii,,execuție,,,,,,b) Funcții de execuție,1.5686399999999998,1.768459,1.56864|1.768459,minim|maxim,0
2026-07-17,VII,VII CI ,23,,,Studii generale,Studii generale,,execuție,,,,,,b) Funcții de execuție,1.411776,1.5686399999999998,1.411776|1.56864,minim|maxim,0
2026-07-17,VII,VII CI ,26,,,Director general,Director general,,conducere,,,,,,a) Funcții de conducere,3.3858,3.762,3.3858|3.762,Grad managerial|maxim,0
2026-07-17,VII,VII CI ,27,,,Director general adjunct,Director general adjunct,,conducere,,,,,,a) Funcții de conducere,3.04722,3.3857999999999997,3.04722|3.3858,Grad managerial|maxim,0
2026-07-17,VII,VII CI ,28,,,Director,Director,,conducere,,,,,,a) Funcții de conducere,3.04722,3.3857999999999997,3.04722|3.3858,Grad managerial|maxim,0
2026-07-17,VII,VII CI ,29,,,Director adjunct; inginer-șef; contabil-șef,Director adjunct|inginer-șef|contabil-șef,,conducere,,,,,,a) Funcții de conducere,2.7770399999999995,3.0855999999999995,2.77704|3.0856,Grad managerial|maxim,0
2026-07-17,VII,VII CI ,30,,,Șef serviciu; șef secție; șef filială,Șef serviciu|șef secție|șef filială,,conducere,,,,,,a) Funcții de conducere,2.6910000000000003,2.99,2.691|2.99,Grad managerial|maxim,0
2026-07-17,VII,VII CI ,31,,,Șef atelier; șef oficiu; șef sector,Șef atelier|șef oficiu|șef sector,,conducere,,,,,,a) Funcții de conducere,2.4797408450704226,2.7552676056338026,2.479740845|2.755267606,Grad managerial|maxim,0
2026-07-17,VII,VII CI ,34,,,Studii superioare,Studii superioare,,execuție,,,,,,b) Funcții de execuție,1.522185,1.8897125625000004,1.522185|1.889712563,minim|maxim,0
2026-07-17,VII,VII CI ,35,,,Studii superioare de scurta durată,Studii superioare de scurta durată,,execuție,,,,,,b) Funcții de execuție,1.360305,1.5256395000000003,1.360305|1.5256395,minim|maxim,0
2026-07-17,VII,VII CI ,36,,,Studii postliceale,Studii postliceale,,execuție,,,,,,b) Funcții de execuție,1.3330989,1.49894080875,1.3330989|1.498940809,minim|maxim,0
2026-07-17,VII,VII CI ,37,,,Studii medii,Studii medii,,execuție,,,,,,b) Funcții de execuție,1.3058927999999999,1.4722421175,1.3058928|1.472242118,minim|maxim,0
2026-07-17,VII,VII CI ,38,,,Studii generale,Studii generale,,execuție,,,,,,b) Funcții de execuție,1.1882303881199996,1.2865223959499996,1.188230388|1.286522396,minim|maxim,0
2026-07-17,VII,VII CI ,41,,,Președinte *),Președinte *),,conducere,,,,,,a) Funcții de conducere,6,7,6|7,Grad managerial|maxim,0
2026-07-17,VII,VII CI ,42,,,Vicepreședinte*),Vicepreședinte*),,conducere,,,,,,a) Funcții de conducere,5.5,6.5,5.5|6.5,Grad managerial|maxim,0
2026-07-17,VII,VII CI ,43,,,Membru al Comitetului de reglementare/ Consiliului,Membru al Comitetului de reglementare|Consiliului,,conducere,,,,,,a) Funcții de conducere,5.5,6.5,5.5|6.5,Grad managerial|maxim,0
2026-07-17,VII,VII CI ,44,,,Secretar General,Secretar General,,conducere,,,,,,a) Funcții de conducere,5,6.25,5|6.25,Grad managerial|maxim,0
2026-07-17,VII,VII CI ,45,,,Director general,Director general,,conducere,,,,,,a) Funcții de conducere,4.7025,4.95,4.7025|4.95,Grad managerial|maxim,0
2026-07-17,VII,VII CI ,46,,,Director general adjunct,Director general adjunct,,conducere,,,,,,a) Funcții de conducere,4.3,4.7,4.3|4.7,Grad managerial|maxim,0
2026-07-17,VII,VII CI ,47,,,Director,Director,,conducere,,,,,,a) Funcții de conducere,4.3,4.7,4.3|4.7,Grad managerial|maxim,0
2026-07-17,VII,VII CI ,48,,,Director adjunct;,Director adjunct,,conducere,,,,,,a) Funcții de conducere,3.9,4.5,3.9|4.5,Grad managerial|maxim,0
2026-07-17,VII,VII CI ,49,,,Șef serviciu;,Șef serviciu,,conducere,,,,,,a) Funcții de conducere,3.7192499999999993,4.4,3.71925|4.4,Grad managerial|maxim,0
2026-07-17,VII,VII CI ,50,,,Șef de cabinet,Șef de cabinet,,conducere,,,,,,a) Funcții de conducere,3.6,4.2,3.6|4.2,Grad managerial|maxim,0
2026-07-17,VII,VII CI ,51,,,Șef compartiment,Șef compartiment,,conducere,,,,,,a) Funcții de conducere,3.4,4,3.4|4,Grad managerial|maxim,0
2026-07-17,VII,VII CI ,54,,,Studii superioare,Studii superioare,,execuție,,,,,,b) Funcții de execuție,2,3.5,2|3.5,minim|maxim,0
2026-07-17,VII,VII CI ,55,,,Studii superioare de scurta durată,Studii superioare de scurta durată,,execuție,,,,,,b) Funcții de execuție,1.8,3,1.8|3,minim|maxim,0
2026-07-17,VII,VII CI ,56,,,Studii postliceale,Studii postliceale,,execuție,,,,,,b) Funcții de execuție,1.6,2.8,1.6|2.8,minim|maxim,0
2026-07-17,VII,VII CI ,57,,,Studii medii,Studii medii,,execuție,,,,,,b) Funcții de execuție,1.5,2.3,1.5|2.3,minim|maxim,0
2026-07-17,VII,VII CI ,58,,,Studii generale,Studii generale,,execuție,,,,,,b) Funcții de execuție,1,2,1|2,minim|maxim,0
2026-07-17,VIII,VIII_CI_A_1,9,81.10101001.01.2,81.10101001.01.2|81.10101001.01.1,Secretar general,Secretar general,funcționar public,,central,,,,S,a) Funcţii corespunzătoare categoriei înalţilor funcţionari publici,5.4,6,5.4|6,Nivel I|Nivel II,0
2026-07-17,VIII,VIII_CI_A_1,10,81.10101002.02.2,81.10101002.02.2|81.10101002.02.1,Secretar general adjunct/comisar general,Secretar general adjunct|comisar general,funcționar public,,central,,,,S,a) Funcţii corespunzătoare categoriei înalţilor funcţionari publici,5.189610389610378,5.766233766233753,5.18961039|5.766233766,Nivel I|Nivel II,0
2026-07-17,VIII,VIII_CI_A_1,11,,,Inspector general de stat,Inspector general de stat,funcționar public,,central,,,,S,a) Funcţii corespunzătoare categoriei înalţilor funcţionari publici,4.95,5.5,4.95|5.5,Nivel I|Nivel II,0
2026-07-17,VIII,VIII_CI_A_1,12,,,Inspector general de stat adj,Inspector general de stat adj,funcționar public,,central,,,,S,a) Funcţii corespunzătoare categoriei înalţilor funcţionari publici,4.455,4.95,4.455|4.95,Nivel I|Nivel II,0
2026-07-17,VIII,VIII_CI_A_1,13,81.10101003.01.2,81.10101003.01.2|81.10101003.01.1,Șef departament,Șef departament,funcționar public,,central,,,,S,a) Funcţii corespunzătoare categoriei înalţilor funcţionari publici,4.9792207792207686,5.53246753246752,4.979220779|5.532467532,Nivel I|Nivel II,0
2026-07-17,VIII,VIII_CI_A_1,15,81.10103001.05.2,81.10103001.05.2|81.10103001.05.1,Director general; inspector şef de stat; controlor financiar şef; comisar general prim adjunct;,Director general|inspector şef de stat|controlor financiar şef|comisar general prim adjunct,funcționar public,conducere,central,,,,S,b) Funcţii publice de conducere,4.95,5.5,4.95|5.5,Grad managerial|Nivel II,0
2026-07-17,VIII,VIII_CI_A_1,16,81.10103002.05.2,81.10103002.05.2|81.10103002.05.1,Director general adjunct; inspector de stat şef adjunct; comisar general adjunct; controlor financiar şef adjunct;,Director general adjunct|inspector de stat şef adjunct|comisar general adjunct|controlor financiar şef adjunct,funcționar public,conducere,central,,,,S,b) Funcţii publice de conducere,4.455,4.95,4.455|4.95,Grad managerial|Nivel II,0
2026-07-17,VIII,VIII_CI_A_1,17,81.10103003.09.2,81.10103003.09.2|81.10103003.09.1,Director; șef compartiment; inspector şef; comisar şef divizie; șef sector la Consiliul Legislativ; comisar şef secţie; director executiv; trezorier şef; şef administraţie financiară;,Director|șef compartiment|inspector şef|comisar şef divizie|șef sector la Consiliul Legislativ|comisar şef secţie|director executiv|trezorier şef|şef administraţie financiară,funcționar public,conducere,central,,,,S,b) Funcţii publice de conducere,4.455,4.95,4.455|4.95,Grad managerial|Nivel II,0
2026-07-17,VIII,VIII_CI_A_1,18,81.10103004.12.2,81.10103004.12.2|81.10103004.12.1,Director adjunct; contabil șef; inginer șef; inspector şef adjunct; şef sector; comisar şef adjunct; comisar şef secţie divizie; director executiv adjunct; trezorier şef adjunct; şef administraţie financiară adjunct; comisar şef secţie adjunct; şef birou vamal,Director adjunct|contabil șef|inginer șef|inspector şef adjunct|şef sector|comisar şef adjunct|comisar şef secţie divizie|director executiv adjunct|trezorier şef adjunct|şef administraţie financiară adjunct|comisar şef secţie adjunct|şef birou vamal,funcționar public,conducere,central,,,,S,b) Funcţii publice de conducere,4.059,4.51,4.059|4.51,Grad managerial|Nivel II,0
2026-07-17,VIII,VIII_CI_A_1,19,81.10103005.03.2,81.10103005.03.2|81.10103005.03.1,Şef serviciu; comisar şef divizie secţie; şef secţie;,Şef serviciu|comisar şef divizie secţie|şef secţie,funcționar public,conducere,central,,,,S,b) Funcţii publice de conducere,3.9149999999999996,4.35,3.915|4.35,Grad managerial|Nivel II,0
2026-07-17,VIII,VIII_CI_A_1,20,81.10103006.02.2,81.10103006.02.2|81.10103006.02.1,Şef oficiu;Şef birou,Şef oficiu|Şef birou,funcționar public,conducere,central,,,,S,b) Funcţii publice de conducere,3.6253521126760564,4.028169014084507,3.625352113|4.028169014,Grad managerial|Nivel II,0
2026-07-17,VIII,VIII_CI_A_1,22,81.10104001.01.1,81.10104001.01.1,Auditor,Auditor,funcționar public,execuție,central,,superior,,S,c) Funcţii publice generale de execuţie,2.499,2.936325,2.499|2.936325,Gradația 0|Nivel II,0
2026-07-17,VIII,VIII_CI_A_1,23,81.10104001.01.2,81.10104001.01.2,Auditor,Auditor,funcționar public,execuție,central,,principal,,S,c) Funcţii publice generale de execuţie,2.41395,2.5105079999999997,2.41395|2.510508,Gradația 0|Nivel II,0
2026-07-17,VIII,VIII_CI_A_1,24,81.10104001.01.3,81.10104001.01.3,Auditor,Auditor,funcționar public,execuție,central,,asistent,,S,c) Funcţii publice generale de execuţie,2.1945,2.28228,2.1945|2.28228,Gradația 0|Nivel II,0
2026-07-17,VIII,VIII_CI_A_1,25,81.10104002.04.1,81.10104002.04.1,Consilier; consilier juridic; consilier achiziții publice; expert,Consilier|consilier juridic|consilier achiziții publice|expert,funcționar public,execuție,central,,superior,,S,c) Funcţii publice generale de execuţie,2.38,2.8,2.38|2.8,Gradația 0|Nivel II,0
2026-07-17,VIII,VIII_CI_A_1,26,81.10104002.04.2,81.10104002.04.2,Consilier; consilier juridic; consilier achiziții publice; expert,Consilier|consilier juridic|consilier achiziții publice|expert,funcționar public,execuție,central,,principal,,S,c) Funcţii publice generale de execuţie,2.299,2.39096,2.299|2.39096,Gradația 0|Nivel II,0
2026-07-17,VIII,VIII_CI_A_1,27,81.10104002.04.3,81.10104002.04.3,Consilier; consilier juridic; consilier achiziții publice; expert,Consilier|consilier juridic|consilier achiziții publice|expert,funcționar public,execuție,central,,asistent,,S,c) Funcţii publice generale de execuţie,2.09,2.1736,2.09|2.1736,Gradația 0|Nivel II,0
2026-07-17,VIII,VIII_CI_A_1,28,81.10104002.04.4,81.10104002.04.4,Consilier; consilier juridic; consilier achiziții publice; expert,Consilier|consilier juridic|consilier achiziții publice|expert,funcționar public,execuție,central,,debutant,,S,c) Funcţii publice generale de execuţie,1.9,1.976,1.9|1.976,Gradația 0|Nivel II,0
2026-07-17,VIII,VIII_CI_A_1,29,,,Inspector,Inspector,funcționar public,execuție,central,,superior,,S,c) Funcţii publice generale de execuţie,2.38,2.8,2.38|2.8,Gradația 0|Nivel II,0
2026-07-17,VIII,VIII_CI_A_1,30,,,Inspector,Inspector,funcționar public,execuție,central,,principal,,S,c) Funcţii publice generale de execuţie,2.299,2.39096,2.299|2.39096,Gradația 0|Nivel II,0
2026-07-17,VIII,VIII_CI_A_1,31,,,Inspector,Inspector,funcționar public,execuție,central,,asistent,,S,c) Funcţii publice generale de execuţie,2.09,2.1736,2.09|2.1736,Gradația 0|Nivel II,0
2026-07-17,VIII,VIII_CI_A_1,32,,,Inspector,Inspector,funcționar public,execuție,central,,debutant,,S,c) Funcţii publice generale de execuţie,1.9,1.976,1.9|1.976,Gradația 0|Nivel II,0
2026-07-17,VIII,VIII_CI_A_1,33,81.10104003.01.1,81.10104003.01.1,Referent de specialitate,Referent de specialitate,funcționar public,execuție,central,,superior,,SSD,c) Funcţii publice generale de execuţie,1.8326,1.905904,1.8326|1.905904,Gradația 0|Nivel II,0
2026-07-17,VIII,VIII_CI_A_1,34,81.10104003.01.2,81.10104003.01.2,Referent de specialitate,Referent de specialitate,funcționar public,execuție,central,,principal,,SSD,c) Funcţii publice generale de execuţie,1.77023,1.8410392,1.77023|1.8410392,Gradația 0|Nivel II,0
2026-07-17,VIII,VIII_CI_A_1,35,81.10104003.01.3,81.10104003.01.3,Referent de specialitate,Referent de specialitate,funcționar public,execuție,central,,asistent,,SSD,c) Funcţii publice generale de execuţie,1.672,1.73888,1.672|1.73888,Gradația 0|Nivel II,0
2026-07-17,VIII,VIII_CI_A_1,36,81.10104003.01.4,81.10104003.01.4,Referent de specialitate,Referent de specialitate,funcționar public,execuție,central,,debutant,,SSD,c) Funcţii publice generale de execuţie,1.634,1.69936,1.634|1.69936,Gradația 0|Nivel II,0
2026-07-17,VIII,VIII_CI_A_1,37,81.10104004.01.1,81.10104004.01.1,Referent,Referent,funcționar public,execuție,central,,superior,,M,c) Funcţii publice generale de execuţie,1.768459,1.83919736,1.768459|1.83919736,Gradația 0|Nivel II,0
2026-07-17,VIII,VIII_CI_A_1,38,81.10104004.01.2,81.10104004.01.2,Referent,Referent,funcționar public,execuție,central,,principal,,M,c) Funcţii publice generale de execuţie,1.7082719499999999,1.776602828,1.70827195|1.776602828,Gradația 0|Nivel II,0
2026-07-17,VIII,VIII_CI_A_1,39,81.10104004.01.3,81.10104004.01.3,Referent,Referent,funcționar public,execuție,central,,asistent,,M,c) Funcţii publice generale de execuţie,1.6134799999999998,1.6780191999999998,1.61348|1.6780192,Gradația 0|Nivel II,0
2026-07-17,VIII,VIII_CI_A_1,40,81.10104004.01.4,81.10104004.01.4,Referent,Referent,funcționar public,execuție,central,,debutant,,M,c) Funcţii publice generale de execuţie,1.5686399999999998,1.6313855999999998,1.56864|1.6313856,Gradația 0|Nivel II,0
2026-07-17,VIII,VIII_CI_A_1,42,81.10105001.01.1,81.10105001.01.1,Consilier parlamentar,Consilier parlamentar,funcționar public,execuție,central,,,,S,d) Funcţii publice specifice de execuţie,2.8,2.8,2.8,Nivel II,0
2026-07-17,VIII,VIII_CI_A_1,43,81.10105002.01.1,81.10105002.01.1,Expert parlamentar,Expert parlamentar,funcționar public,execuție,central,,,,S,d) Funcţii publice specifice de execuţie,2.39096,2.39096,2.39096,Nivel II,0
2026-07-17,VIII,VIII_CI_A_1,44,81.10105003.01.1,81.10105003.01.1,Consultant parlamentar,Consultant parlamentar,funcționar public,execuție,central,,,,S,d) Funcţii publice specifice de execuţie,2.1736,2.1736,2.1736,Nivel II,0
2026-07-17,VIII,VIII_CI_A_1,45,81.10105004.01.1,81.10105004.01.1,Şef cabinet,Şef cabinet,funcționar public,execuție,central,,,,S,d) Funcţii publice specifice de execuţie,1.765425,1.765425,1.765425,Nivel II,0
2026-07-17,VIII,VIII_CI_A_1,46,81.10105005.03.1,81.10105005.03.1,Şef cabinet; referent; stenodactilograf,Şef cabinet|referent|stenodactilograf,funcționar public,execuție,central,,,,SSD,d) Funcţii publice specifice de execuţie,1.7461675,1.7461675,1.7461675,Nivel II,0
2026-07-17,VIII,VIII_CI_A_1,47,81.10105006.03.1,81.10105006.03.1,Şef cabinet; referent; stenodactilograf,Şef cabinet|referent|stenodactilograf,funcționar public,execuție,central,,,,PL,d) Funcţii publice specifice de execuţie,1.7109079543320032,1.7109079543320032,1.710907954,Nivel II,0
2026-07-17,VIII,VIII_CI_A_1,48,81.10105007.03.1,81.10105007.03.1,Şef cabinet; referent; stenodactilograf,Şef cabinet|referent|stenodactilograf,funcționar public,execuție,central,,,,M,d) Funcţii publice specifice de execuţie,1.6528544512341237,1.6528544512341237,1.652854451,Nivel II,0
2026-07-17,VIII,VIII_CI_A_1,49,81.10105008.01.1,81.10105008.01.1,Controlor delegat al Ministerului Finanţelor Publice,Controlor delegat al Ministerului Finanţelor Publice,funcționar public,execuție,central,,superior,,S,d) Funcţii publice specifice de execuţie,2.8,2.8,2.8,Nivel II,0
2026-07-17,VIII,VIII_CI_A_1,50,81.10105009.04.1,81.10105009.04.1,Inspector de muncă; inspector social; asistent social; expert coordonator,Inspector de muncă|inspector social|asistent social|expert coordonator,funcționar public,execuție,central,,superior,,S,d) Funcţii publice specifice de execuţie,2.4989999999999997,2.4989999999999997,2.499,Gradația 0,0
2026-07-17,VIII,VIII_CI_A_1,51,81.10105009.04.2,81.10105009.04.2,Inspector de muncă; inspector social; asistent social; expert coordonator,Inspector de muncă|inspector social|asistent social|expert coordonator,funcționar public,execuție,central,,principal,,S,d) Funcţii publice specifice de execuţie,2.32,2.32,2.32,Gradația 0,0
2026-07-17,VIII,VIII_CI_A_1,52,81.10105009.04.3,81.10105009.04.3,Inspector de muncă; inspector social; asistent social; expert coordonator,Inspector de muncă|inspector social|asistent social|expert coordonator,funcționar public,execuție,central,,asistent,,S,d) Funcţii publice specifice de execuţie,2.11,2.11,2.11,Gradația 0,0
2026-07-17,VIII,VIII_CI_A_1,53,81.10105009.04.4,81.10105009.04.4,Inspector de muncă; inspector social; asistent social; expert coordonator,Inspector de muncă|inspector social|asistent social|expert coordonator,funcționar public,execuție,central,,debutant,,S,d) Funcţii publice specifice de execuţie,1.92,1.92,1.92,Gradația 0,0
2026-07-17,VIII,VIII_CI_A_1,54,81.10105009.04.1,81.10105009.04.1,Inspector vamal; Inspector antifrauda; inspector de urmărire și administrare bunuri,Inspector vamal|Inspector antifrauda|inspector de urmărire și administrare bunuri,funcționar public,execuție,central,,superior,,S,d) Funcţii publice specifice de execuţie,1.1372549019607843,2.8,2.499|2.8|1.137254902,Gradația 0|Nivel II|,0
2026-07-17,VIII,VIII_CI_A_1,55,81.10105009.04.2,81.10105009.04.2,Inspector vamal; Inspector antifrauda; inspector de urmărire și administrare bunuri,Inspector vamal|Inspector antifrauda|inspector de urmărire și administrare bunuri,funcționar public,execuție,central,,principal,,S,d) Funcţii publice specifice de execuţie,1.030586206896552,2.39096,2.32|2.39096|1.030586207,Gradația 0|Nivel II|,0
2026-07-17,VIII,VIII_CI_A_1,56,81.10105009.04.3,81.10105009.04.3,Inspector vamal; Inspector antifrauda; inspector de urmărire și administrare bunuri,Inspector vamal|Inspector antifrauda|inspector de urmărire și administrare bunuri,funcționar public,execuție,central,,asistent,,S,d) Funcţii publice specifice de execuţie,1.0301421800947868,2.1736,2.11|2.1736|1.03014218,Gradația 0|Nivel II|,0
2026-07-17,VIII,VIII_CI_A_1,57,81.10105009.04.4,81.10105009.04.4,Inspector vamal; Inspector antifrauda; inspector de urmărire și administrare bunuri,Inspector vamal|Inspector antifrauda|inspector de urmărire și administrare bunuri,funcționar public,execuție,central,,debutant,,S,d) Funcţii publice specifice de execuţie,1.0291666666666668,1.976,1.92|1.976|1.029166667,Gradația 0|Nivel II|,0
2026-07-17,VIII,VIII_CI_A_1,58,81.10105010.01.1,81.10105010.01.1,Comisar,Comisar,funcționar public,execuție,central,,superior,,S,d) Funcţii publice specifice de execuţie,2.4989999999999997,2.4989999999999997,2.499,Gradația 0,0
2026-07-17,VIII,VIII_CI_A_1,59,81.10105010.01.2,81.10105010.01.2,Comisar,Comisar,funcționar public,execuție,central,,principal,,S,d) Funcţii publice specifice de execuţie,2.32,2.32,2.32,Gradația 0,0
2026-07-17,VIII,VIII_CI_A_1,60,81.10105010.01.3,81.10105010.01.3,Comisar,Comisar,funcționar public,execuție,central,,asistent,,S,d) Funcţii publice specifice de execuţie,2.11,2.11,2.11,Gradația 0,0
2026-07-17,VIII,VIII_CI_A_1,61,81.10105010.01.4,81.10105010.01.4,Comisar,Comisar,funcționar public,execuție,central,,debutant,,S,d) Funcţii publice specifice de execuţie,1.92,1.92,1.92,Gradația 0,0
2026-07-17,VIII,VIII_CI_A_1,62,81.10105011.02.1,81.10105011.02.1,Comisar; agent vamal,Comisar|agent vamal,funcționar public,execuție,central,,superior,,SSD,d) Funcţii publice specifice de execuţie,1.86778592,1.86778592,1.86778592,Gradația 0,0
2026-07-17,VIII,VIII_CI_A_1,63,81.10105011.02.2,81.10105011.02.2,Comisar; agent vamal,Comisar|agent vamal,funcționar public,execuție,central,,principal,,SSD,d) Funcţii publice specifice de execuţie,1.8042184159999999,1.8042184159999999,1.804218416,Gradația 0,0
2026-07-17,VIII,VIII_CI_A_1,64,81.10105011.02.3,81.10105011.02.3,Comisar; agent vamal,Comisar|agent vamal,funcționar public,execuție,central,,asistent,,SSD,d) Funcţii publice specifice de execuţie,1.7041024,1.7041024,1.7041024,Gradația 0,0
2026-07-17,VIII,VIII_CI_A_1,65,81.10105011.02.4,81.10105011.02.4,Comisar; agent vamal,Comisar|agent vamal,funcționar public,execuție,central,,debutant,,SSD,d) Funcţii publice specifice de execuţie,1.6653727999999999,1.6653727999999999,1.6653728,Gradația 0,0
2026-07-17,VIII,VIII_CI_A_1,66,81.10105012.03.1,81.10105012.03.1,Comisar; controlor vamal; casier trezorier,Comisar|controlor vamal|casier trezorier,funcționar public,execuție,central,,superior,,M,d) Funcţii publice specifice de execuţie,1.8024134128,1.8024134128,1.802413413,Gradația 0,0
2026-07-17,VIII,VIII_CI_A_1,67,81.10105012.03.2,81.10105012.03.2,Comisar; controlor vamal; casier trezorier,Comisar|controlor vamal|casier trezorier,funcționar public,execuție,central,,principal,,M,d) Funcţii publice specifice de execuţie,1.7410707714399998,1.7410707714399998,1.741070771,Gradația 0,0
2026-07-17,VIII,VIII_CI_A_1,68,81.10105012.03.3,81.10105012.03.3,Comisar; controlor vamal; casier trezorier,Comisar|controlor vamal|casier trezorier,funcționar public,execuție,central,,asistent,,M,d) Funcţii publice specifice de execuţie,1.6444588159999998,1.6444588159999998,1.644458816,Gradația 0,0
2026-07-17,VIII,VIII_CI_A_1,69,81.10105012.03.4,81.10105012.03.4,Comisar; controlor vamal; casier trezorier,Comisar|controlor vamal|casier trezorier,funcționar public,execuție,central,,debutant,,M,d) Funcţii publice specifice de execuţie,1.5987578879999997,1.5987578879999997,1.598757888,Gradația 0,0
2026-07-17,VIII,VIII_CI_A_1,70,81.10105013.02.1,81.10105013.02.1,Consilier evaluare - examinare; expert evaluare - examinare,Consilier evaluare - examinare|expert evaluare - examinare,funcționar public,execuție,central,,superior,,S,d) Funcţii publice specifice de execuţie,2.8,2.8,2.8,Nivel II,0
2026-07-17,VIII,VIII_CI_A_1,71,81.10105013.02.2,81.10105013.02.2,Consilier evaluare - examinare; expert evaluare - examinare,Consilier evaluare - examinare|expert evaluare - examinare,funcționar public,execuție,central,,principal,,S,d) Funcţii publice specifice de execuţie,2.39096,2.39096,2.39096,Nivel II,0
2026-07-17,VIII,VIII_CI_A_1,72,81.10105013.02.3,81.10105013.02.3,Consilier evaluare - examinare; expert evaluare - examinare,Consilier evaluare - examinare|expert evaluare - examinare,funcționar public,execuție,central,,asistent,,S,d) Funcţii publice specifice de execuţie,2.1736,2.1736,2.1736,Nivel II,0
2026-07-17,VIII,VIII_CI_A_1,73,81.10105013.02.4,81.10105013.02.4,Consilier evaluare - examinare; expert evaluare - examinare,Consilier evaluare - examinare|expert evaluare - examinare,funcționar public,execuție,central,,debutant,,S,d) Funcţii publice specifice de execuţie,1.976,1.976,1.976,Nivel II,0
2026-07-17,VIII,VIII_CI_A_1,74,81.10105014.01.1,81.10105014.01.1,Analist evaluare - examinare,Analist evaluare - examinare,funcționar public,execuție,central,,superior,,S,d) Funcţii publice specifice de execuţie,2.3520000000000008,2.3520000000000008,2.352,Gradația 0,0
2026-07-17,VIII,VIII_CI_A_1,75,81.10105014.01.2,81.10105014.01.2,Analist evaluare - examinare,Analist evaluare - examinare,funcționar public,execuție,central,,principal,,S,d) Funcţii publice specifice de execuţie,2.1521221149999996,2.1521221149999996,2.152122115,Gradația 0,0
2026-07-17,VIII,VIII_CI_A_1,76,81.10105014.01.3,81.10105014.01.3,Analist evaluare - examinare,Analist evaluare - examinare,funcționar public,execuție,central,,asistent,,S,d) Funcţii publice specifice de execuţie,2.133298557948747,2.133298557948747,2.133298558,Gradația 0,0
2026-07-17,VIII,VIII_CI_A_1,77,81.10105014.01.4,81.10105014.01.4,Analist evaluare - examinare,Analist evaluare - examinare,funcționar public,execuție,central,,debutant,,S,d) Funcţii publice specifice de execuţie,1.976,1.976,1.976,Gradația 0,0
2026-07-17,VIII,VIII_CI_A_1,79,81.10106001.01.1,81.10106001.01.1,Manager public,Manager public,funcționar public,execuție,central,,superior,,S,Funcţii publice specifice de manager public,3.171,3.171,3.171,Gradația 0,0
2026-07-17,VIII,VIII_CI_A_1,80,81.10106001.01.2,81.10106001.01.2,Manager public,Manager public,funcționar public,execuție,central,,principal,,S,Funcţii publice specifice de manager public,3.0199999999999996,3.0199999999999996,3.02,Gradația 0,0
2026-07-17,VIII,VIII_CI_A_1,81,81.10106001.01.3,81.10106001.01.3,Manager public,Manager public,funcționar public,execuție,central,,asistent,,S,Funcţii publice specifice de manager public,2.8761904761904757,2.8761904761904757,2.876190476,Gradația 0,0
2026-07-17,VIII,VIII_CI_A_2,10,81.20107001.02.2,81.20107001.02.2,Director general; comisar general prim adjunct,Director general|comisar general prim adjunct,funcționar public,conducere,teritorial,,,,S,a) Funcţii publice de conducere,4.598,4.84,4.598|4.84,Grad I|Grad II,0
2026-07-17,VIII,VIII_CI_A_2,11,81.20107002.04.2,81.20107002.04.2,Director general adjunct; inspector de stat şef adjunct; inspector general de stat adjunct; comisar general adjunct,Director general adjunct|inspector de stat şef adjunct|inspector general de stat adjunct|comisar general adjunct,funcționar public,conducere,teritorial,,,,S,a) Funcţii publice de conducere,4.138199999999999,4.356,4.1382|4.356,Grad I|Grad II,0
2026-07-17,VIII,VIII_CI_A_2,12,81.20107003.06.2,81.20107003.06.2,Director; șef compartiment; inspector şef; comisar şef divizie; comisar şef secţie; director executiv,Director|șef compartiment|inspector şef|comisar şef divizie|comisar şef secţie|director executiv,funcționar public,conducere,teritorial,,,,S,a) Funcţii publice de conducere,4.138199999999999,4.356,4.1382|4.356,Grad I|Grad II,0
2026-07-17,VIII,VIII_CI_A_2,13,81.20107004.09.2,81.20107004.09.2,Director adjunct; inspector şef adjunct; şef sector; comisar şef adjunct; comisar şef secţie divizie; director executiv adjunct; comisar şef secţie adjunct,Director adjunct|inspector şef adjunct|şef sector|comisar şef adjunct|comisar şef secţie divizie|director executiv adjunct|comisar şef secţie adjunct,funcționar public,conducere,teritorial,,,,S,a) Funcţii publice de conducere,3.7703599999999997,3.9688,3.77036|3.9688,Grad I|Grad II,0
2026-07-17,VIII,VIII_CI_A_2,14,81.20107005.02.2,81.20107005.02.2,Şef serviciu; comisar şef divizie secţie,Şef serviciu|comisar şef divizie secţie,funcționar public,conducere,teritorial,,,,S,a) Funcţii publice de conducere,3.6365999999999996,3.828,3.6366|3.828,Grad I|Grad II,0
2026-07-17,VIII,VIII_CI_A_2,15,81.20107006.02.2,81.20107006.02.2,Şef oficiu,Şef oficiu,funcționar public,conducere,teritorial,,,,S,a) Funcţii publice de conducere,3.367549295774648,3.544788732394366,3.367549296|3.544788732,Grad I|Grad II,0
2026-07-17,VIII,VIII_CI_A_2,17,81.20108001.01.1,81.20108001.01.1,Auditor,Auditor,funcționar public,execuție,teritorial,,superior,,S,b) Funcţii publice generale de execuţie,2.252286225,2.252286225,2.252286225,Gradația 0,0
2026-07-17,VIII,VIII_CI_A_2,18,81.20108001.01.2,81.20108001.01.2,Auditor,Auditor,funcționar public,execuție,teritorial,,principal,,S,b) Funcţii publice generale de execuţie,2.1756327862499996,2.1756327862499996,2.175632786,Gradația 0,0
2026-07-17,VIII,VIII_CI_A_2,19,81.20108001.01.3,81.20108001.01.3,Auditor,Auditor,funcționar public,execuție,teritorial,,asistent,,S,b) Funcţii publice generale de execuţie,1.9778479875000003,1.9778479875000003,1.977847988,Gradația 0,0
2026-07-17,VIII,VIII_CI_A_2,20,81.20108002.04.1,81.20108002.04.1,Consilier; consilier juridic; consilier achiziții publice; expert; inspector,Consilier|consilier juridic|consilier achiziții publice|expert|inspector,funcționar public,execuție,teritorial,,superior,,S,b) Funcţii publice generale de execuţie,2.15,2.15,2.15,Gradația 0,0
2026-07-17,VIII,VIII_CI_A_2,21,81.20108002.04.2,81.20108002.04.2,Consilier; consilier juridic; consilier achiziții publice; expert; inspector,Consilier|consilier juridic|consilier achiziții publice|expert|inspector,funcționar public,execuție,teritorial,,principal,,S,b) Funcţii publice generale de execuţie,2.07,2.07,2.07,Gradația 0,0
2026-07-17,VIII,VIII_CI_A_2,22,81.20108002.04.3,81.20108002.04.3,Consilier; consilier juridic; consilier achiziții publice; expert; inspector,Consilier|consilier juridic|consilier achiziții publice|expert|inspector,funcționar public,execuție,teritorial,,asistent,,S,b) Funcţii publice generale de execuţie,1.88,1.88,1.88,Gradația 0,0
2026-07-17,VIII,VIII_CI_A_2,23,81.20108002.04.4,81.20108002.04.4,Consilier; consilier juridic; consilier achiziții publice; expert; inspector,Consilier|consilier juridic|consilier achiziții publice|expert|inspector,funcționar public,execuție,teritorial,,debutant,,S,b) Funcţii publice generale de execuţie,1.71,1.71,1.71,Gradația 0,0
2026-07-17,VIII,VIII_CI_A_2,24,81.20108003.01.1,81.20108003.01.1,Referent de specialitate,Referent de specialitate,funcționar public,execuție,teritorial,,superior,,SSD,b) Funcţii publice generale de execuţie,1.6768290000000001,1.6768290000000001,1.676829,Gradația 0,0
2026-07-17,VIII,VIII_CI_A_2,25,81.20108003.01.2,81.20108003.01.2,Referent de specialitate,Referent de specialitate,funcționar public,execuție,teritorial,,principal,,SSD,b) Funcţii publice generale de execuţie,1.61976045,1.61976045,1.61976045,Gradația 0,0
2026-07-17,VIII,VIII_CI_A_2,26,81.20108003.01.3,81.20108003.01.3,Referent de specialitate,Referent de specialitate,funcționar public,execuție,teritorial,,asistent,,SSD,b) Funcţii publice generale de execuţie,1.52988,1.52988,1.52988,Gradația 0,0
2026-07-17,VIII,VIII_CI_A_2,27,81.20108003.01.4,81.20108003.01.4,Referent de specialitate,Referent de specialitate,funcționar public,execuție,teritorial,,debutant,,SSD,b) Funcţii publice generale de execuţie,1.49511,1.49511,1.49511,Gradația 0,0
2026-07-17,VIII,VIII_CI_A_2,28,81.20108004.01.1,81.20108004.01.1,Referent,Referent,funcționar public,execuție,teritorial,,superior,,M,b) Funcţii publice generale de execuţie,1.618139985,1.618139985,1.618139985,Gradația 0,0
2026-07-17,VIII,VIII_CI_A_2,29,81.20108004.01.2,81.20108004.01.2,Referent,Referent,funcționar public,execuție,teritorial,,principal,,M,b) Funcţii publice generale de execuţie,1.5630688342499999,1.5630688342499999,1.563068834,Gradația 0,0
2026-07-17,VIII,VIII_CI_A_2,30,81.20108004.01.3,81.20108004.01.3,Referent,Referent,funcționar public,execuție,teritorial,,asistent,,M,b) Funcţii publice generale de execuţie,1.4763342,1.4763342,1.4763342,Gradația 0,0
2026-07-17,VIII,VIII_CI_A_2,31,81.20108004.01.4,81.20108004.01.4,Referent,Referent,funcționar public,execuție,teritorial,,debutant,,M,b) Funcţii publice generale de execuţie,1.4353056,1.4353056,1.4353056,Gradația 0,0
2026-07-17,VIII,VIII_CI_A_2,33,81.20109001.03.1,81.20109001.03.1,Inspector de muncă; inspector social; asistent social; expert coordonator,Inspector de muncă|inspector social|asistent social|expert coordonator,funcționar public,execuție,teritorial,,superior,,S,c) Funcţii publice specifice de execuţie,2.2491,2.2491,2.2491,Gradația 0,0
2026-07-17,VIII,VIII_CI_A_2,34,81.20109001.03.2,81.20109001.03.2,Inspector de muncă; inspector social; asistent social; expert coordonator,Inspector de muncă|inspector social|asistent social|expert coordonator,funcționar public,execuție,teritorial,,principal,,S,c) Funcţii publice specifice de execuţie,2.0416,2.0416,2.0416,Gradația 0,0
2026-07-17,VIII,VIII_CI_A_2,35,81.20109001.03.3,81.20109001.03.3,Inspector de muncă; inspector social; asistent social; expert coordonator,Inspector de muncă|inspector social|asistent social|expert coordonator,funcționar public,execuție,teritorial,,asistent,,S,c) Funcţii publice specifice de execuţie,1.8568,1.8568,1.8568,Gradația 0,0
2026-07-17,VIII,VIII_CI_A_2,36,81.20109001.03.4,81.20109001.03.4,Inspector de muncă; inspector social; asistent social; expert coordonator,Inspector de muncă|inspector social|asistent social|expert coordonator,funcționar public,execuție,teritorial,,debutant,,S,c) Funcţii publice specifice de execuţie,1.6896,1.6896,1.6896,Gradația 0,0
2026-07-17,VIII,VIII_CI_A_2,37,81.20109002.01.1,81.20109002.01.1,Comisar,Comisar,funcționar public,execuție,teritorial,,superior,,S,c) Funcţii publice specifice de execuţie,2.2491,2.2491,2.2491,Gradația 0,0
2026-07-17,VIII,VIII_CI_A_2,38,81.20109002.01.2,81.20109002.01.2,Comisar,Comisar,funcționar public,execuție,teritorial,,principal,,S,c) Funcţii publice specifice de execuţie,2.0416,2.0416,2.0416,Gradația 0,0
2026-07-17,VIII,VIII_CI_A_2,39,81.20109002.01.3,81.20109002.01.3,Comisar,Comisar,funcționar public,execuție,teritorial,,asistent,,S,c) Funcţii publice specifice de execuţie,1.8568,1.8568,1.8568,Gradația 0,0
2026-07-17,VIII,VIII_CI_A_2,40,81.20109002.01.4,81.20109002.01.4,Comisar,Comisar,funcționar public,execuție,teritorial,,debutant,,S,c) Funcţii publice specifice de execuţie,1.6896,1.6896,1.6896,Gradația 0,0
2026-07-17,VIII,VIII_CI_A_2,41,81.20109003.01.1,81.20109003.01.1,Comisar,Comisar,funcționar public,execuție,teritorial,,superior,,SSD,c) Funcţii publice specifice de execuţie,1.5689401727999999,1.5689401727999999,1.568940173,Gradația 0,0
2026-07-17,VIII,VIII_CI_A_2,42,81.20109003.01.2,81.20109003.01.2,Comisar,Comisar,funcționar public,execuție,teritorial,,principal,,SSD,c) Funcţii publice specifice de execuţie,1.5155434694399998,1.5155434694399998,1.515543469,Gradația 0,0
2026-07-17,VIII,VIII_CI_A_2,43,81.20109003.01.3,81.20109003.01.3,Comisar,Comisar,funcționar public,execuție,teritorial,,asistent,,SSD,c) Funcţii publice specifice de execuţie,1.431446016,1.431446016,1.431446016,Gradația 0,0
2026-07-17,VIII,VIII_CI_A_2,44,81.20109003.01.4,81.20109003.01.4,Comisar,Comisar,funcționar public,execuție,teritorial,,debutant,,SSD,c) Funcţii publice specifice de execuţie,1.3989131519999998,1.3989131519999998,1.398913152,Gradația 0,0
2026-07-17,VIII,VIII_CI_A_2,45,81.20109004.01.1,81.20109004.01.1,Referent de specialitate,Referent de specialitate,funcționar public,execuție,teritorial,,superior,,M,c) Funcţii publice specifice de execuţie,1.514027266752,1.514027266752,1.514027267,Gradația 0,0
2026-07-17,VIII,VIII_CI_A_2,46,81.20109004.01.2,81.20109004.01.2,Referent de specialitate,Referent de specialitate,funcționar public,execuție,teritorial,,principal,,M,c) Funcţii publice specifice de execuţie,1.4624994480095999,1.4624994480095999,1.462499448,Gradația 0,0
2026-07-17,VIII,VIII_CI_A_2,47,81.20109004.01.3,81.20109004.01.3,Referent de specialitate,Referent de specialitate,funcționar public,execuție,teritorial,,asistent,,M,c) Funcţii publice specifice de execuţie,1.3813454054399998,1.3813454054399998,1.381345405,Gradația 0,0
2026-07-17,VIII,VIII_CI_A_2,48,81.20109004.01.4,81.20109004.01.4,Referent de specialitate,Referent de specialitate,funcționar public,execuție,teritorial,,debutant,,M,c) Funcţii publice specifice de execuţie,1.3429566259199996,1.3429566259199996,1.342956626,Gradația 0,0
2026-07-17,VIII,VIII CI A 3 (local1),10,81.30110001.01.2,81.30110001.01.2,Secretar general,Secretar general,funcționar public,conducere,,peste 200.000,,,S,a) Funcţii publice de conducere,4.7025,4.95,4.7025|4.95,Grad managerial|Nivel II,0
2026-07-17,VIII,VIII CI A 3 (local1),11,81.30110002.02.2,81.30110002.02.2,Director general 1);controlor financiar şef,Director general|controlor financiar şef,funcționar public,conducere,,peste 200.000,,,S,a) Funcţii publice de conducere,4.523804999999999,4.7025,4.523805|4.7025,Grad managerial|Nivel II,0
2026-07-17,VIII,VIII CI A 3 (local1),12,81.30110003.01.2,81.30110003.01.2,Arhitect-şef 2),Arhitect-şef,funcționar public,conducere,,peste 200.000,,,S,a) Funcţii publice de conducere,4.523804999999999,4.7025,4.523805|4.7025,Grad managerial|Nivel II,0
2026-07-17,VIII,VIII CI A 3 (local1),13,81.30110004.02.2,81.30110004.02.2,Director general adjunct; controlor financiar şef adjunct,Director general adjunct|controlor financiar şef adjunct,funcționar public,conducere,,peste 200.000,,,S,a) Funcţii publice de conducere,4.1476049999999995,4.3659,4.147605|4.3659,Grad managerial|Nivel II,0
2026-07-17,VIII,VIII CI A 3 (local1),14,81.30110005.05.2,81.30110005.05.2,Director; șef compartiment; director executiv; trezorier şef; şef administraţie,Director|șef compartiment|director executiv|trezorier şef|şef administraţie,funcționar public,conducere,,peste 200.000,,,S,a) Funcţii publice de conducere,4.1476049999999995,4.3659,4.147605|4.3659,Grad managerial|Nivel II,0
2026-07-17,VIII,VIII CI A 3 (local1),15,81.30110006.08.2,81.30110006.08.2,Director adjunct; şef sector; director executiv adjunct; trezorier şef adjunct; şef administraţie adjunct,Director adjunct|şef sector|director executiv adjunct|trezorier şef adjunct|şef administraţie adjunct,funcționar public,conducere,,peste 200.000,,,S,a) Funcţii publice de conducere,3.79820925,3.9981150000000003,3.79820925|3.998115,Grad managerial|Nivel II,0
2026-07-17,VIII,VIII CI A 3 (local1),16,81.30110007.02.2,81.30110007.02.2,Şef serviciu;,Şef serviciu,funcționar public,conducere,,peste 200.000,,,S,a) Funcţii publice de conducere,3.7192499999999993,3.9149999999999996,3.71925|3.915,Grad managerial|Nivel II,0
2026-07-17,VIII,VIII CI A 3 (local1),17,81.30110008.03.2,81.30110008.03.2,Şef oficiu;,Şef oficiu,funcționar public,conducere,,peste 200.000,,,S,a) Funcţii publice de conducere,3.2718802816901404,3.444084507042253,3.271880282|3.444084507,Grad managerial|Nivel II,0
2026-07-17,VIII,VIII CI A 3 (local1),18,,,Director executiv (conducător al unei instituții publice de interes local cu personalitate juridică),Director executiv,funcționar public,conducere,,peste 200.000,,,S,a) Funcţii publice de conducere,4.1476049999999995,4.3659,4.147605|4.3659,Grad managerial|Nivel II,0
2026-07-17,VIII,VIII CI A 3 (local1),19,,,Arhitect-şef,Arhitect-şef,funcționar public,conducere,,peste 200.000,,,SSD,a) Funcţii publice de conducere,3.2718802816901404,3.444084507042253,3.271880282|3.444084507,Grad managerial|Nivel II,0
2026-07-17,VIII,VIII CI A 3 (local1),21,81.30111001.01.1,81.30111001.01.1,Auditor,Auditor,funcționar public,execuție,,peste 200.000,superior,,S,b) Funcţii publice generale de execuţie,2.3461199999999995,2.4696,2.34612|2.4696,Gradația 0|Nivel II,0
2026-07-17,VIII,VIII CI A 3 (local1),22,81.30111001.01.2,81.30111001.01.2,Auditor,Auditor,funcționar public,execuție,,peste 200.000,principal,,S,b) Funcţii publice generale de execuţie,2.2473874499999997,2.365671,2.24738745|2.365671,Gradația 0|Nivel II,0
2026-07-17,VIII,VIII CI A 3 (local1),23,81.30111001.01.3,81.30111001.01.3,Auditor,Auditor,funcționar public,execuție,,peste 200.000,asistent,,S,b) Funcţii publice generale de execuţie,2.0430794999999997,2.15061,2.0430795|2.15061,Gradația 0|Nivel II,0
2026-07-17,VIII,VIII CI A 3 (local1),24,81.30111002.04.1,81.30111002.04.1,Consilier; consilier juridic; consilier achiziții publice; expert; inspector;,Consilier|consilier juridic|consilier achiziții publice|expert|inspector,funcționar public,execuție,,peste 200.000,superior,,S,b) Funcţii publice generale de execuţie,2.23,2.352,2.23|2.352,Gradația 0|Nivel II,0
2026-07-17,VIII,VIII CI A 3 (local1),25,81.30111002.04.2,81.30111002.04.2,Consilier; consilier juridic; consilier achiziții publice; expert; inspector;,Consilier|consilier juridic|consilier achiziții publice|expert|inspector,funcționar public,execuție,,peste 200.000,principal,,S,b) Funcţii publice generale de execuţie,2.1403689999999997,2.23,2.140369|2.23,Gradația 0|Nivel II,0
2026-07-17,VIII,VIII CI A 3 (local1),26,81.30111002.04.3,81.30111002.04.3,Consilier; consilier juridic; consilier achiziții publice; expert; inspector;,Consilier|consilier juridic|consilier achiziții publice|expert|inspector,funcționar public,execuție,,peste 200.000,asistent,,S,b) Funcţii publice generale de execuţie,1.94579,2.02,1.94579|2.02,Gradația 0|Nivel II,0
2026-07-17,VIII,VIII CI A 3 (local1),27,81.30111002.04.4,81.30111002.04.4,Consilier; consilier juridic; consilier achiziții publice; expert; inspector;,Consilier|consilier juridic|consilier achiziții publice|expert|inspector,funcționar public,execuție,,peste 200.000,debutant,,S,b) Funcţii publice generale de execuţie,1.7688999999999997,1.84,1.7689|1.84,Gradația 0|Nivel II,0
2026-07-17,VIII,VIII CI A 3 (local1),28,,,Polițist local,Polițist local,funcționar public,execuție,,peste 200.000,superior,,S,b) Funcţii publice generale de execuţie,2.23,2.352,2.23|2.352,Gradația 0|Nivel II,0
2026-07-17,VIII,VIII CI A 3 (local1),29,,,Polițist local,Polițist local,funcționar public,execuție,,peste 200.000,principal,,S,b) Funcţii publice generale de execuţie,2.1403689999999997,2.23,2.140369|2.23,Gradația 0|Nivel II,0
2026-07-17,VIII,VIII CI A 3 (local1),30,,,Polițist local,Polițist local,funcționar public,execuție,,peste 200.000,asistent,,S,b) Funcţii publice generale de execuţie,1.94579,2.02,1.94579|2.02,Gradația 0|Nivel II,0
2026-07-17,VIII,VIII CI A 3 (local1),31,,,Polițist local,Polițist local,funcționar public,execuție,,peste 200.000,debutant,,S,b) Funcţii publice generale de execuţie,1.7688999999999997,1.84,1.7689|1.84,Gradația 0|Nivel II,0
2026-07-17,VIII,VIII CI A 3 (local1),32,81.30111003.01.1,81.30111003.01.1,Referent de specialitate; Polițist local,Referent de specialitate|Polițist local,funcționar public,execuție,,peste 200.000,superior,,SSD,b) Funcţii publice generale de execuţie,1.7204879999999998,1.8326,1.720488|1.8326,Gradația 0|Nivel II,0
2026-07-17,VIII,VIII CI A 3 (local1),33,81.30111003.01.2,81.30111003.01.2,Referent de specialitate; Polițist local,Referent de specialitate|Polițist local,funcționar public,execuție,,peste 200.000,principal,,SSD,b) Funcţii publice generale de execuţie,1.6480841299999998,1.77023,1.64808413|1.77023,Gradația 0|Nivel II,0
2026-07-17,VIII,VIII CI A 3 (local1),34,81.30111003.01.3,81.30111003.01.3,Referent de specialitate; Polițist local,Referent de specialitate|Polițist local,funcționar public,execuție,,peste 200.000,asistent,,SSD,b) Funcţii publice generale de execuţie,1.5566319999999998,1.672,1.556632|1.672,Gradația 0|Nivel II,0
2026-07-17,VIII,VIII CI A 3 (local1),35,81.30111003.01.4,81.30111003.01.4,Referent de specialitate; Polițist local,Referent de specialitate|Polițist local,funcționar public,execuție,,peste 200.000,debutant,,SSD,b) Funcţii publice generale de execuţie,1.5212539999999999,1.634,1.521254|1.634,Gradația 0|Nivel II,0
2026-07-17,VIII,VIII CI A 3 (local1),36,81.30111004.01.1,81.30111004.01.1,Referent; Polițist local,Referent|Polițist local,funcționar public,execuție,,peste 200.000,superior,,M,b) Funcţii publice generale de execuţie,1.6602709199999997,1.768459,1.66027092|1.768459,Gradația 0|Nivel II,0
2026-07-17,VIII,VIII CI A 3 (local1),37,81.30111004.01.2,81.30111004.01.2,Referent; Polițist local,Referent|Polițist local,funcționar public,execuție,,peste 200.000,principal,,M,b) Funcţii publice generale de execuţie,1.5904011854499998,1.7082719499999999,1.590401185|1.70827195,Gradația 0|Nivel II,0
2026-07-17,VIII,VIII CI A 3 (local1),38,81.30111004.01.3,81.30111004.01.3,Referent; Polițist local,Referent|Polițist local,funcționar public,execuție,,peste 200.000,asistent,,M,b) Funcţii publice generale de execuţie,1.5021498799999997,1.6134799999999998,1.50214988|1.61348,Gradația 0|Nivel II,0
2026-07-17,VIII,VIII CI A 3 (local1),39,81.30111004.01.4,81.30111004.01.4,Referent; Polițist local,Referent|Polițist local,funcționar public,execuție,,peste 200.000,debutant,,M,b) Funcţii publice generale de execuţie,1.4604038399999997,1.5686399999999998,1.46040384|1.56864,Gradația 0|Nivel II,0
2026-07-17,VIII,VIII CI A 3 (local1),41,,,Asistent social,Asistent social,funcționar public,execuție,,peste 200.000,superior,,S,c) Funcţii publice specifice de execuţie,2.23,2.352,2.23|2.352,Gradația 0|Nivel II,0
2026-07-17,VIII,VIII CI A 3 (local1),42,,,Asistent social,Asistent social,funcționar public,execuție,,peste 200.000,principal,,S,c) Funcţii publice specifice de execuţie,2.1403689999999997,2.23,2.140369|2.23,Gradația 0|Nivel II,0
2026-07-17,VIII,VIII CI A 3 (local1),43,,,Asistent social,Asistent social,funcționar public,execuție,,peste 200.000,asistent,,S,c) Funcţii publice specifice de execuţie,1.94579,2.02,1.94579|2.02,Gradația 0|Nivel II,0
2026-07-17,VIII,VIII CI A 3 (local1),44,,,Asistent social,Asistent social,funcționar public,execuție,,peste 200.000,debutant,,S,c) Funcţii publice specifice de execuţie,1.7688999999999997,1.84,1.7689|1.84,Gradația 0|Nivel II,0
2026-07-17,VIII,VIII CI A 3 (local2),9,81.30110001.01.2,81.30110001.01.2,Secretar general,Secretar general,funcționar public,conducere,,50.000-200.000,,,S,a) Funcţii publice de conducere,4.028,4.24,4.028|4.24,Grad managerial|Nivel II,0
2026-07-17,VIII,VIII CI A 3 (local2),10,81.30110002.02.2,81.30110002.02.2,Director general 1);controlor financiar şef,Director general|controlor financiar şef,funcționar public,conducere,,50.000-200.000,,,S,a) Funcţii publice de conducere,3.7243799999999996,3.9204,3.72438|3.9204,Grad managerial|Nivel II,0
2026-07-17,VIII,VIII CI A 3 (local2),11,81.30110003.01.2,81.30110003.01.2,Arhitect-şef 2),Arhitect-şef,funcționar public,conducere,,50.000-200.000,,,S,a) Funcţii publice de conducere,3.9204,3.9204,3.9204,Nivel II,0
2026-07-17,VIII,VIII CI A 3 (local2),12,81.30110004.02.2,81.30110004.02.2,Director general adjunct; controlor financiar şef adjunct,Director general adjunct|controlor financiar şef adjunct,funcționar public,conducere,,50.000-200.000,,,S,a) Funcţii publice de conducere,3.4636734,3.645972,3.4636734|3.645972,Grad managerial|Nivel II,0
2026-07-17,VIII,VIII CI A 3 (local2),13,81.30110005.05.2,81.30110005.05.2,Director; șef compartiment; director executiv; trezorier şef; şef administraţie,Director|șef compartiment|director executiv|trezorier şef|şef administraţie,funcționar public,conducere,,50.000-200.000,,,S,a) Funcţii publice de conducere,3.4636734,3.645972,3.4636734|3.645972,Grad managerial|Nivel II,0
2026-07-17,VIII,VIII CI A 3 (local2),14,81.30110006.08.2,81.30110006.08.2,Director adjunct; şef sector; director executiv adjunct; trezorier şef adjunct; şef administraţie adjunct,Director adjunct|şef sector|director executiv adjunct|trezorier şef adjunct|şef administraţie adjunct,funcționar public,conducere,,50.000-200.000,,,S,a) Funcţii publice de conducere,3.2236578,3.393324,3.2236578|3.393324,Grad managerial|Nivel II,0
2026-07-17,VIII,VIII CI A 3 (local2),15,81.30110007.02.2,81.30110007.02.2,Şef serviciu,Şef serviciu,funcționar public,conducere,,50.000-200.000,,,S,a) Funcţii publice de conducere,3.1092929999999996,3.2729399999999997,3.109293|3.27294,Grad managerial|Nivel II,0
2026-07-17,VIII,VIII CI A 3 (local2),16,81.30110008.03.2,81.30110008.03.2,Şef oficiu,Şef oficiu,funcționar public,conducere,,50.000-200.000,,,S,a) Funcţii publice de conducere,2.8792546478873238,3.030794366197183,2.879254648|3.030794366,Grad managerial|Nivel II,0
2026-07-17,VIII,VIII CI A 3 (local2),17,,,Director executiv (conducător al unei instituții publice de interes local cu personalitate juridică),Director executiv,funcționar public,conducere,,50.000-200.000,,,S,a) Funcţii publice de conducere,3.4636734,3.4636734,3.4636734,Grad managerial,0
2026-07-17,VIII,VIII CI A 3 (local2),18,,,Arhitect-şef,Arhitect-şef,funcționar public,conducere,,50.000-200.000,,,SSD,a) Funcţii publice de conducere,2.8792546478873238,3.030794366197183,2.879254648|3.030794366,Grad managerial|Nivel II,0
2026-07-17,VIII,VIII CI A 3 (local2),20,81.30111001.01.1,81.30111001.01.1,Auditor,Auditor,funcționar public,execuție,,50.000-200.000,superior,,S,b) Funcţii publice generale de execuţie,2.07,2.18,2.07|2.18,Gradația 0|Nivel II,0
2026-07-17,VIII,VIII CI A 3 (local2),21,81.30111001.01.2,81.30111001.01.2,Auditor,Auditor,funcționar public,execuție,,50.000-200.000,principal,,S,b) Funcţii publice generale de execuţie,1.97,2.07,1.97|2.07,Gradația 0|Nivel II,0
2026-07-17,VIII,VIII CI A 3 (local2),22,81.30111001.01.3,81.30111001.01.3,Auditor,Auditor,funcționar public,execuție,,50.000-200.000,asistent,,S,b) Funcţii publice generale de execuţie,1.79,1.88,1.79|1.88,Gradația 0|Nivel II,0
2026-07-17,VIII,VIII CI A 3 (local2),23,81.30111002.04.1,81.30111002.04.1,Consilier; consilier juridic; consilier achiziții publice; expert; inspector,Consilier|consilier juridic|consilier achiziții publice|expert|inspector,funcționar public,execuție,,50.000-200.000,superior,,S,b) Funcţii publice generale de execuţie,2.01,2.12,2.01|2.12,Gradația 0|Nivel II,0
2026-07-17,VIII,VIII CI A 3 (local2),24,81.30111002.04.2,81.30111002.04.2,Consilier; consilier juridic; consilier achiziții publice; expert; inspector,Consilier|consilier juridic|consilier achiziții publice|expert|inspector,funcționar public,execuție,,50.000-200.000,principal,,S,b) Funcţii publice generale de execuţie,1.9,2,1.9|2,Gradația 0|Nivel II,0
2026-07-17,VIII,VIII CI A 3 (local2),25,81.30111002.04.3,81.30111002.04.3,Consilier; consilier juridic; consilier achiziții publice; expert; inspector,Consilier|consilier juridic|consilier achiziții publice|expert|inspector,funcționar public,execuție,,50.000-200.000,asistent,,S,b) Funcţii publice generale de execuţie,1.73,1.82,1.73|1.82,Gradația 0|Nivel II,0
2026-07-17,VIII,VIII CI A 3 (local2),26,81.30111002.04.4,81.30111002.04.4,Consilier; consilier juridic; consilier achiziții publice; expert; inspector,Consilier|consilier juridic|consilier achiziții publice|expert|inspector,funcționar public,execuție,,50.000-200.000,debutant,,S,b) Funcţii publice generale de execuţie,1.58,1.66,1.58|1.66,Gradația 0|Nivel II,0
2026-07-17,VIII,VIII CI A 3 (local2),27,,,Polițist local,Polițist local,funcționar public,execuție,,50.000-200.000,superior,,S,b) Funcţii publice generale de execuţie,2.12,2.12,2.12,Gradația 0,0
2026-07-17,VIII,VIII CI A 3 (local2),28,,,Polițist local,Polițist local,funcționar public,execuție,,50.000-200.000,principal,,S,b) Funcţii publice generale de execuţie,2,2,2,Gradația 0,0
2026-07-17,VIII,VIII CI A 3 (local2),29,,,Polițist local,Polițist local,funcționar public,execuție,,50.000-200.000,asistent,,S,b) Funcţii publice generale de execuţie,1.82,1.82,1.82,Gradația 0,0
2026-07-17,VIII,VIII CI A 3 (local2),30,,,Polițist local,Polițist local,funcționar public,execuție,,50.000-200.000,debutant,,S,b) Funcţii publice generale de execuţie,1.66,1.66,1.66,Gradația 0,0
2026-07-17,VIII,VIII CI A 3 (local2),31,81.30111003.01.1,81.30111003.01.1,Referent de specialitate,Referent de specialitate,funcționar public,execuție,,50.000-200.000,superior,,SSD,b) Funcţii publice generale de execuţie,1.55,1.63,1.55|1.63,Gradația 0|Nivel II,0
2026-07-17,VIII,VIII CI A 3 (local2),32,81.30111003.01.2,81.30111003.01.2,Referent de specialitate,Referent de specialitate,funcționar public,execuție,,50.000-200.000,principal,,SSD,b) Funcţii publice generale de execuţie,1.46,1.54,1.46|1.54,Gradația 0|Nivel II,0
2026-07-17,VIII,VIII CI A 3 (local2),33,81.30111003.01.3,81.30111003.01.3,Referent de specialitate,Referent de specialitate,funcționar public,execuție,,50.000-200.000,asistent,,SSD,b) Funcţii publice generale de execuţie,1.39,1.46,1.39|1.46,Gradația 0|Nivel II,0
2026-07-17,VIII,VIII CI A 3 (local2),34,81.30111003.01.4,81.30111003.01.4,Referent de specialitate,Referent de specialitate,funcționar public,execuție,,50.000-200.000,debutant,,SSD,b) Funcţii publice generale de execuţie,1.35,1.42,1.35|1.42,Gradația 0|Nivel II,0
2026-07-17,VIII,VIII CI A 3 (local2),35,,,Polițist local,Polițist local,funcționar public,execuție,,50.000-200.000,superior,,SSD,b) Funcţii publice generale de execuţie,1.63,1.63,1.63,Gradația 0,0
2026-07-17,VIII,VIII CI A 3 (local2),36,,,Polițist local,Polițist local,funcționar public,execuție,,50.000-200.000,principal,,SSD,b) Funcţii publice generale de execuţie,1.54,1.54,1.54,Gradația 0,0
2026-07-17,VIII,VIII CI A 3 (local2),37,,,Polițist local,Polițist local,funcționar public,execuție,,50.000-200.000,asistent,,SSD,b) Funcţii publice generale de execuţie,1.46,1.46,1.46,Gradația 0,0
2026-07-17,VIII,VIII CI A 3 (local2),38,,,Polițist local,Polițist local,funcționar public,execuție,,50.000-200.000,debutant,,SSD,b) Funcţii publice generale de execuţie,1.42,1.42,1.42,Gradația 0,0
2026-07-17,VIII,VIII CI A 3 (local2),39,81.30111004.01.1,81.30111004.01.1,Referent,Referent,funcționar public,execuție,,50.000-200.000,superior,,M,b) Funcţii publice generale de execuţie,1.49,1.57,1.49|1.57,Gradația 0|Nivel II,0
2026-07-17,VIII,VIII CI A 3 (local2),40,81.30111004.01.2,81.30111004.01.2,Referent,Referent,funcționar public,execuție,,50.000-200.000,principal,,M,b) Funcţii publice generale de execuţie,1.42,1.49,1.42|1.49,Gradația 0|Nivel II,0
2026-07-17,VIII,VIII CI A 3 (local2),41,81.30111004.01.3,81.30111004.01.3,Referent,Referent,funcționar public,execuție,,50.000-200.000,asistent,,M,b) Funcţii publice generale de execuţie,1.34,1.41,1.34|1.41,Gradația 0|Nivel II,0
2026-07-17,VIII,VIII CI A 3 (local2),42,81.30111004.01.4,81.30111004.01.4,Referent,Referent,funcționar public,execuție,,50.000-200.000,debutant,,M,b) Funcţii publice generale de execuţie,1.3,1.37,1.3|1.37,Gradația 0|Nivel II,0
2026-07-17,VIII,VIII CI A 3 (local2),43,,,Polițist local,Polițist local,funcționar public,execuție,,50.000-200.000,superior,,M,b) Funcţii publice generale de execuţie,1.57,1.57,1.57,Gradația 0,0
2026-07-17,VIII,VIII CI A 3 (local2),44,,,Polițist local,Polițist local,funcționar public,execuție,,50.000-200.000,principal,,M,b) Funcţii publice generale de execuţie,1.49,1.49,1.49,Gradația 0,0
2026-07-17,VIII,VIII CI A 3 (local2),45,,,Polițist local,Polițist local,funcționar public,execuție,,50.000-200.000,asistent,,M,b) Funcţii publice generale de execuţie,1.41,1.41,1.41,Gradația 0,0
2026-07-17,VIII,VIII CI A 3 (local2),46,,,Polițist local,Polițist local,funcționar public,execuție,,50.000-200.000,debutant,,M,b) Funcţii publice generale de execuţie,1.37,1.37,1.37,Gradația 0,0
2026-07-17,VIII,VIII CI A 3 (local2),48,,,Asistent social,Asistent social,funcționar public,execuție,,50.000-200.000,superior,,S,c) Funcţii publice specifice de execuţie,2.01,2.12,2.01|2.12,Gradația 0|Nivel II,0
2026-07-17,VIII,VIII CI A 3 (local2),49,,,Asistent social,Asistent social,funcționar public,execuție,,50.000-200.000,principal,,S,c) Funcţii publice specifice de execuţie,1.9,2,1.9|2,Gradația 0|Nivel II,0
2026-07-17,VIII,VIII CI A 3 (local2),50,,,Asistent social,Asistent social,funcționar public,execuție,,50.000-200.000,asistent,,S,c) Funcţii publice specifice de execuţie,1.73,1.82,1.73|1.82,Gradația 0|Nivel II,0
2026-07-17,VIII,VIII CI A 3 (local2),51,,,Asistent social,Asistent social,funcționar public,execuție,,50.000-200.000,debutant,,S,c) Funcţii publice specifice de execuţie,1.58,1.66,1.58|1.66,Gradația 0|Nivel II,0
2026-07-17,VIII,VIII CI A 3 (local3),9,81.30110001.01.2,81.30110001.01.2,Secretar general,Secretar general,funcționar public,conducere,,10.000-50.000,,,S,a) Funcţii publice de conducere,3.2414055080721753,3.4132000000000002,3.241405508|3.4132,Grad managerial|Nivel II,0
2026-07-17,VIII,VIII CI A 3 (local3),10,81.30110002.02.2,81.30110002.02.2,Director general 1);controlor financiar şef,Director general|controlor financiar şef,funcționar public,conducere,,10.000-50.000,,,S,a) Funcţii publice de conducere,2.9784615384615387,3.13632,2.978461538|3.13632,Grad managerial|Nivel II,0
2026-07-17,VIII,VIII CI A 3 (local3),11,81.30110003.01.2,81.30110003.01.2,Arhitect-şef 2),Arhitect-şef,funcționar public,conducere,,10.000-50.000,,,S,a) Funcţii publice de conducere,3.13632,3.13632,3.13632,Nivel II,0
2026-07-17,VIII,VIII CI A 3 (local3),12,81.30110004.02.2,81.30110004.02.2,Director general adjunct; controlor financiar şef adjunct,Director general adjunct|controlor financiar şef adjunct,funcționar public,conducere,,10.000-50.000,,,S,a) Funcţii publice de conducere,2.8627632000000003,3.0144896496,2.8627632|3.01448965,Grad managerial|Nivel II,0
2026-07-17,VIII,VIII CI A 3 (local3),13,81.30110005.05.2,81.30110005.05.2,Director; șef compartiment; director executiv; trezorier şef; şef administraţie,Director|șef compartiment|director executiv|trezorier şef|şef administraţie,funcționar public,conducere,,10.000-50.000,,,S,a) Funcţii publice de conducere,2.8627632000000003,3.0144896496,2.8627632|3.01448965,Grad managerial|Nivel II,0
2026-07-17,VIII,VIII CI A 3 (local3),14,81.30110006.08.2,81.30110006.08.2,Director adjunct; şef sector; director executiv adjunct; trezorier şef adjunct; şef administraţie adjunct,Director adjunct|şef sector|director executiv adjunct|trezorier şef adjunct|şef administraţie adjunct,funcționar public,conducere,,10.000-50.000,,,S,a) Funcţii publice de conducere,2.664387733333334,2.8056002832000004,2.664387733|2.805600283,Grad managerial|Nivel II,0
2026-07-17,VIII,VIII CI A 3 (local3),15,81.30110007.02.2,81.30110007.02.2,Şef serviciu;,Şef serviciu,funcționar public,conducere,,10.000-50.000,,,S,a) Funcţii publice de conducere,2.569864,2.7060667919999997,2.569864|2.706066792,Grad managerial|Nivel II,0
2026-07-17,VIII,VIII CI A 3 (local3),16,81.30110008.03.2,81.30110008.03.2,Şef oficiu;,Şef oficiu,funcționar public,conducere,,10.000-50.000,,,S,a) Funcţii publice de conducere,2.357284507042254,2.4822205859154933,2.357284507|2.482220586,Grad managerial|Nivel II,0
2026-07-17,VIII,VIII CI A 3 (local3),17,,,Director executiv (conducător al unei instituții publice de interes local cu personalitate juridică),Director executiv,funcționar public,conducere,,10.000-50.000,,,S,a) Funcţii publice de conducere,2.8627632000000003,2.8627632000000003,2.8627632,Grad managerial,0
2026-07-17,VIII,VIII CI A 3 (local3),18,,,Arhitect-şef,Arhitect-şef,funcționar public,conducere,,10.000-50.000,,,SSD,a) Funcţii publice de conducere,2.357284507042254,2.4822205859154933,2.357284507|2.482220586,Grad managerial|Nivel II,0
2026-07-17,VIII,VIII CI A 3 (local3),20,81.30111001.01.1,81.30111001.01.1,Auditor,Auditor,funcționar public,execuție,,10.000-50.000,superior,,S,b) Funcţii publice generale de execuţie,1.85,1.95,1.85|1.95,Gradația 0|Nivel II,0
2026-07-17,VIII,VIII CI A 3 (local3),21,81.30111001.01.2,81.30111001.01.2,Auditor,Auditor,funcționar public,execuție,,10.000-50.000,principal,,S,b) Funcţii publice generale de execuţie,1.78,1.87,1.78|1.87,Gradația 0|Nivel II,0
2026-07-17,VIII,VIII CI A 3 (local3),22,81.30111001.01.3,81.30111001.01.3,Auditor,Auditor,funcționar public,execuție,,10.000-50.000,asistent,,S,b) Funcţii publice generale de execuţie,1.62,1.7,1.62|1.7,Gradația 0|Nivel II,0
2026-07-17,VIII,VIII CI A 3 (local3),23,81.30111002.04.1,81.30111002.04.1,Consilier; consilier juridic; consilier achiziții publice; expert; inspector;,Consilier|consilier juridic|consilier achiziții publice|expert|inspector,funcționar public,execuție,,10.000-50.000,superior,,S,b) Funcţii publice generale de execuţie,1.81,1.91,1.81|1.91,Gradația 0|Nivel II,0
2026-07-17,VIII,VIII CI A 3 (local3),24,81.30111002.04.2,81.30111002.04.2,Consilier; consilier juridic; consilier achiziții publice; expert; inspector;,Consilier|consilier juridic|consilier achiziții publice|expert|inspector,funcționar public,execuție,,10.000-50.000,principal,,S,b) Funcţii publice generale de execuţie,1.72,1.81,1.72|1.81,Gradația 0|Nivel II,0
2026-07-17,VIII,VIII CI A 3 (local3),25,81.30111002.04.3,81.30111002.04.3,Consilier; consilier juridic; consilier achiziții publice; expert; inspector;,Consilier|consilier juridic|consilier achiziții publice|expert|inspector,funcționar public,execuție,,10.000-50.000,asistent,,S,b) Funcţii publice generale de execuţie,1.56,1.64,1.56|1.64,Gradația 0|Nivel II,0
2026-07-17,VIII,VIII CI A 3 (local3),26,81.30111002.04.4,81.30111002.04.4,Consilier; consilier juridic; consilier achiziții publice; expert; inspector;,Consilier|consilier juridic|consilier achiziții publice|expert|inspector,funcționar public,execuție,,10.000-50.000,debutant,,S,b) Funcţii publice generale de execuţie,1.43,1.5,1.43|1.5,Gradația 0|Nivel II,0
2026-07-17,VIII,VIII CI A 3 (local3),27,,,Polițist local,Polițist local,funcționar public,execuție,,10.000-50.000,superior,,S,b) Funcţii publice generale de execuţie,1.91,1.91,1.91,Gradația 0,0
2026-07-17,VIII,VIII CI A 3 (local3),28,,,Polițist local,Polițist local,funcționar public,execuție,,10.000-50.000,principal,,S,b) Funcţii publice generale de execuţie,1.81,1.81,1.81,Gradația 0,0
2026-07-17,VIII,VIII CI A 3 (local3),29,,,Polițist local,Polițist local,funcționar public,execuție,,10.000-50.000,asistent,,S,b) Funcţii publice generale de execuţie,1.64,1.64,1.64,Gradația 0,0
2026-07-17,VIII,VIII CI A 3 (local3),30,,,Polițist local,Polițist local,funcționar public,execuție,,10.000-50.000,debutant,,S,b) Funcţii publice generale de execuţie,1.5,1.5,1.5,Gradația 0,0
2026-07-17,VIII,VIII CI A 3 (local3),31,81.30111003.01.1,81.30111003.01.1,Referent de specialitate,Referent de specialitate,funcționar public,execuție,,10.000-50.000,superior,,SSD,b) Funcţii publice generale de execuţie,1.43,1.51,1.43|1.51,Gradația 0|Nivel II,0
2026-07-17,VIII,VIII CI A 3 (local3),32,81.30111003.01.2,81.30111003.01.2,Referent de specialitate,Referent de specialitate,funcționar public,execuție,,10.000-50.000,principal,,SSD,b) Funcţii publice generale de execuţie,1.36,1.43,1.36|1.43,Gradația 0|Nivel II,0
2026-07-17,VIII,VIII CI A 3 (local3),33,81.30111003.01.3,81.30111003.01.3,Referent de specialitate,Referent de specialitate,funcționar public,execuție,,10.000-50.000,asistent,,SSD,b) Funcţii publice generale de execuţie,1.28,1.35,1.28|1.35,Gradația 0|Nivel II,0
2026-07-17,VIII,VIII CI A 3 (local3),34,81.30111003.01.4,81.30111003.01.4,Referent de specialitate,Referent de specialitate,funcționar public,execuție,,10.000-50.000,debutant,,SSD,b) Funcţii publice generale de execuţie,1.25,1.32,1.25|1.32,Gradația 0|Nivel II,0
2026-07-17,VIII,VIII CI A 3 (local3),35,,,Polițist local,Polițist local,funcționar public,execuție,,10.000-50.000,superior,,SSD,b) Funcţii publice generale de execuţie,1.51,1.51,1.51,Gradația 0,0
2026-07-17,VIII,VIII CI A 3 (local3),36,,,Polițist local,Polițist local,funcționar public,execuție,,10.000-50.000,principal,,SSD,b) Funcţii publice generale de execuţie,1.43,1.43,1.43,Gradația 0,0
2026-07-17,VIII,VIII CI A 3 (local3),37,,,Polițist local,Polițist local,funcționar public,execuție,,10.000-50.000,asistent,,SSD,b) Funcţii publice generale de execuţie,1.35,1.35,1.35,Gradația 0,0
2026-07-17,VIII,VIII CI A 3 (local3),38,,,Polițist local,Polițist local,funcționar public,execuție,,10.000-50.000,debutant,,SSD,b) Funcţii publice generale de execuţie,1.32,1.32,1.32,Gradația 0,0
2026-07-17,VIII,VIII CI A 3 (local3),39,81.30111004.01.1,81.30111004.01.1,Referent,Referent,funcționar public,execuție,,10.000-50.000,superior,,M,b) Funcţii publice generale de execuţie,1.38,1.45,1.38|1.45,Gradația 0|Nivel II,0
2026-07-17,VIII,VIII CI A 3 (local3),40,81.30111004.01.2,81.30111004.01.2,Referent,Referent,funcționar public,execuție,,10.000-50.000,principal,,M,b) Funcţii publice generale de execuţie,1.31,1.38,1.31|1.38,Gradația 0|Nivel II,0
2026-07-17,VIII,VIII CI A 3 (local3),41,81.30111004.01.3,81.30111004.01.3,Referent,Referent,funcționar public,execuție,,10.000-50.000,asistent,,M,b) Funcţii publice generale de execuţie,1.24,1.31,1.24|1.31,Gradația 0|Nivel II,0
2026-07-17,VIII,VIII CI A 3 (local3),42,81.30111004.01.4,81.30111004.01.4,Referent,Referent,funcționar public,execuție,,10.000-50.000,debutant,,M,b) Funcţii publice generale de execuţie,1.21,1.27,1.21|1.27,Gradația 0|Nivel II,0
2026-07-17,VIII,VIII CI A 3 (local3),43,81.30111004.01.1,81.30111004.01.1,Polițist local,Polițist local,funcționar public,execuție,,10.000-50.000,superior,,M,b) Funcţii publice generale de execuţie,1.45,1.45,1.45,Gradația 0,0
2026-07-17,VIII,VIII CI A 3 (local3),44,81.30111004.01.2,81.30111004.01.2,Polițist local,Polițist local,funcționar public,execuție,,10.000-50.000,principal,,M,b) Funcţii publice generale de execuţie,1.38,1.38,1.38,Gradația 0,0
2026-07-17,VIII,VIII CI A 3 (local3),45,81.30111004.01.3,81.30111004.01.3,Polițist local,Polițist local,funcționar public,execuție,,10.000-50.000,asistent,,M,b) Funcţii publice generale de execuţie,1.31,1.31,1.31,Gradația 0,0
2026-07-17,VIII,VIII CI A 3 (local3),46,81.30111004.01.4,81.30111004.01.4,Polițist local,Polițist local,funcționar public,execuție,,10.000-50.000,debutant,,M,b) Funcţii publice generale de execuţie,1.27,1.27,1.27,Gradația 0,0
2026-07-17,VIII,VIII CI A 3 (local3),48,,,Asistent social,Asistent social,funcționar public,execuție,,10.000-50.000,superior,,S,c) Funcţii publice specifice de execuţie,1.81,1.91,1.81|1.91,Gradația 0|Nivel II,0
2026-07-17,VIII,VIII CI A 3 (local3),49,,,Asistent social,Asistent social,funcționar public,execuție,,10.000-50.000,principal,,S,c) Funcţii publice specifice de execuţie,1.72,1.81,1.72|1.81,Gradația 0|Nivel II,0
2026-07-17,VIII,VIII CI A 3 (local3),50,,,Asistent social,Asistent social,funcționar public,execuție,,10.000-50.000,asistent,,S,c) Funcţii publice specifice de execuţie,1.56,1.64,1.56|1.64,Gradația 0|Nivel II,0
2026-07-17,VIII,VIII CI A 3 (local3),51,,,Asistent social,Asistent social,funcționar public,execuție,,10.000-50.000,debutant,,S,c) Funcţii publice specifice de execuţie,1.43,1.5,1.43|1.5,Gradația 0|Nivel II,0
2026-07-17,VIII,VIII CI A 3 (local4),9,81.30110001.01.2,81.30110001.01.2,Secretar general,Secretar general,funcționar public,conducere,,sub 10.000,,,S,a) Funcţii publice de conducere,2.91,3.06,2.91|3.06,Grad managerial|Nivel II,0
2026-07-17,VIII,VIII CI A 3 (local4),10,81.30110002.02.2,81.30110002.02.2,Director general 1);controlor financiar şef,Director general|controlor financiar şef,funcționar public,conducere,,sub 10.000,,,S,a) Funcţii publice de conducere,2.77,2.92,2.77|2.92,Grad managerial|Nivel II,0
2026-07-17,VIII,VIII CI A 3 (local4),11,81.30110003.01.2,81.30110003.01.2,Arhitect-şef 2),Arhitect-şef,funcționar public,conducere,,sub 10.000,,,S,a) Funcţii publice de conducere,2.92,2.92,2.92,Nivel II,0
2026-07-17,VIII,VIII CI A 3 (local4),12,81.30110004.02.2,81.30110004.02.2,Director general adjunct; controlor financiar şef adjunct,Director general adjunct|controlor financiar şef adjunct,funcționar public,conducere,,sub 10.000,,,S,a) Funcţii publice de conducere,2.67,2.81,2.67|2.81,Grad managerial|Nivel II,0
2026-07-17,VIII,VIII CI A 3 (local4),13,81.30110005.05.2,81.30110005.05.2,Director; șef compartiment; director executiv; trezorier şef; şef administraţie,Director|șef compartiment|director executiv|trezorier şef|şef administraţie,funcționar public,conducere,,sub 10.000,,,S,a) Funcţii publice de conducere,2.67,2.81,2.67|2.81,Grad managerial|Nivel II,0
2026-07-17,VIII,VIII CI A 3 (local4),14,81.30110006.08.2,81.30110006.08.2,Director adjunct; şef sector; director executiv adjunct; trezorier şef adjunct; şef administraţie adjunct,Director adjunct|şef sector|director executiv adjunct|trezorier şef adjunct|şef administraţie adjunct,funcționar public,conducere,,sub 10.000,,,S,a) Funcţii publice de conducere,2.48,2.61,2.48|2.61,Grad managerial|Nivel II,0
2026-07-17,VIII,VIII CI A 3 (local4),15,81.30110007.04.2,81.30110007.04.2,Şef serviciu;,Şef serviciu,funcționar public,conducere,,sub 10.000,,,S,a) Funcţii publice de conducere,2.39,2.52,2.39|2.52,Grad managerial|Nivel II,0
2026-07-17,VIII,VIII CI A 3 (local4),16,81.30110008.03.2,81.30110008.03.2,Şef oficiu;,Şef oficiu,funcționar public,conducere,,sub 10.000,,,S,a) Funcţii publice de conducere,2.18,2.29,2.18|2.29,Grad managerial|Nivel II,0
2026-07-17,VIII,VIII CI A 3 (local4),17,,,Director executiv (conducător al unei instituții publice de interes local cu personalitate juridică),Director executiv,funcționar public,conducere,,sub 10.000,,,S,a) Funcţii publice de conducere,2.67,2.67,2.67,Grad managerial,0
2026-07-17,VIII,VIII CI A 3 (local4),18,,,Arhitect-şef,Arhitect-şef,funcționar public,conducere,,sub 10.000,,,SSD,a) Funcţii publice de conducere,2.18,2.29,2.18|2.29,Grad managerial|Nivel II,0
2026-07-17,VIII,VIII CI A 3 (local4),20,81.30111001.01.1,81.30111001.01.1,Auditor,Auditor,funcționar public,execuție,,sub 10.000,superior,,S,b) Funcţii publice generale de execuţie,1.73,1.82,1.73|1.82,Gradația 0|Nivel II,0
2026-07-17,VIII,VIII CI A 3 (local4),21,81.30111001.01.2,81.30111001.01.2,Auditor,Auditor,funcționar public,execuție,,sub 10.000,principal,,S,b) Funcţii publice generale de execuţie,1.65,1.74,1.65|1.74,Gradația 0|Nivel II,0
2026-07-17,VIII,VIII CI A 3 (local4),22,81.30111001.01.3,81.30111001.01.3,Auditor,Auditor,funcționar public,execuție,,sub 10.000,asistent,,S,b) Funcţii publice generale de execuţie,1.5,1.58,1.5|1.58,Gradația 0|Nivel II,0
2026-07-17,VIII,VIII CI A 3 (local4),23,81.30111002.04.1,81.30111002.04.1,Consilier; consilier juridic; consilier achiziții publice; expert; inspector;,Consilier|consilier juridic|consilier achiziții publice|expert|inspector,funcționar public,execuție,,sub 10.000,superior,,S,b) Funcţii publice generale de execuţie,1.69,1.78,1.69|1.78,Gradația 0|Nivel II,0
2026-07-17,VIII,VIII CI A 3 (local4),24,81.30111002.04.2,81.30111002.04.2,Consilier; consilier juridic; consilier achiziții publice; expert; inspector;,Consilier|consilier juridic|consilier achiziții publice|expert|inspector,funcționar public,execuție,,sub 10.000,principal,,S,b) Funcţii publice generale de execuţie,1.61,1.69,1.61|1.69,Gradația 0|Nivel II,0
2026-07-17,VIII,VIII CI A 3 (local4),25,81.30111002.04.3,81.30111002.04.3,Consilier; consilier juridic; consilier achiziții publice; expert; inspector;,Consilier|consilier juridic|consilier achiziții publice|expert|inspector,funcționar public,execuție,,sub 10.000,asistent,,S,b) Funcţii publice generale de execuţie,1.45,1.53,1.45|1.53,Gradația 0|Nivel II,0
2026-07-17,VIII,VIII CI A 3 (local4),26,81.30111002.04.4,81.30111002.04.4,Consilier; consilier juridic; consilier achiziții publice; expert; inspector;,Consilier|consilier juridic|consilier achiziții publice|expert|inspector,funcționar public,execuție,,sub 10.000,debutant,,S,b) Funcţii publice generale de execuţie,1.33,1.4,1.33|1.4,Gradația 0|Nivel II,0
2026-07-17,VIII,VIII CI A 3 (local4),27,,,Polițist local,Polițist local,funcționar public,execuție,,sub 10.000,superior,,S,b) Funcţii publice generale de execuţie,1.78,1.78,1.78,Gradația 0,0
2026-07-17,VIII,VIII CI A 3 (local4),28,,,Polițist local,Polițist local,funcționar public,execuție,,sub 10.000,principal,,S,b) Funcţii publice generale de execuţie,1.69,1.69,1.69,Gradația 0,0
2026-07-17,VIII,VIII CI A 3 (local4),29,,,Polițist local,Polițist local,funcționar public,execuție,,sub 10.000,asistent,,S,b) Funcţii publice generale de execuţie,1.53,1.53,1.53,Gradația 0,0
2026-07-17,VIII,VIII CI A 3 (local4),30,,,Polițist local,Polițist local,funcționar public,execuție,,sub 10.000,debutant,,S,b) Funcţii publice generale de execuţie,1.4,1.4,1.4,Gradația 0,0
2026-07-17,VIII,VIII CI A 3 (local4),31,81.30111003.01.1,81.30111003.01.1,Referent de specialitate,Referent de specialitate,funcționar public,execuție,,sub 10.000,superior,,SSD,b) Funcţii publice generale de execuţie,1.34,1.41,1.34|1.41,Gradația 0|Nivel II,0
2026-07-17,VIII,VIII CI A 3 (local4),32,81.30111003.01.2,81.30111003.01.2,Referent de specialitate,Referent de specialitate,funcționar public,execuție,,sub 10.000,principal,,SSD,b) Funcţii publice generale de execuţie,1.26,1.33,1.26|1.33,Gradația 0|Nivel II,0
2026-07-17,VIII,VIII CI A 3 (local4),33,81.30111003.01.3,81.30111003.01.3,Referent de specialitate,Referent de specialitate,funcționar public,execuție,,sub 10.000,asistent,,SSD,b) Funcţii publice generale de execuţie,1.2,1.26,1.2|1.26,Gradația 0|Nivel II,0
2026-07-17,VIII,VIII CI A 3 (local4),34,81.30111003.01.4,81.30111003.01.4,Referent de specialitate,Referent de specialitate,funcționar public,execuție,,sub 10.000,debutant,,SSD,b) Funcţii publice generale de execuţie,1.17,1.23,1.17|1.23,Gradația 0|Nivel II,0
2026-07-17,VIII,VIII CI A 3 (local4),35,,,Polițist local,Polițist local,funcționar public,execuție,,sub 10.000,superior,,SSD,b) Funcţii publice generale de execuţie,1.41,1.41,1.41,Gradația 0,0
2026-07-17,VIII,VIII CI A 3 (local4),36,,,Polițist local,Polițist local,funcționar public,execuție,,sub 10.000,principal,,SSD,b) Funcţii publice generale de execuţie,1.33,1.33,1.33,Gradația 0,0
2026-07-17,VIII,VIII CI A 3 (local4),37,,,Polițist local,Polițist local,funcționar public,execuție,,sub 10.000,asistent,,SSD,b) Funcţii publice generale de execuţie,1.26,1.26,1.26,Gradația 0,0
2026-07-17,VIII,VIII CI A 3 (local4),38,,,Polițist local,Polițist local,funcționar public,execuție,,sub 10.000,debutant,,SSD,b) Funcţii publice generale de execuţie,1.23,1.23,1.23,Gradația 0,0
2026-07-17,VIII,VIII CI A 3 (local4),39,81.30111004.01.1,81.30111004.01.1,Referent,Referent,funcționar public,execuție,,sub 10.000,superior,,M,b) Funcţii publice generale de execuţie,1.28,1.35,1.28|1.35,Gradația 0|Nivel II,0
2026-07-17,VIII,VIII CI A 3 (local4),40,81.30111004.01.2,81.30111004.01.2,Referent,Referent,funcționar public,execuție,,sub 10.000,principal,,M,b) Funcţii publice generale de execuţie,1.22,1.28,1.22|1.28,Gradația 0|Nivel II,0
2026-07-17,VIII,VIII CI A 3 (local4),41,81.30111004.01.3,81.30111004.01.3,Referent,Referent,funcționar public,execuție,,sub 10.000,asistent,,M,b) Funcţii publice generale de execuţie,1.16,1.22,1.16|1.22,Gradația 0|Nivel II,0
2026-07-17,VIII,VIII CI A 3 (local4),42,81.30111004.01.4,81.30111004.01.4,Referent,Referent,funcționar public,execuție,,sub 10.000,debutant,,M,b) Funcţii publice generale de execuţie,1.12,1.18,1.12|1.18,Gradația 0|Nivel II,0
2026-07-17,VIII,VIII CI A 3 (local4),43,,,Polițist local,Polițist local,funcționar public,execuție,,sub 10.000,superior,,M,b) Funcţii publice generale de execuţie,1.35,1.35,1.35,Gradația 0,0
2026-07-17,VIII,VIII CI A 3 (local4),44,,,Polițist local,Polițist local,funcționar public,execuție,,sub 10.000,principal,,M,b) Funcţii publice generale de execuţie,1.28,1.28,1.28,Gradația 0,0
2026-07-17,VIII,VIII CI A 3 (local4),45,,,Polițist local,Polițist local,funcționar public,execuție,,sub 10.000,asistent,,M,b) Funcţii publice generale de execuţie,1.22,1.22,1.22,Gradația 0,0
2026-07-17,VIII,VIII CI A 3 (local4),46,,,Polițist local,Polițist local,funcționar public,execuție,,sub 10.000,debutant,,M,b) Funcţii publice generale de execuţie,1.18,1.18,1.18,Gradația 0,0
2026-07-17,VIII,VIII CI A 3 (local4),48,,,Asistent social,Asistent social,funcționar public,execuție,,sub 10.000,superior,,S,c) Funcţii publice specifice de execuţie,1.69,1.78,1.69|1.78,Gradația 0|Nivel II,0
2026-07-17,VIII,VIII CI A 3 (local4),49,,,Asistent social,Asistent social,funcționar public,execuție,,sub 10.000,principal,,S,c) Funcţii publice specifice de execuţie,1.61,1.69,1.61|1.69,Gradația 0|Nivel II,0
2026-07-17,VIII,VIII CI A 3 (local4),50,,,Asistent social,Asistent social,funcționar public,execuție,,sub 10.000,asistent,,S,c) Funcţii publice specifice de execuţie,1.45,1.53,1.45|1.53,Gradația 0|Nivel II,0
2026-07-17,VIII,VIII CI A 3 (local4),51,,,Asistent social,Asistent social,funcționar public,execuție,,sub 10.000,debutant,,S,c) Funcţii publice specifice de execuţie,1.33,1.4,1.33|1.4,Gradația 0|Nivel II,0
2026-07-17,VIII,VIII CII A 1,10,82.40101001.01.2,82.40101001.01.2,Secretar general,Secretar general,personal contractual,conducere,,,,,S,a) Funcţii de conducere,5.13,5.4,5.13|5.4,Grad I|Grad II,0
2026-07-17,VIII,VIII CII A 1,11,82.40101002.01.2,82.40101002.01.2,Secretar general adjunct,Secretar general adjunct,personal contractual,conducere,,,,,S,a) Funcţii de conducere,4.930129870129859,5.189610389610378,4.93012987|5.18961039,Grad I|Grad II,0
2026-07-17,VIII,VIII CII A 1,12,82.40101003.01.2,82.40101003.01.2,Şef departament,Şef departament,personal contractual,conducere,,,,,S,a) Funcţii de conducere,4.73025974025973,4.9792207792207686,4.73025974|4.979220779,Grad I|Grad II,0
2026-07-17,VIII,VIII CII A 1,13,82.40101004.03.2,82.40101004.03.2,"Director general, inspector de stat șef, inspector general","Director general, inspector de stat șef, inspector general",personal contractual,conducere,,,,,S,a) Funcţii de conducere,4.7025,4.95,4.7025|4.95,Grad I|Grad II,0
2026-07-17,VIII,VIII CII A 1,14,82.40101005.03.2,82.40101005.03.2,"Director general adjunct, inspector de stat șef adjunct, inspector general adjunct","Director general adjunct, inspector de stat șef adjunct, inspector general adjunct",personal contractual,conducere,,,,,S,a) Funcţii de conducere,4.23225,4.455,4.23225|4.455,Grad I|Grad II,0
2026-07-17,VIII,VIII CII A 1,15,82.40101006.04.2,82.40101006.04.2,"Director, inspector șef, șef sector, șef compartiment","Director, inspector șef, șef sector, șef compartiment",personal contractual,conducere,,,,,S,a) Funcţii de conducere,4.23225,4.455,4.23225|4.455,Grad I|Grad II,0
2026-07-17,VIII,VIII CII A 1,16,82.40101007.04.2,82.40101007.04.2,"Director adjunct, inspector șef adjunct, contabil șef, inginer șef","Director adjunct, inspector șef adjunct, contabil șef, inginer șef",personal contractual,conducere,,,,,S,a) Funcţii de conducere,3.8569999999999993,4.06,3.857|4.06,Grad I|Grad II,0
2026-07-17,VIII,VIII CII A 1,17,82.40101008.03.2,82.40101008.03.2,"Şef serviciu, șef secție, președinte federație","Şef serviciu, șef secție, președinte federație",personal contractual,conducere,,,,,S,a) Funcţii de conducere,3.7192499999999993,3.9149999999999996,3.71925|3.915,Grad I|Grad II,0
2026-07-17,VIII,VIII CII A 1,18,82.40101009.05.2,82.40101009.05.2,"Şef birou, șef atelier, șef laborator, șef oficiu, secretar general federație","Şef birou, șef atelier, șef laborator, șef oficiu, secretar general federație",personal contractual,conducere,,,,,S,a) Funcţii de conducere,3.444084507042253,3.6253521126760564,3.444084507|3.625352113,Grad I|Grad II,0
2026-07-17,VIII,VIII CII A 1,19,82.40101010.01.2,82.40101010.01.2,șef punct de lucru,șef punct de lucru,personal contractual,conducere,,,,,S,a) Funcţii de conducere,3.7192499999999993,3.9149999999999996,3.71925|3.915,Grad I|Grad II,0
2026-07-17,VIII,VIII CII A 1,22,82.40102001.01.1,82.40102001.01.1,Auditor,Auditor,personal contractual,execuție,,,gradul I A,,S,b) Funcţii de execuţie,2.3115750000000004,2.499,2.311575|2.499,Nivel I|Nivel II,0
2026-07-17,VIII,VIII CII A 1,23,82.40102001.01.2,82.40102001.01.2,Auditor,Auditor,personal contractual,execuție,,,gradul I,,S,b) Funcţii de execuţie,2.2329037499999997,2.41395,2.23290375|2.41395,Nivel I|Nivel II,0
2026-07-17,VIII,VIII CII A 1,24,82.40102001.01.3,82.40102001.01.3,Auditor,Auditor,personal contractual,execuție,,,gradul II,,S,b) Funcţii de execuţie,2.0299125,2.1945,2.0299125|2.1945,Nivel I|Nivel II,0
2026-07-17,VIII,VIII CII A 1,25,82.40102002.07.1,82.40102002.07.1,"Consilier, expert, inspector de specialitate, revizor contabil, arhitect; referent de specialitate, inspector casier","Consilier, expert, inspector de specialitate, revizor contabil, arhitect|referent de specialitate, inspector casier",personal contractual,execuție,,,gradul I A,,S,b) Funcţii de execuţie,2.2015,2.38,2.2015|2.38,Nivel I|Nivel II,0
2026-07-17,VIII,VIII CII A 1,26,82.40102002.07.2,82.40102002.07.2,"Consilier, expert, inspector de specialitate, revizor contabil, arhitect; referent de specialitate, inspector casier","Consilier, expert, inspector de specialitate, revizor contabil, arhitect|referent de specialitate, inspector casier",personal contractual,execuție,,,gradul I,,S,b) Funcţii de execuţie,2.126575,2.299,2.126575|2.299,Nivel I|Nivel II,0
2026-07-17,VIII,VIII CII A 1,27,82.40102002.07.3,82.40102002.07.3,"Consilier, expert, inspector de specialitate, revizor contabil, arhitect; referent de specialitate, inspector casier","Consilier, expert, inspector de specialitate, revizor contabil, arhitect|referent de specialitate, inspector casier",personal contractual,execuție,,,gradul II,,S,b) Funcţii de execuţie,1.93325,2.09,1.93325|2.09,Nivel I|Nivel II,0
2026-07-17,VIII,VIII CII A 1,28,82.40102002.07.4,82.40102002.07.4,"Consilier, expert, inspector de specialitate, revizor contabil, arhitect; referent de specialitate, inspector casier","Consilier, expert, inspector de specialitate, revizor contabil, arhitect|referent de specialitate, inspector casier",personal contractual,execuție,,,debutant,,S,b) Funcţii de execuţie,1.8619999999999999,1.9,1.862|1.9,Nivel I|Nivel II,0
2026-07-17,VIII,VIII CII A 1,29,82.40102003.01.1,82.40102003.01.1,Consilier juridic,Consilier juridic,personal contractual,execuție,,,gradul I A,,S,b) Funcţii de execuţie,2.2015,2.38,2.2015|2.38,Nivel I|Nivel II,0
2026-07-17,VIII,VIII CII A 1,30,82.40102003.01.2,82.40102003.01.2,Consilier juridic,Consilier juridic,personal contractual,execuție,,,gradul I,,S,b) Funcţii de execuţie,2.126575,2.299,2.126575|2.299,Nivel I|Nivel II,0
2026-07-17,VIII,VIII CII A 1,31,82.40102003.01.3,82.40102003.01.3,Consilier juridic,Consilier juridic,personal contractual,execuție,,,gradul II,,S,b) Funcţii de execuţie,1.93325,2.09,1.93325|2.09,Nivel I|Nivel II,0
2026-07-17,VIII,VIII CII A 1,32,82.40102003.01.4,82.40102003.01.4,Consilier juridic,Consilier juridic,personal contractual,execuție,,,debutant,,S,b) Funcţii de execuţie,1.8619999999999999,1.9,1.862|1.9,Nivel I|Nivel II,0
2026-07-17,VIII,VIII CII A 1,33,82.40102004.09.1,82.40102004.09.1,"Tehnician-economist, secretar superior, interpret relaţii, interpret profesional, conductor arhitect , inspector, referent, subinginer, arhivist;","Tehnician-economist, secretar superior, interpret relaţii, interpret profesional, conductor arhitect , inspector, referent, subinginer, arhivist;",personal contractual,execuție,,,gradul I A,,SSD,b) Funcţii de execuţie,1.6951550000000002,1.8326,1.695155|1.8326,Nivel I|Nivel II,0
2026-07-17,VIII,VIII CII A 1,34,82.40102004.09.2,82.40102004.09.2,"Tehnician-economist, secretar superior, interpret relaţii, interpret profesional, conductor arhitect , inspector, referent, subinginer, arhivist;","Tehnician-economist, secretar superior, interpret relaţii, interpret profesional, conductor arhitect , inspector, referent, subinginer, arhivist;",personal contractual,execuție,,,gradul I,,SSD,b) Funcţii de execuţie,1.63746275,1.77023,1.63746275|1.77023,Nivel I|Nivel II,0
2026-07-17,VIII,VIII CII A 1,35,82.40102004.09.3,82.40102004.09.3,"Tehnician-economist, secretar superior, interpret relaţii, interpret profesional, conductor arhitect , inspector, referent, subinginer, arhivist;","Tehnician-economist, secretar superior, interpret relaţii, interpret profesional, conductor arhitect , inspector, referent, subinginer, arhivist;",personal contractual,execuție,,,gradul II,,SSD,b) Funcţii de execuţie,1.5466,1.672,1.5466|1.672,Nivel I|Nivel II,0
2026-07-17,VIII,VIII CII A 1,36,82.40102004.09.4,82.40102004.09.4,"Tehnician-economist, secretar superior, interpret relaţii, interpret profesional, conductor arhitect , inspector, referent, subinginer, arhivist;","Tehnician-economist, secretar superior, interpret relaţii, interpret profesional, conductor arhitect , inspector, referent, subinginer, arhivist;",personal contractual,execuție,,,debutant,,SSD,b) Funcţii de execuţie,1.51145,1.634,1.51145|1.634,Nivel I|Nivel II,0
2026-07-17,VIII,VIII CII A 1,37,82.40102005.03.1,82.40102005.03.1,"Referent, inspector, referent casier","Referent, inspector, referent casier",personal contractual,execuție,,,treaptă I A,,M,b) Funcţii de execuţie,1.635824575,1.768459,1.635824575|1.768459,Nivel I|Nivel II,0
2026-07-17,VIII,VIII CII A 1,38,82.40102005.03.2,82.40102005.03.2,"Referent, inspector, referent casier","Referent, inspector, referent casier",personal contractual,execuție,,,treaptă I,,M,b) Funcţii de execuţie,1.58015155375,1.7082719499999999,1.580151554|1.70827195,Nivel I|Nivel II,0
2026-07-17,VIII,VIII CII A 1,39,82.40102005.03.3,82.40102005.03.3,"Referent, inspector, referent casier","Referent, inspector, referent casier",personal contractual,execuție,,,treaptă II,,M,b) Funcţii de execuţie,1.4924689999999998,1.6134799999999998,1.492469|1.61348,Nivel I|Nivel II,0
2026-07-17,VIII,VIII CII A 1,40,82.40102005.03.4,82.40102005.03.4,"Referent, inspector, referent casier","Referent, inspector, referent casier",personal contractual,execuție,,,debutant,,M,b) Funcţii de execuţie,1.4509919999999998,1.5686399999999998,1.450992|1.56864,Nivel I|Nivel II,0
2026-07-17,VIII,VIII CII A 1,45,82.40103001.01.2,82.40103001.01.2,Director general cu rang diplomatic,Director general cu rang diplomatic,personal contractual,conducere,,,,,S,a) Funcţii de conducere,5.5,5.5,5.5,Grad Managerial,0
2026-07-17,VIII,VIII CII A 1,46,82.40103002.02.2,82.40103002.02.2,"Director general adjunct, director de cabinet cu rang diplomatic","Director general adjunct, director de cabinet cu rang diplomatic",personal contractual,conducere,,,,,S,a) Funcţii de conducere,4.95,4.95,4.95,Grad Managerial,0
2026-07-17,VIII,VIII CII A 1,47,82.40103003.01.2,82.40103003.01.2,Director cu rang diplomatic,Director cu rang diplomatic,personal contractual,conducere,,,,,S,a) Funcţii de conducere,4.95,4.95,4.95,Grad Managerial,0
2026-07-17,VIII,VIII CII A 1,48,82.40103004.01.2,82.40103004.01.2,Director adjunct cu rang diplomatic,Director adjunct cu rang diplomatic,personal contractual,conducere,,,,,S,a) Funcţii de conducere,4.51,4.51,4.51,Grad Managerial,0
2026-07-17,VIII,VIII CII A 1,49,82.40103005.01.2,82.40103005.01.2,Şef serviciu cu rang diplomatic,Şef serviciu cu rang diplomatic,personal contractual,conducere,,,,,S,a) Funcţii de conducere,4.35,4.35,4.35,Grad Managerial,0
2026-07-17,VIII,VIII CII A 1,52,82.40104002.01.1,82.40104002.01.1,Consilier economic,Consilier economic,personal contractual,execuție,,,,,S,b) Funcţii de execuţie pe grade și trepte profesionale,3.36,3.36,3.36,Gradația 0,0
2026-07-17,VIII,VIII CII A 1,53,82.40104003.01.1,82.40104003.01.1,Secretar economic,Secretar economic,personal contractual,execuție,,,gradul I,,S,b) Funcţii de execuţie pe grade și trepte profesionale,2.8,2.8,2.8,Gradația 0,0
2026-07-17,VIII,VIII CII A 1,54,82.40104003.01.2,82.40104003.01.2,Secretar economic,Secretar economic,personal contractual,execuție,,,gradul II,,S,b) Funcţii de execuţie pe grade și trepte profesionale,2.39096,2.39096,2.39096,Gradația 0,0
2026-07-17,VIII,VIII CII A 1,55,82.40104003.01.3,82.40104003.01.3,Secretar economic,Secretar economic,personal contractual,execuție,,,debutant,,S,b) Funcţii de execuţie pe grade și trepte profesionale,2.1736,2.1736,2.1736,Gradația 0,0
2026-07-17,VIII,VIII CII A 1,56,82.40104004.01.1,82.40104004.01.1,Ataşat economic,Ataşat economic,personal contractual,execuție,,,,,S,b) Funcţii de execuţie pe grade și trepte profesionale,2.06492,2.06492,2.06492,Gradația 0,0
2026-07-17,VIII,VIII CII A 1,57,82.40104005.01.1,82.40104005.01.1,Referent transmitere,Referent transmitere,personal contractual,execuție,,,treaptă I,,M,b) Funcţii de execuţie pe grade și trepte profesionale,1.83919736,1.83919736,1.83919736,Gradația 0,0
2026-07-17,VIII,VIII CII A 1,58,82.40104005.01.2,82.40104005.01.2,Referent transmitere,Referent transmitere,personal contractual,execuție,,,treaptă II,,M,b) Funcţii de execuţie pe grade și trepte profesionale,1.776602828,1.776602828,1.776602828,Gradația 0,0
2026-07-17,VIII,VIII CII A 1,59,82.40104005.01.3,82.40104005.01.3,Referent transmitere,Referent transmitere,personal contractual,execuție,,,treaptă III,,M,b) Funcţii de execuţie pe grade și trepte profesionale,1.6780191999999998,1.6780191999999998,1.6780192,Gradația 0,0
2026-07-17,VIII,VIII CII A 1,60,82.40104005.01.4,82.40104005.01.4,Referent transmitere,Referent transmitere,personal contractual,execuție,,,debutant,,M,b) Funcţii de execuţie pe grade și trepte profesionale,1.6313855999999998,1.6313855999999998,1.6313856,Gradația 0,0
2026-07-17,VIII,VIII CII A 1,63,82.40106001.01.1,82.40106001.01.1,Arhivist,Arhivist,personal contractual,execuție,,,gradul IA,,S,Funcţii specifice Arhivelor Naţionale,2.2015,2.2015,2.2015,Gradația 0,0
2026-07-17,VIII,VIII CII A 1,64,82.40106001.01.2,82.40106001.01.2,Arhivist,Arhivist,personal contractual,execuție,,,gradul I,,S,Funcţii specifice Arhivelor Naţionale,2.126575,2.126575,2.126575,Gradația 0,0
2026-07-17,VIII,VIII CII A 1,65,82.40106001.01.3,82.40106001.01.3,Arhivist,Arhivist,personal contractual,execuție,,,gradul II,,S,Funcţii specifice Arhivelor Naţionale,1.93325,1.93325,1.93325,Gradația 0,0
2026-07-17,VIII,VIII CII A 1,66,82.40106001.01.4,82.40106001.01.4,Arhivist,Arhivist,personal contractual,execuție,,,debutant,,S,Funcţii specifice Arhivelor Naţionale,1.8619999999999999,1.8619999999999999,1.862,Gradația 0,0
2026-07-17,VIII,VIII CII A 1,67,82.40106002.01.1,82.40106002.01.1,Arhivist,Arhivist,personal contractual,execuție,,,gradul IA,,SSD,Funcţii specifice Arhivelor Naţionale,1.6951550000000002,1.6951550000000002,1.695155,Gradația 0,0
2026-07-17,VIII,VIII CII A 1,68,82.40106002.01.2,82.40106002.01.2,Arhivist,Arhivist,personal contractual,execuție,,,gradul I,,SSD,Funcţii specifice Arhivelor Naţionale,1.63746275,1.63746275,1.63746275,Gradația 0,0
2026-07-17,VIII,VIII CII A 1,69,82.40106002.01.3,82.40106002.01.3,Arhivist,Arhivist,personal contractual,execuție,,,gradul II,,SSD,Funcţii specifice Arhivelor Naţionale,1.5466,1.5466,1.5466,Gradația 0,0
2026-07-17,VIII,VIII CII A 1,70,82.40106002.01.4,82.40106002.01.4,Arhivist,Arhivist,personal contractual,execuție,,,debutant,,SSD,Funcţii specifice Arhivelor Naţionale,1.51145,1.51145,1.51145,Gradația 0,0
2026-07-17,VIII,VIII CII A 1,71,82.40106003.01.1,82.40106003.01.1,Arhivar,Arhivar,personal contractual,execuție,,,treaptă IA,,M,Funcţii specifice Arhivelor Naţionale,1.635824575,1.635824575,1.635824575,Gradația 0,0
2026-07-17,VIII,VIII CII A 1,72,82.40106003.01.2,82.40106003.01.2,Arhivar,Arhivar,personal contractual,execuție,,,treaptă I,,M,Funcţii specifice Arhivelor Naţionale,1.58015155375,1.58015155375,1.580151554,Gradația 0,0
2026-07-17,VIII,VIII CII A 1,73,82.40106003.01.3,82.40106003.01.3,Arhivar,Arhivar,personal contractual,execuție,,,treaptă II,,M,Funcţii specifice Arhivelor Naţionale,1.4924689999999998,1.4924689999999998,1.492469,Gradația 0,0
2026-07-17,VIII,VIII CII A 1,74,82.40106003.01.4,82.40106003.01.4,Arhivar,Arhivar,personal contractual,execuție,,,debutant,,M,Funcţii specifice Arhivelor Naţionale,1.4509919999999998,1.4509919999999998,1.450992,Gradația 0,0
2026-07-17,VIII,VIII CII A 1,78,82.40107001.01.2,82.40107001.01.2,Director general,Director general,personal contractual,conducere,,,,,S,a) Funcții de conducere,4.455,4.95,4.455|4.95,Grad I|Grad II,0
2026-07-17,VIII,VIII CII A 1,79,82.40107002.01.2,82.40107002.01.2,Director general adjunct,Director general adjunct,personal contractual,conducere,,,,,S,a) Funcții de conducere,4.0095,4.455,4.0095|4.455,Grad I|Grad II,0
2026-07-17,VIII,VIII CII A 1,80,82.40107003.01.2,82.40107003.01.2,Director institutie subordonata,Director institutie subordonata,personal contractual,conducere,,,,,S,a) Funcții de conducere,4.0095,4.455,4.0095|4.455,Grad I|Grad II,0
2026-07-17,VIII,VIII CII A 1,81,82.40107004.01.2,82.40107004.01.2,Director adjunct institutie subordonata,Director adjunct institutie subordonata,personal contractual,conducere,,,,,S,a) Funcții de conducere,3.6531000000000002,4.059,3.6531|4.059,Grad I|Grad II,0
2026-07-17,VIII,VIII CII A 1,82,82.40107005.01.2,82.40107005.01.2,Director directie,Director directie,personal contractual,conducere,,,,,S,a) Funcții de conducere,4.0095,4.455,4.0095|4.455,Grad I|Grad II,0
2026-07-17,VIII,VIII CII A 1,83,82.40107006.01.2,82.40107006.01.2,Șef serviciu; Registrator șef,Șef serviciu|Registrator șef,personal contractual,conducere,,,,,S,a) Funcții de conducere,3.5235,3.9149999999999996,3.5235|3.915,Grad I|Grad II,0
2026-07-17,VIII,VIII CII A 1,84,,,Registrator coordonator,Registrator coordonator,personal contractual,conducere,,,,,S,a) Funcții de conducere,3.1,3.44,3.1|3.44,Grad I|Grad II,0
2026-07-17,VIII,VIII CII A 1,86,82.40108001.01.1,82.40108001.01.1,Consilier al directorului general,Consilier al directorului general,personal contractual,execuție,,,,,S,b) Funcţii de execuţie,2.702,2.702,2.702,Gradația 0,0
2026-07-17,VIII,VIII CII A 1,87,82.40108002.01.1,82.40108002.01.1,Consilier,Consilier,personal contractual,execuție,,,gradul IA,,S,b) Funcţii de execuţie,2.702,2.702,2.702,Gradația 0,0
2026-07-17,VIII,VIII CII A 1,88,82.40108002.01.2,82.40108002.01.2,Consilier,Consilier,personal contractual,execuție,,,gradul I,,S,b) Funcţii de execuţie,2.3431408,2.3431408,2.3431408,Gradația 0,0
2026-07-17,VIII,VIII CII A 1,89,82.40108002.01.3,82.40108002.01.3,Consilier,Consilier,personal contractual,execuție,,,gradul II,,S,b) Funcţii de execuţie,2.130128,2.130128,2.130128,Gradația 0,0
2026-07-17,VIII,VIII CII A 1,90,82.40108002.01.4,82.40108002.01.4,Consilier,Consilier,personal contractual,execuție,,,debutant,,S,b) Funcţii de execuţie,1.93648,1.93648,1.93648,Gradația 0,0
2026-07-17,VIII,VIII CII A 1,91,82.40108003.01.1,82.40108003.01.1,Consilier juridic,Consilier juridic,personal contractual,execuție,,,gradul IA,,S,b) Funcţii de execuţie,2.702,2.702,2.702,Gradația 0,0
2026-07-17,VIII,VIII CII A 1,92,82.40108003.01.2,82.40108003.01.2,Consilier juridic,Consilier juridic,personal contractual,execuție,,,gradul I,,S,b) Funcţii de execuţie,2.3431408,2.3431408,2.3431408,Gradația 0,0
2026-07-17,VIII,VIII CII A 1,93,82.40108003.01.3,82.40108003.01.3,Consilier juridic,Consilier juridic,personal contractual,execuție,,,gradul II,,S,b) Funcţii de execuţie,2.130128,2.130128,2.130128,Gradația 0,0
2026-07-17,VIII,VIII CII A 1,94,82.40108003.01.4,82.40108003.01.4,Consilier juridic,Consilier juridic,personal contractual,execuție,,,debutant,,S,b) Funcţii de execuţie,1.93648,1.93648,1.93648,Gradația 0,0
2026-07-17,VIII,VIII CII A 1,95,82.40108004.01.1,82.40108004.01.1,Auditor,Auditor,personal contractual,execuție,,,gradul IA,,S,b) Funcţii de execuţie,2.833553625,2.833553625,2.833553625,Gradația 0,0
2026-07-17,VIII,VIII CII A 1,96,82.40108005.01.1,82.40108005.01.1,Registrator de carte funciară,Registrator de carte funciară,personal contractual,execuție,,,gradul IA,,S,b) Funcţii de execuţie,2.702,2.702,2.702,Gradația 0,0
2026-07-17,VIII,VIII CII A 1,97,82.40108005.01.2,82.40108005.01.2,Registrator de carte funciară,Registrator de carte funciară,personal contractual,execuție,,,gradul I,,S,b) Funcţii de execuţie,2.3431408,2.3431408,2.3431408,Gradația 0,0
2026-07-17,VIII,VIII CII A 1,98,82.40108005.01.3,82.40108005.01.3,Registrator de carte funciară,Registrator de carte funciară,personal contractual,execuție,,,gradul II,,S,b) Funcţii de execuţie,2.130128,2.130128,2.130128,Gradația 0,0
2026-07-17,VIII,VIII CII A 1,99,82.40108006.01.1,82.40108006.01.1,Asistent registrator principal,Asistent registrator principal,personal contractual,execuție,,,gradul IA,,S,b) Funcţii de execuţie,2.449813333333334,2.449813333333334,2.449813333,Gradația 0,0
2026-07-17,VIII,VIII CII A 1,100,82.40108006.01.2,82.40108006.01.2,Asistent registrator principal,Asistent registrator principal,personal contractual,execuție,,,gradul I,,S,b) Funcţii de execuţie,2.0676797474666664,2.0676797474666664,2.067679747,Gradația 0,0
2026-07-17,VIII,VIII CII A 1,101,82.40108006.01.3,82.40108006.01.3,Asistent registrator principal,Asistent registrator principal,personal contractual,execuție,,,gradul II,,S,b) Funcţii de execuţie,1.9326509339488604,1.9326509339488604,1.932650934,Gradația 0,0
2026-07-17,VIII,VIII CII A 1,102,82.40108006.01.4,82.40108006.01.4,Asistent registrator principal,Asistent registrator principal,personal contractual,execuție,,,debutant,,S,b) Funcţii de execuţie,1.6219108325595792,1.6219108325595792,1.621910833,Gradația 0,0
2026-07-17,VIII,VIII CII A 1,103,82.40108007.02.1,82.40108007.02.1,Specialist GIS/IT,Specialist GIS,personal contractual,execuție,,,gradul IA,,S,b) Funcţii de execuţie,2.702,2.702,2.702,Gradația 0,0
2026-07-17,VIII,VIII CII A 1,104,82.40108007.02.2,82.40108007.02.2,Specialist GIS/IT,Specialist GIS,personal contractual,execuție,,,gradul I,,S,b) Funcţii de execuţie,2.3431408,2.3431408,2.3431408,Gradația 0,0
2026-07-17,VIII,VIII CII A 1,105,82.40108007.02.3,82.40108007.02.3,Specialist GIS/IT,Specialist GIS,personal contractual,execuție,,,gradul II,,S,b) Funcţii de execuţie,2.130128,2.130128,2.130128,Gradația 0,0
2026-07-17,VIII,VIII CII A 1,106,82.40108007.02.4,82.40108007.02.4,Specialist GIS/IT,Specialist GIS,personal contractual,execuție,,,debutant,,S,b) Funcţii de execuţie,1.93648,1.93648,1.93648,Gradația 0,0
2026-07-17,VIII,VIII CII A 1,107,82.40108008.01.1,82.40108008.01.1,Consilier cadastru,Consilier cadastru,personal contractual,execuție,,,gradul IA,,S,b) Funcţii de execuţie,2.702,2.702,2.702,Gradația 0,0
2026-07-17,VIII,VIII CII A 1,108,82.40108008.01.2,82.40108008.01.2,Consilier cadastru,Consilier cadastru,personal contractual,execuție,,,gradul I,,S,b) Funcţii de execuţie,2.3431408,2.3431408,2.3431408,Gradația 0,0
2026-07-17,VIII,VIII CII A 1,109,82.40108008.01.3,82.40108008.01.3,Consilier cadastru,Consilier cadastru,personal contractual,execuție,,,gradul II,,S,b) Funcţii de execuţie,2.130128,2.130128,2.130128,Gradația 0,0
2026-07-17,VIII,VIII CII A 1,110,82.40108008.01.4,82.40108008.01.4,Consilier cadastru,Consilier cadastru,personal contractual,execuție,,,debutant,,S,b) Funcţii de execuţie,1.93648,1.93648,1.93648,Gradația 0,0
2026-07-17,VIII,VIII CII A 1,111,82.40108009.01.1,82.40108009.01.1,Subinginer cadastru,Subinginer cadastru,personal contractual,execuție,,,gradul IA,,SSD,b) Funcţii de execuţie,1.87731544,1.87731544,1.87731544,Gradația 0,0
2026-07-17,VIII,VIII CII A 1,112,82.40108009.01.2,82.40108009.01.2,Subinginer cadastru,Subinginer cadastru,personal contractual,execuție,,,gradul I,,SSD,b) Funcţii de execuţie,1.813423612,1.813423612,1.813423612,Gradația 0,0
2026-07-17,VIII,VIII CII A 1,113,82.40108009.01.3,82.40108009.01.3,Subinginer cadastru,Subinginer cadastru,personal contractual,execuție,,,gradul II,,SSD,b) Funcţii de execuţie,1.7127968,1.7127968,1.7127968,Gradația 0,0
2026-07-17,VIII,VIII CII A 1,114,82.40108009.01.4,82.40108009.01.4,Subinginer cadastru,Subinginer cadastru,personal contractual,execuție,,,debutant,,SSD,b) Funcţii de execuţie,1.6738696,1.6738696,1.6738696,Gradația 0,0
2026-07-17,VIII,VIII CII A 1,115,82.40108010.01.1,82.40108010.01.1,Subinginer,Subinginer,personal contractual,execuție,,,gradul IA,,SSD,b) Funcţii de execuţie,1.87731544,1.87731544,1.87731544,Gradația 0,0
2026-07-17,VIII,VIII CII A 1,116,82.40108010.01.2,82.40108010.01.2,Subinginer,Subinginer,personal contractual,execuție,,,gradul I,,SSD,b) Funcţii de execuţie,1.813423612,1.813423612,1.813423612,Gradația 0,0
2026-07-17,VIII,VIII CII A 1,117,82.40108010.01.3,82.40108010.01.3,Subinginer,Subinginer,personal contractual,execuție,,,gradul II,,SSD,b) Funcţii de execuţie,1.7127968,1.7127968,1.7127968,Gradația 0,0
2026-07-17,VIII,VIII CII A 1,118,82.40108010.01.4,82.40108010.01.4,Subinginer,Subinginer,personal contractual,execuție,,,debutant,,SSD,b) Funcţii de execuţie,1.6738696,1.6738696,1.6738696,Gradația 0,0
2026-07-17,VIII,VIII CII A 1,119,82.40108011.01.1,82.40108011.01.1,Asistent registrator,Asistent registrator,personal contractual,execuție,,,treaptă IA,,M,b) Funcţii de execuţie,1.8208053864,1.8208053864,1.820805386,Gradația 0,0
2026-07-17,VIII,VIII CII A 1,120,82.40108011.01.2,82.40108011.01.2,Asistent registrator,Asistent registrator,personal contractual,execuție,,,treaptă I,,M,b) Funcţii de execuţie,1.7588367997199998,1.7588367997199998,1.7588368,Gradația 0,0
2026-07-17,VIII,VIII CII A 1,121,82.40108011.01.3,82.40108011.01.3,Asistent registrator,Asistent registrator,personal contractual,execuție,,,treaptă II,,M,b) Funcţii de execuţie,1.661239008,1.661239008,1.661239008,Gradația 0,0
2026-07-17,VIII,VIII CII A 1,122,82.40108011.01.4,82.40108011.01.4,Asistent registrator,Asistent registrator,personal contractual,execuție,,,debutant,,M,b) Funcţii de execuţie,1.6150717439999998,1.6150717439999998,1.615071744,Gradația 0,0
2026-07-17,VIII,VIII CII A 1,123,82.40108012.01.1,82.40108012.01.1,Tehnician cadastru,Tehnician cadastru,personal contractual,execuție,,,treaptă IA,,M,b) Funcţii de execuţie,1.8208053864,1.8208053864,1.820805386,Gradația 0,0
2026-07-17,VIII,VIII CII A 1,124,82.40108012.01.2,82.40108012.01.2,Tehnician cadastru,Tehnician cadastru,personal contractual,execuție,,,treaptă I,,M,b) Funcţii de execuţie,1.7588367997199998,1.7588367997199998,1.7588368,Gradația 0,0
2026-07-17,VIII,VIII CII A 1,125,82.40108012.01.3,82.40108012.01.3,Tehnician cadastru,Tehnician cadastru,personal contractual,execuție,,,treaptă II,,M,b) Funcţii de execuţie,1.661239008,1.661239008,1.661239008,Gradația 0,0
2026-07-17,VIII,VIII CII A 1,126,82.40108012.01.4,82.40108012.01.4,Tehnician cadastru,Tehnician cadastru,personal contractual,execuție,,,debutant,,M,b) Funcţii de execuţie,1.6150717439999998,1.6150717439999998,1.615071744,Gradația 0,0
2026-07-17,VIII,VIII CII A 1,127,82.40108013.01.1,82.40108013.01.1,Referent,Referent,personal contractual,execuție,,,treaptă IA,,M,b) Funcţii de execuţie,1.635824575,1.635824575,1.635824575,Gradația 0,0
2026-07-17,VIII,VIII CII A 1,128,82.40108013.01.2,82.40108013.01.2,Referent,Referent,personal contractual,execuție,,,treaptă I,,M,b) Funcţii de execuţie,1.58015155375,1.58015155375,1.580151554,Gradația 0,0
2026-07-17,VIII,VIII CII A 1,129,82.40108013.01.3,82.40108013.01.3,Referent,Referent,personal contractual,execuție,,,treaptă II,,M,b) Funcţii de execuţie,1.4924689999999998,1.4924689999999998,1.492469,Gradația 0,0
2026-07-17,VIII,VIII CII A 1,130,82.40108013.01.4,82.40108013.01.4,Referent,Referent,personal contractual,execuție,,,debutant,,M,b) Funcţii de execuţie,1.4509919999999998,1.4509919999999998,1.450992,Gradația 0,0
2026-07-17,VIII,VIII CII A 1,131,82.40108014.01.1,82.40108014.01.1,Arhivar,Arhivar,personal contractual,execuție,,,,,M,b) Funcţii de execuţie,1.635824575,1.635824575,1.635824575,Gradația 0,0
2026-07-17,VIII,VIII CII A 1,132,82.40108014.01.2,82.40108014.01.2,Arhivar debutant,Arhivar debutant,personal contractual,execuție,,,debutant,,M,b) Funcţii de execuţie,1.58015155375,1.58015155375,1.580151554,Gradația 0,0
2026-07-17,VIII,VIII CII A 1,135,82.40110001.01.1,82.40110001.01.1,Consilier pentru afaceri europene,Consilier pentru afaceri europene,personal contractual,execuție,,,,,S,2.4 Consilieri pentru afaceri europene din autorități și instituții publice,2.8,2.8,2.8,Gradația 0,0
2026-07-17,VIII,VIII CII A 1,138,82.40111001.01.1,82.40111001.01.1,Casier trezorier,Casier trezorier,personal contractual,execuție,,,treaptă I,,M,2.5 Funcţii specifice din aparatul propriu și din unităţile teritoriale ale Ministerului Finanţelor,1.635824575,1.635824575,1.635824575,Gradația 0,0
2026-07-17,VIII,VIII CII A 1,139,82.40111001.01.2,82.40111001.01.2,Casier trezorier,Casier trezorier,personal contractual,execuție,,,treaptă II,,M;G,2.5 Funcţii specifice din aparatul propriu și din unităţile teritoriale ale Ministerului Finanţelor,1.58015155375,1.58015155375,1.580151554,Gradația 0,0
2026-07-17,VIII,VIII CII A 1,140,82.40111001.01.3,82.40111001.01.3,Casier trezorier,Casier trezorier,personal contractual,execuție,,,debutant,,M;G,2.5 Funcţii specifice din aparatul propriu și din unităţile teritoriale ale Ministerului Finanţelor,1.4509919999999998,1.4509919999999998,1.450992,Gradația 0,0
2026-07-17,VIII,VIII CII A 1,141,82.40111002.01.1,82.40111002.01.1,Agent fiscal,Agent fiscal,personal contractual,execuție,,,treaptă I,,M;G,2.5 Funcţii specifice din aparatul propriu și din unităţile teritoriale ale Ministerului Finanţelor,1.58015155375,1.58015155375,1.580151554,Gradația 0,0
2026-07-17,VIII,VIII CII A 1,142,82.40111002.01.2,82.40111002.01.2,Agent fiscal,Agent fiscal,personal contractual,execuție,,,debutant,,M;G,2.5 Funcţii specifice din aparatul propriu și din unităţile teritoriale ale Ministerului Finanţelor,1.4509919999999998,1.4509919999999998,1.450992,Gradația 0,0
2026-07-17,VIII,VIII CII A 1,146,82.40112001.01.1,82.40112001.01.1,Director de cabinet,Director de cabinet,personal contractual,execuție,,,,,S,2.6 Cabinetul demnitarului,3.654,4.06,3.654|4.06,Grad managerial|Grad II,0
2026-07-17,VIII,VIII CII A 1,148,82.40112002.01.1,82.40112002.01.1,Consilier,Consilier,personal contractual,execuție,,,,,S,2.6 Cabinetul demnitarului,2.38,2.8,2.38|2.8,Gradația 0|Grad II,0
2026-07-17,VIII,VIII CII A 1,149,82.40112003.01.1,82.40112003.01.1,Expert,Expert,personal contractual,execuție,,,,,S,2.6 Cabinetul demnitarului,2.3184,2.576,2.3184|2.576,Gradația 0|Grad II,0
2026-07-17,VIII,VIII CII A 1,150,82.40112004.01.1,82.40112004.01.1,Consultant,Consultant,personal contractual,execuție,,,,,S,2.6 Cabinetul demnitarului,2.132928,2.36992,2.132928|2.36992,Gradația 0|Grad II,0
2026-07-17,VIII,VIII CII A 1,151,82.40112005.01.1,82.40112005.01.1,Şef cabinet,Şef cabinet,personal contractual,execuție,,,,,S,2.6 Cabinetul demnitarului,2.38,2.8,2.38|2.8,Gradația 0|Grad II,0
2026-07-17,VIII,VIII CII A 1,152,82.40112006.03.1,82.40112006.03.1,"Şef cabinet, stenodactilograf, referent","Şef cabinet, stenodactilograf, referent",personal contractual,execuție,,,,,SSD,2.6 Cabinetul demnitarului,1.64934,1.8326,1.64934|1.8326,Gradația 0|Grad II,0
2026-07-17,VIII,VIII CII A 1,153,82.40112007.03.1,82.40112007.03.1,"Şef cabinet, stenodactilograf, referent","Şef cabinet, stenodactilograf, referent",personal contractual,execuție,,,,,PL,2.6 Cabinetul demnitarului,1.6160356468654618,1.7955951631838463,1.616035647|1.795595163,Gradația 0|Grad II,0
2026-07-17,VIII,VIII CII A 1,154,82.40112008.03.1,82.40112008.03.1,"Şef cabinet, stenodactilograf, referent","Şef cabinet, stenodactilograf, referent",personal contractual,execuție,,,,,M,2.6 Cabinetul demnitarului,1.5916131,1.768459,1.5916131|1.768459,Gradația 0|Grad II,0
2026-07-17,VIII,VIII CII A 1,155,82.40112009.03.1,82.40112009.03.1,"Secretar cabinet, secretar dactilograf, curier personal (şofer)","Secretar cabinet, secretar dactilograf, curier personal",personal contractual,execuție,,,,,M;G,2.6 Cabinetul demnitarului,1.5374447549999999,1.7082719499999999,1.537444755|1.70827195,Gradația 0|Grad II,0
2026-07-17,VIII,VIII CII A 1,159,,,Director general,Director general,personal contractual,conducere,,,,,S,a) Funcții de conducere,6,6,6,Grad managerial,0
2026-07-17,VIII,VIII CII A 1,160,82.40114001.01.2,82.40114001.01.2,Director,Director,personal contractual,conducere,,,,,S,a) Funcții de conducere,5.714285714285714,5.714285714285714,5.714285714,Grad managerial,0
2026-07-17,VIII,VIII CII A 1,161,82.40114002.01.2,82.40114002.01.2,Director adjunct,Director adjunct,personal contractual,conducere,,,,,S,a) Funcții de conducere,5.5649999999999995,5.5649999999999995,5.565,Grad managerial,0
2026-07-17,VIII,VIII CII A 1,162,82.40114003.02.2,82.40114003.02.2,Şef serviciu;Şef oficiu regional de audit,Şef serviciu|Şef oficiu regional de audit,personal contractual,conducere,,,,,S,a) Funcții de conducere,5.13,5.13,5.13,Grad managerial,0
2026-07-17,VIII,VIII CII A 1,164,82.40115001.04.1,82.40115001.04.1,"Auditor public extern, consilier juridic asimilat auditorului public extern, specialist informatică asimilat auditorului public extern, consilier din cabinetul demnitarului din cadrul Curţii de Conturi a României şi Autorităţii de Audit - Superior (Vechimea minimă în specialitate 12 ani)","Auditor public extern, consilier juridic asimilat auditorului public extern, specialist informatică asimilat auditorului public extern, consilier din cabinetul demnitarului din cadrul Curţii de Conturi a României şi Autorităţii de Audit - Superior (Vechimea minimă în specialitate 12 ani)",personal contractual,execuție,,,Grad I,,S,b) Funcții de execuție,3.8,3.8,3.8,Gradația 0,0
2026-07-17,VIII,VIII CII A 1,165,82.40115001.04.2,82.40115001.04.2,"Auditor public extern, consilier juridic asimilat auditorului public extern, specialist informatică asimilat auditorului public extern, consilier din cabinetul demnitarului din cadrul Curţii de Conturi a României şi Autorităţii de Audit - Superior (Vechimea minimă în specialitate 12 ani)","Auditor public extern, consilier juridic asimilat auditorului public extern, specialist informatică asimilat auditorului public extern, consilier din cabinetul demnitarului din cadrul Curţii de Conturi a României şi Autorităţii de Audit - Superior (Vechimea minimă în specialitate 12 ani)",personal contractual,execuție,,,Grad II,,S,b) Funcții de execuție,3.61,3.61,3.61,Gradația 0,0
2026-07-17,VIII,VIII CII A 1,166,82.40115001.04.3,82.40115001.04.3,"Auditor public extern, consilier juridic asimilat auditorului public extern, specialist informatică asimilat auditorului public extern, consilier din cabinetul demnitarului din cadrul Curţii de Conturi a României şi Autorităţii de Audit - Superior (Vechimea minimă în specialitate 12 ani)","Auditor public extern, consilier juridic asimilat auditorului public extern, specialist informatică asimilat auditorului public extern, consilier din cabinetul demnitarului din cadrul Curţii de Conturi a României şi Autorităţii de Audit - Superior (Vechimea minimă în specialitate 12 ani)",personal contractual,execuție,,,Grad III,,S,b) Funcții de execuție,3.4294999999999995,3.4294999999999995,3.4295,Gradația 0,0
2026-07-17,VIII,VIII CII A 1,167,82.40115002.04.1,82.40115002.04.1,"Auditor public extern, consilier juridic asimilat auditorului public extern, specialist informatică asimilat auditorului public extern, consilier din cabinetul demnitarului din cadrul Curţii de Conturi a României şi Autorităţii de Audit - Principal (Vechimea minimă în specialitate 8 ani)","Auditor public extern, consilier juridic asimilat auditorului public extern, specialist informatică asimilat auditorului public extern, consilier din cabinetul demnitarului din cadrul Curţii de Conturi a României şi Autorităţii de Audit - Principal (Vechimea minimă în specialitate 8 ani)",personal contractual,execuție,,,Grad I,,S,b) Funcții de execuție,3.2665987499999996,3.2665987499999996,3.26659875,Gradația 0,0
2026-07-17,VIII,VIII CII A 1,168,82.40115002.04.2,82.40115002.04.2,"Auditor public extern, consilier juridic asimilat auditorului public extern, specialist informatică asimilat auditorului public extern, consilier din cabinetul demnitarului din cadrul Curţii de Conturi a României şi Autorităţii de Audit - Principal (Vechimea minimă în specialitate 8 ani)","Auditor public extern, consilier juridic asimilat auditorului public extern, specialist informatică asimilat auditorului public extern, consilier din cabinetul demnitarului din cadrul Curţii de Conturi a României şi Autorităţii de Audit - Principal (Vechimea minimă în specialitate 8 ani)",personal contractual,execuție,,,Grad II,,S,b) Funcții de execuție,3.1196018062499995,3.1196018062499995,3.119601806,Gradația 0,0
2026-07-17,VIII,VIII CII A 1,169,82.40115002.04.3,82.40115002.04.3,"Auditor public extern, consilier juridic asimilat auditorului public extern, specialist informatică asimilat auditorului public extern, consilier din cabinetul demnitarului din cadrul Curţii de Conturi a României şi Autorităţii de Audit - Principal (Vechimea minimă în specialitate 8 ani)","Auditor public extern, consilier juridic asimilat auditorului public extern, specialist informatică asimilat auditorului public extern, consilier din cabinetul demnitarului din cadrul Curţii de Conturi a României şi Autorităţii de Audit - Principal (Vechimea minimă în specialitate 8 ani)",personal contractual,execuție,,,Grad III,,S,b) Funcții de execuție,2.9870187294843746,2.9870187294843746,2.987018729,Gradația 0,0
2026-07-17,VIII,VIII CII A 1,170,82.40115003.04.1,82.40115003.04.1,"Auditor public extern, consilier juridic asimilat auditorului public extern, specialist informatică asimilat auditorului public extern, consilier din cabinetul demnitarului din cadrul Curţii de Conturi a României şi Autorităţii de Audit - Vechimea minimă în specialitate 3 ani","Auditor public extern, consilier juridic asimilat auditorului public extern, specialist informatică asimilat auditorului public extern, consilier din cabinetul demnitarului din cadrul Curţii de Conturi a României şi Autorităţii de Audit - Vechimea minimă în specialitate 3 ani",personal contractual,execuție,,,Grad I,,S,b) Funcții de execuție,2.8675379803049994,2.8675379803049994,2.86753798,Gradația 0,0
2026-07-17,VIII,VIII CII A 1,171,82.40115003.04.2,82.40115003.04.2,"Auditor public extern, consilier juridic asimilat auditorului public extern, specialist informatică asimilat auditorului public extern, consilier din cabinetul demnitarului din cadrul Curţii de Conturi a României şi Autorităţii de Audit - Vechimea minimă în specialitate 3 ani","Auditor public extern, consilier juridic asimilat auditorului public extern, specialist informatică asimilat auditorului public extern, consilier din cabinetul demnitarului din cadrul Curţii de Conturi a României şi Autorităţii de Audit - Vechimea minimă în specialitate 3 ani",personal contractual,execuție,,,Grad II,,S,b) Funcții de execuție,2.760005306043562,2.760005306043562,2.760005306,Gradația 0,0
2026-07-17,VIII,VIII CII A 1,172,82.40115003.04.3,82.40115003.04.3,"Auditor public extern, consilier juridic asimilat auditorului public extern, specialist informatică asimilat auditorului public extern, consilier din cabinetul demnitarului din cadrul Curţii de Conturi a României şi Autorităţii de Audit - Vechimea minimă în specialitate 3 ani","Auditor public extern, consilier juridic asimilat auditorului public extern, specialist informatică asimilat auditorului public extern, consilier din cabinetul demnitarului din cadrul Curţii de Conturi a României şi Autorităţii de Audit - Vechimea minimă în specialitate 3 ani",personal contractual,execuție,,,Grad III,,S,b) Funcții de execuție,2.6634051203320372,2.6634051203320372,2.66340512,Gradația 0,0
2026-07-17,VIII,VIII CII A 1,175,82.40116001.01.1,82.40116001.01.1,Director general,Director general,personal contractual,conducere,,,,,S,a) Funcții de conducere,6,6,6,Grad managerial,0
2026-07-17,VIII,VIII CII A 1,176,82.40116002.01.1,82.40116002.01.1,Director,Director,personal contractual,conducere,,,,,S,a) Funcții de conducere,5.5649999999999995,5.5649999999999995,5.565,Grad managerial,0
2026-07-17,VIII,VIII CII A 1,177,82.40116003.01.1,82.40116003.01.1,Director adjunct,Director adjunct,personal contractual,conducere,,,,,S,a) Funcții de conducere,5.3475,5.3475,5.3475,Grad managerial,0
2026-07-17,VIII,VIII CII A 1,178,82.40116004.01.1,82.40116004.01.1,Şef serviciu,Şef serviciu,personal contractual,conducere,,,,,S,a) Funcții de conducere,5.13,5.13,5.13,Grad managerial,0
2026-07-17,VIII,VIII CII A 1,180,82.40117001.01.1,82.40117001.01.1,Inspector de concurenţă,Inspector de concurenţă,personal contractual,execuție,,,superior,,S,b) Funcții de execuție,3.8,3.8,3.8,Gradația 0,0
2026-07-17,VIII,VIII CII A 1,181,82.40117002.01.1,82.40117002.01.1,Inspector de concurenţă,Inspector de concurenţă,personal contractual,execuție,,,principal,,S,b) Funcții de execuție,3.2665987499999996,3.2665987499999996,3.26659875,Gradația 0,0
2026-07-17,VIII,VIII CII A 1,182,82.40117003.01.1,82.40117003.01.1,Inspector de concurenţă,Inspector de concurenţă,personal contractual,execuție,,,asistent,,S,b) Funcții de execuție,2.8675379803049994,2.8675379803049994,2.86753798,Gradația 0,0
2026-07-17,VIII,VIII CII A 1,183,82.40117004.01.1,82.40117004.01.1,Inspector de concurenţă,Inspector de concurenţă,personal contractual,execuție,,,debutant,,S,b) Funcții de execuție,2.2940303842439995,2.2940303842439995,2.294030384,Gradația 0,0
2026-07-17,VIII,VIII CII A 1,186,82.40118001.01.1,82.40118001.01.1,Director general,Director general,personal contractual,conducere,,,,,S,a) Funcții de conducere,5.5,5.5,5.5,Grad managerial,0
2026-07-17,VIII,VIII CII A 1,187,82.40118002.01.1,82.40118002.01.1,Director,Director,personal contractual,conducere,,,,,S,a) Funcții de conducere,4.95,4.95,4.95,Grad managerial,0
2026-07-17,VIII,VIII CII A 1,188,82.40118003.01.1,82.40118003.01.1,Şef serviciu,Şef serviciu,personal contractual,conducere,,,,,S,a) Funcții de conducere,4.35,4.35,4.35,Grad managerial,0
2026-07-17,VIII,VIII CII A 1,189,82.40118004.01.1,82.40118004.01.1,Şef compartiment,Şef compartiment,personal contractual,conducere,,,,,S,a) Funcții de conducere,4.028169014084507,4.028169014084507,4.028169014,Grad managerial,0
2026-07-17,VIII,VIII CII A 1,191,82.40119001.01.1,82.40119001.01.1,Analist financiar,Analist financiar,personal contractual,execuție,,,gradul I,,S,b) Funcții de execuție,2.912,2.912,2.912,Gradația 0,0
2026-07-17,VIII,VIII CII A 1,192,82.40119001.01.2,82.40119001.01.2,Analist financiar,Analist financiar,personal contractual,execuție,,,gradul II,,S,b) Funcții de execuție,2.7664,2.7664,2.7664,Gradația 0,0
2026-07-17,VIII,VIII CII A 1,193,82.40119001.01.3,82.40119001.01.3,Analist financiar,Analist financiar,personal contractual,execuție,,,gradul III,,S,b) Funcții de execuție,2.6280799999999997,2.6280799999999997,2.62808,Gradația 0,0
2026-07-17,VIII,VIII CII A 1,194,82.40119001.01.4,82.40119001.01.4,Analist financiar,Analist financiar,personal contractual,execuție,,,gradul IV,,S,b) Funcții de execuție,2.5229567999999998,2.5229567999999998,2.5229568,Gradația 0,0
2026-07-17,VIII,VIII CII A 1,195,82.40119002.01.1,82.40119002.01.1,Asistent analist,Asistent analist,personal contractual,execuție,,,treaptă I,,M,b) Funcții de execuție,1.672,1.672,1.672,Gradația 0,0
2026-07-17,VIII,VIII CII A 1,196,82.40119002.01.2,82.40119002.01.2,Asistent analist,Asistent analist,personal contractual,execuție,,,treaptă II,,M,b) Funcții de execuție,1.634,1.634,1.634,Gradația 0,0
2026-07-17,VIII,VIII CII A 1,199,82.40120001.01.1,82.40120001.01.1,Secretar general,Secretar general,personal contractual,conducere,,,,,S,a) Coeficienți de salarizare pentru funcţiile publice de conducere specifice,6,6,6,Grad managerial,0
2026-07-17,VIII,VIII CII A 1,200,82.40120002.01.1,82.40120002.01.1,Director general,Director general,personal contractual,conducere,,,,,S,a) Coeficienți de salarizare pentru funcţiile publice de conducere specifice,5.5,5.5,5.5,Grad managerial,0
2026-07-17,VIII,VIII CII A 1,201,82.40120003.01.1,82.40120003.01.1,Director general adjunct,Director general adjunct,personal contractual,conducere,,,,,S,a) Coeficienți de salarizare pentru funcţiile publice de conducere specifice,4.95,4.95,4.95,Grad managerial,0
2026-07-17,VIII,VIII CII A 1,202,82.40120004.01.1,82.40120004.01.1,Director,Director,personal contractual,conducere,,,,,S,a) Coeficienți de salarizare pentru funcţiile publice de conducere specifice,4.95,4.95,4.95,Grad managerial,0
2026-07-17,VIII,VIII CII A 1,203,82.40120005.01.1,82.40120005.01.1,Director adjunct,Director adjunct,personal contractual,conducere,,,,,S,a) Coeficienți de salarizare pentru funcţiile publice de conducere specifice,4.51,4.51,4.51,Grad managerial,0
2026-07-17,VIII,VIII CII A 1,204,82.40120006.01.1,82.40120006.01.1,Şef serviciu,Şef serviciu,personal contractual,conducere,,,,,S,a) Coeficienți de salarizare pentru funcţiile publice de conducere specifice,4.35,4.35,4.35,Grad managerial,0
2026-07-17,VIII,VIII CII A 1,206,82.40121001.01.1,82.40121001.01.1,Inspector de integritate,Inspector de integritate,personal contractual,execuție,,,superior,,S,b) Coeficienți de salarizare pentru funcţii publice de execuţie specifice,2.94,2.94,2.94,Gradația 0,0
2026-07-17,VIII,VIII CII A 1,207,82.40121001.01.2,82.40121001.01.2,Inspector de integritate,Inspector de integritate,personal contractual,execuție,,,principal,,S,b) Coeficienți de salarizare pentru funcţii publice de execuţie specifice,2.510508,2.510508,2.510508,Gradația 0,0
2026-07-17,VIII,VIII CII A 1,208,82.40121001.01.3,82.40121001.01.3,Inspector de integritate,Inspector de integritate,personal contractual,execuție,,,asistent,,S,b) Coeficienți de salarizare pentru funcţii publice de execuţie specifice,2.28228,2.28228,2.28228,Gradația 0,0
2026-07-17,VIII,VIII CII A 1,209,82.40121001.01.4,82.40121001.01.4,Inspector de integritate,Inspector de integritate,personal contractual,execuție,,,debutant,,S,b) Coeficienți de salarizare pentru funcţii publice de execuţie specifice,2.0748,2.0748,2.0748,Gradația 0,0
2026-07-17,VIII,VIII CII A 1,212,82.40122001.01.2,82.40122001.01.2,Şef departament,Şef departament,personal contractual,conducere,,,,,S,a) Coeficienți de salarizare pentru funcţii de conducere specifice,5.5,5.5,5.5,Grad managerial,0
2026-07-17,VIII,VIII CII A 1,213,82.40122002.01.2,82.40122002.01.2,Director general adjunct,Director general adjunct,personal contractual,conducere,,,,,S,a) Coeficienți de salarizare pentru funcţii de conducere specifice,5.225,5.225,5.225,Grad managerial,0
2026-07-17,VIII,VIII CII A 1,214,82.40122003.02.2,82.40122003.02.2,"Director, Şef sector audit","Director, Şef sector audit",personal contractual,conducere,,,,,S,a) Coeficienți de salarizare pentru funcţii de conducere specifice,4.95,4.95,4.95,Grad managerial,0
2026-07-17,VIII,VIII CII A 1,215,82.40122004.01.2,82.40122004.01.2,Director adjunct,Director adjunct,personal contractual,conducere,,,,,S,a) Coeficienți de salarizare pentru funcţii de conducere specifice,4.35,4.35,4.35,Grad managerial,0
2026-07-17,VIII,VIII CII A 1,216,82.40122005.01.2,82.40122005.01.2,Şef serviciu,Şef serviciu,personal contractual,conducere,,,,,S,a) Coeficienți de salarizare pentru funcţii de conducere specifice,4.028169014084507,4.028169014084507,4.028169014,Grad managerial,0
2026-07-17,VIII,VIII CII A 1,218,82.40123001.01.1,82.40123001.01.1,Consilier de securitate a informaţiilor,Consilier de securitate a informaţiilor,personal contractual,execuție,,,,,S,b) Coeficienți de salarizare pentru funcţii de execuţie specifice:,2.94,2.94,2.94,Gradația 0,0
2026-07-17,VIII,VIII CII A 1,219,82.40123002.01.1,82.40123002.01.1,Referent de securitate a informaţiilor,Referent de securitate a informaţiilor,personal contractual,execuție,,,,,PL,b) Coeficienți de salarizare pentru funcţii de execuţie specifice:,1.9606566,1.9606566,1.9606566,Gradația 0,0
2026-07-17,VIII,VIII CII A 1,220,82.40123003.01.1,82.40123003.01.1,Referent de securitate a informaţiilor,Referent de securitate a informaţiilor,personal contractual,execuție,,,,,M,b) Coeficienți de salarizare pentru funcţii de execuţie specifice:,1.9414094,1.9414094,1.9414094,Gradația 0,0
2026-07-17,VIII,VIII CII A 1,224,82.40124001.02.1,82.40124001.02.1,Medic veterinar gradul I / Medic primar veterinar,Medic veterinar gradul I|Medic primar veterinar,personal contractual,execuție,,,gradul I,,S,Funcţii de execuţie pe grade şi trepte profesionale,2.88,2.88,2.88,Gradația 0,0
2026-07-17,VIII,VIII CII A 1,225,82.40124002.01.1,82.40124002.01.1,Medic veterinar,Medic veterinar,personal contractual,execuție,,,gradul II,,S,Funcţii de execuţie pe grade şi trepte profesionale,2.5344,2.5344,2.5344,Gradația 0,0
2026-07-17,VIII,VIII CII A 1,226,82.40124003.01.1,82.40124003.01.1,Medic veterinar,Medic veterinar,personal contractual,execuție,,,gradul III,,S,Funcţii de execuţie pe grade şi trepte profesionale,2.0337696,2.0337696,2.0337696,Gradația 0,0
2026-07-17,VIII,VIII CII A 1,227,82.40124004.01.1,82.40124004.01.1,Medic veterinar,Medic veterinar,personal contractual,execuție,,,debutant,,S,Funcţii de execuţie pe grade şi trepte profesionale,1.7287576601671306,1.7287576601671306,1.72875766,Gradația 0,0
2026-07-17,VIII,VIII CII A 1,228,82.40124005.05.1,82.40124005.05.1,"Inginer*2), medic, chimist/biolog","Inginer* , medic, chimist|biolog",personal contractual,execuție,,,gradul IA/ Expert,,S,Funcţii de execuţie pe grade şi trepte profesionale,2.37,2.37,2.37,Gradația 0,0
2026-07-17,VIII,VIII CII A 1,229,82.40124006.04.1,82.40124006.04.1,"Inginer*2), medic, chimist/biolog","Inginer* , medic, chimist|biolog",personal contractual,execuție,,,gradul I,,S,Funcţii de execuţie pe grade şi trepte profesionale,2.133,2.133,2.133,Gradația 0,0
2026-07-17,VIII,VIII CII A 1,230,82.40124007.04.1,82.40124007.04.1,"Inginer*2), medic, chimist/biolog","Inginer* , medic, chimist|biolog",personal contractual,execuție,,,gradul II,,S,Funcţii de execuţie pe grade şi trepte profesionale,1.9197,1.9197,1.9197,Gradația 0,0
2026-07-17,VIII,VIII CII A 1,231,82.40124008.04.1,82.40124008.04.1,"Inginer*2), medic, chimist/biolog","Inginer* , medic, chimist|biolog",personal contractual,execuție,,,biolog debutant,,S,Funcţii de execuţie pe grade şi trepte profesionale,1.72773,1.72773,1.72773,Gradația 0,0
2026-07-17,VIII,VIII CII A 1,232,82.40124009.05.1,82.40124009.05.1,"Subinginer, asistent veterinar, tehnician*3), conductor tehnic, referent de specialitate;","Subinginer, asistent veterinar, tehnician* , conductor tehnic, referent de specialitate",personal contractual,execuție,,,gradul IA,,SSD,Funcţii de execuţie pe grade şi trepte profesionale,1.9197,1.9197,1.9197,Gradația 0,0
2026-07-17,VIII,VIII CII A 1,233,82.40124010.05.1,82.40124010.05.1,"Subinginer, asistent veterinar, tehnician*3), conductor tehnic, referent de specialitate;","Subinginer, asistent veterinar, tehnician* , conductor tehnic, referent de specialitate",personal contractual,execuție,,,specialitate; I,,SSD,Funcţii de execuţie pe grade şi trepte profesionale,1.823715,1.823715,1.823715,Gradația 0,0
2026-07-17,VIII,VIII CII A 1,234,82.40124011.05.1,82.40124011.05.1,"Subinginer, asistent veterinar, tehnician*3), conductor tehnic, referent de specialitate;","Subinginer, asistent veterinar, tehnician* , conductor tehnic, referent de specialitate",personal contractual,execuție,,,specialitate; II,,SSD,Funcţii de execuţie pe grade şi trepte profesionale,1.7325292499999998,1.7325292499999998,1.73252925,Gradația 0,0
2026-07-17,VIII,VIII CII A 1,235,82.40124012.05.1,82.40124012.05.1,"Subinginer, asistent veterinar, tehnician*3), conductor tehnic, referent de specialitate;","Subinginer, asistent veterinar, tehnician* , conductor tehnic, referent de specialitate",personal contractual,execuție,,,specialitate debutant,,SSD,Funcţii de execuţie pe grade şi trepte profesionale,1.6459027874999996,1.6459027874999996,1.645902787,Gradația 0,0
2026-07-17,VIII,VIII CII A 1,236,82.40124013.04.1,82.40124013.04.1,"Asistent veterinar, laborant, tehnician*3), referent","Asistent veterinar, laborant, tehnician* , referent",personal contractual,execuție,,,treaptă IA,,M,Funcţii de execuţie pe grade şi trepte profesionale,1.7325292499999998,1.7325292499999998,1.73252925,Gradația 0,0
2026-07-17,VIII,VIII CII A 1,237,82.40124014.04.1,82.40124014.04.1,"Asistent veterinar, laborant, tehnician*3), referent","Asistent veterinar, laborant, tehnician* , referent",personal contractual,execuție,,,treaptă I,,M,Funcţii de execuţie pe grade şi trepte profesionale,1.6459027874999996,1.6459027874999996,1.645902787,Gradația 0,0
2026-07-17,VIII,VIII CII A 1,238,82.40124015.04.1,82.40124015.04.1,"Asistent veterinar, laborant, tehnician*3), referent","Asistent veterinar, laborant, tehnician* , referent",personal contractual,execuție,,,treaptă II,,M,Funcţii de execuţie pe grade şi trepte profesionale,1.5636076481249996,1.5636076481249996,1.563607648,Gradația 0,0
2026-07-17,VIII,VIII CII A 1,239,82.40124016.04.1,82.40124016.04.1,"Asistent veterinar, laborant, tehnician*3), referent","Asistent veterinar, laborant, tehnician* , referent",personal contractual,execuție,,,debutant,,M,Funcţii de execuţie pe grade şi trepte profesionale,1.4854272657187495,1.4854272657187495,1.485427266,Gradația 0,0
2026-07-17,VIII,VIII CII A 1,240,82.40124017.07.1,82.40124017.07.1,"Şoferi I - ambulanţe veterinare, autolaboratoare, maşini de dezinfecţie, maşini de intervenţie şi alte maşini, conducatori salupa, motorist, marinar","Şoferi I - ambulanţe veterinare, autolaboratoare, maşini de dezinfecţie, maşini de intervenţie şi alte maşini, conducatori salupa, motorist, marinar",personal contractual,execuție,,,,,,Funcţii de execuţie pe grade şi trepte profesionale,1.5636076481249996,1.5636076481249996,1.563607648,Gradația 0,1
2026-07-17,VIII,VIII CII A 1,241,82.40124018.07.1,82.40124018.07.1,"Şoferi II - ambulanţe veterinare, autolaboratoare, maşini de dezinfecţie, maşini de intervenţie şi alte maşini, conducatori salupa, motorist, marinar","Şoferi II - ambulanţe veterinare, autolaboratoare, maşini de dezinfecţie, maşini de intervenţie şi alte maşini, conducatori salupa, motorist, marinar",personal contractual,execuție,,,,,,Funcţii de execuţie pe grade şi trepte profesionale,1.4854272657187495,1.4854272657187495,1.485427266,Gradația 0,1
2026-07-17,VIII,VIII CII A 1,242,82.40124019.02.1,82.40124019.02.1,"Agent veterinar, îngrijitor animale","Agent veterinar, îngrijitor animale",personal contractual,execuție,,,experienta I,,M;G,Funcţii de execuţie pe grade şi trepte profesionale,1.5636076481249996,1.5636076481249996,1.563607648,Gradația 0,0
2026-07-17,VIII,VIII CII A 1,243,82.40124020.01.1,82.40124020.01.1,Agent veterinar,Agent veterinar,personal contractual,execuție,,,debutant,,M;G,Funcţii de execuţie pe grade şi trepte profesionale,1.4854272657187495,1.4854272657187495,1.485427266,Gradația 0,0
2026-07-17,VIII,VIII CII A 1,244,82.40124021.01.1,82.40124021.01.1,Îngrijitor animale de experienţa,Îngrijitor animale de experienţa,personal contractual,execuție,,,experienţa II,,M;G,Funcţii de execuţie pe grade şi trepte profesionale,1.5245174569218745,1.5245174569218745,1.524517457,Gradația 0,0
2026-07-17,VIII,VIII CII A 1,247,,,Manager superior securitate cibernetica,Manager superior securitate cibernetica,personal contractual,conducere,,,,,S,a) Funcţii de conducere,6,6,6,Grad managerial,0
2026-07-17,VIII,VIII CII A 1,248,,,Manager securitate cibernetica,Manager securitate cibernetica,personal contractual,conducere,,,,,S,a) Funcţii de conducere,5.769230769230769,5.769230769230769,5.769230769,Grad managerial,0
2026-07-17,VIII,VIII CII A 1,249,,,Coordonator superior securitate cibernetica,Coordonator superior securitate cibernetica,personal contractual,conducere,,,,,S,a) Funcţii de conducere,5.4945054945054945,5.4945054945054945,5.494505495,Grad managerial,0
2026-07-17,VIII,VIII CII A 1,250,,,Coordonator securitate cibernetica,Coordonator securitate cibernetica,personal contractual,conducere,,,,,S,a) Funcţii de conducere,5.2328623757195185,5.2328623757195185,5.232862376,Grad managerial,0
2026-07-17,VIII,VIII CII A 1,252,,,"Expert securitate cibernetică; expert preluare, analiză primară şi răspuns la incidente securitate cibernetică; expert investigaţii digitale şi analiză malware; expert dezvoltare, implementare şi administrare infrastructuri securitate cibernetică; expert analiză surse deschise, riscuri şi ameninţări securitate cibernetică; expert accesare fonduri, implementare şi administrare proiecte Securitate cibernetică; expert legal politici, standardizare de securitate cibernetică; expert evaluare şi impact financiar Securitate cibernetică; expert politici, strategii şi cooperare Securitate cibernetică; expert dezvoltare competenţe, aptitudini şi cunoştinţe specifice de securitate cibernetică","Expert securitate cibernetică|expert preluare, analiză primară şi răspuns la incidente securitate cibernetică|expert investigaţii digitale şi analiză malware|expert dezvoltare, implementare şi administrare infrastructuri securitate cibernetică|expert analiză surse deschise, riscuri şi ameninţări securitate cibernetică|expert accesare fonduri, implementare şi administrare proiecte Securitate cibernetică|expert legal politici, standardizare de securitate cibernetică|expert evaluare şi impact financiar Securitate cibernetică|expert politici, strategii şi cooperare Securitate cibernetică|expert dezvoltare competenţe, aptitudini şi cunoştinţe specifice de securitate cibernetică",personal contractual,execuție,,,Superior,,S,b) Funcţii de execuţie,4.146341463414634,4.146341463414634,4.146341463,Gradația 0,0
2026-07-17,VIII,VIII CII A 1,253,,,"Expert securitate cibernetică; expert preluare, analiză primară şi răspuns la incidente securitate cibernetică; expert investigaţii digitale şi analiză malware; expert dezvoltare, implementare şi administrare infrastructuri securitate cibernetică; expert analiză surse deschise, riscuri şi ameninţări securitate cibernetică; expert accesare fonduri, implementare şi administrare proiecte Securitate cibernetică; expert legal politici, standardizare de securitate cibernetică; expert evaluare şi impact financiar Securitate cibernetică; expert politici, strategii şi cooperare Securitate cibernetică; expert dezvoltare competenţe, aptitudini şi cunoştinţe specifice de securitate cibernetică","Expert securitate cibernetică|expert preluare, analiză primară şi răspuns la incidente securitate cibernetică|expert investigaţii digitale şi analiză malware|expert dezvoltare, implementare şi administrare infrastructuri securitate cibernetică|expert analiză surse deschise, riscuri şi ameninţări securitate cibernetică|expert accesare fonduri, implementare şi administrare proiecte Securitate cibernetică|expert legal politici, standardizare de securitate cibernetică|expert evaluare şi impact financiar Securitate cibernetică|expert politici, strategii şi cooperare Securitate cibernetică|expert dezvoltare competenţe, aptitudini şi cunoştinţe specifice de securitate cibernetică",personal contractual,execuție,,,Principal,,S,b) Funcţii de execuţie,3.731707317073171,3.731707317073171,3.731707317,Gradația 0,0
2026-07-17,VIII,VIII CII A 1,254,,,"Expert securitate cibernetică; expert preluare, analiză primară şi răspuns la incidente securitate cibernetică; expert investigaţii digitale şi analiză malware; expert dezvoltare, implementare şi administrare infrastructuri securitate cibernetică; expert analiză surse deschise, riscuri şi ameninţări securitate cibernetică; expert accesare fonduri, implementare şi administrare proiecte Securitate cibernetică; expert legal politici, standardizare de securitate cibernetică; expert evaluare şi impact financiar Securitate cibernetică; expert politici, strategii şi cooperare Securitate cibernetică; expert dezvoltare competenţe, aptitudini şi cunoştinţe specifice de securitate cibernetică","Expert securitate cibernetică|expert preluare, analiză primară şi răspuns la incidente securitate cibernetică|expert investigaţii digitale şi analiză malware|expert dezvoltare, implementare şi administrare infrastructuri securitate cibernetică|expert analiză surse deschise, riscuri şi ameninţări securitate cibernetică|expert accesare fonduri, implementare şi administrare proiecte Securitate cibernetică|expert legal politici, standardizare de securitate cibernetică|expert evaluare şi impact financiar Securitate cibernetică|expert politici, strategii şi cooperare Securitate cibernetică|expert dezvoltare competenţe, aptitudini şi cunoştinţe specifice de securitate cibernetică",personal contractual,execuție,,,Asistent,,S,b) Funcţii de execuţie,3.3585365853658535,3.3585365853658535,3.358536585,Gradația 0,0
2026-07-17,VIII,VIII CII A 1,255,,,"Expert securitate cibernetică; expert preluare, analiză primară şi răspuns la incidente securitate cibernetică; expert investigaţii digitale şi analiză malware; expert dezvoltare, implementare şi administrare infrastructuri securitate cibernetică; expert analiză surse deschise, riscuri şi ameninţări securitate cibernetică; expert accesare fonduri, implementare şi administrare proiecte Securitate cibernetică; expert legal politici, standardizare de securitate cibernetică; expert evaluare şi impact financiar Securitate cibernetică; expert politici, strategii şi cooperare Securitate cibernetică; expert dezvoltare competenţe, aptitudini şi cunoştinţe specifice de securitate cibernetică","Expert securitate cibernetică|expert preluare, analiză primară şi răspuns la incidente securitate cibernetică|expert investigaţii digitale şi analiză malware|expert dezvoltare, implementare şi administrare infrastructuri securitate cibernetică|expert analiză surse deschise, riscuri şi ameninţări securitate cibernetică|expert accesare fonduri, implementare şi administrare proiecte Securitate cibernetică|expert legal politici, standardizare de securitate cibernetică|expert evaluare şi impact financiar Securitate cibernetică|expert politici, strategii şi cooperare Securitate cibernetică|expert dezvoltare competenţe, aptitudini şi cunoştinţe specifice de securitate cibernetică",personal contractual,execuție,,,Debutant,,S,b) Funcţii de execuţie,3.022682926829268,3.022682926829268,3.022682927,Gradația 0,0
2026-07-17,VIII,VIII CII A 1,256,,,"Asistent securitate cibernetică; asistent preluare, analiză primară şi răspuns la incidente securitate cibernetică; asistent investigaţii digitale şi analiză malware; asistent dezvoltare, implementare şi administrare infrastructuri Securitate cibernetică; asistent analiză surse deschise, riscuri şi ameninţări Securitate cibernetică; asistent accesare fonduri, implementare şi administrare proiecte Securitate cibernetică; asistent legal politici, standardizare de securitate cibernetică; asistent evaluare şi impact financiar securitate cibernetică; asistent politici, strategii şi cooperare securitate cibernetică; asistent dezvoltare competenţe, aptitudini şi cunoştinţe specifice de securitate cibernetică","Asistent securitate cibernetică|asistent preluare, analiză primară şi răspuns la incidente securitate cibernetică|asistent investigaţii digitale şi analiză malware|asistent dezvoltare, implementare şi administrare infrastructuri Securitate cibernetică|asistent analiză surse deschise, riscuri şi ameninţări Securitate cibernetică|asistent accesare fonduri, implementare şi administrare proiecte Securitate cibernetică|asistent legal politici, standardizare de securitate cibernetică|asistent evaluare şi impact financiar securitate cibernetică|asistent politici, strategii şi cooperare securitate cibernetică",personal contractual,execuție,,,treaptă IA,,M,b) Funcţii de execuţie,2.266481481481479,2.266481481481479,2.266481481,Gradația 0,0
2026-07-17,VIII,VIII CII A 1,257,,,"Asistent securitate cibernetică; asistent preluare, analiză primară şi răspuns la incidente securitate cibernetică; asistent investigaţii digitale şi analiză malware; asistent dezvoltare, implementare şi administrare infrastructuri Securitate cibernetică; asistent analiză surse deschise, riscuri şi ameninţări Securitate cibernetică; asistent accesare fonduri, implementare şi administrare proiecte Securitate cibernetică; asistent legal politici, standardizare de securitate cibernetică; asistent evaluare şi impact financiar securitate cibernetică; asistent politici, strategii şi cooperare securitate cibernetică; asistent dezvoltare competenţe, aptitudini şi cunoştinţe specifice de securitate cibernetică","Asistent securitate cibernetică|asistent preluare, analiză primară şi răspuns la incidente securitate cibernetică|asistent investigaţii digitale şi analiză malware|asistent dezvoltare, implementare şi administrare infrastructuri Securitate cibernetică|asistent analiză surse deschise, riscuri şi ameninţări Securitate cibernetică|asistent accesare fonduri, implementare şi administrare proiecte Securitate cibernetică|asistent legal politici, standardizare de securitate cibernetică|asistent evaluare şi impact financiar securitate cibernetică|asistent politici, strategii şi cooperare securitate cibernetică",personal contractual,execuție,,,treaptă I,,M,b) Funcţii de execuţie,2.1934722222222254,2.1934722222222254,2.193472222,Gradația 0,0
2026-07-17,VIII,VIII CII A 1,258,,,"Asistent securitate cibernetică; asistent preluare, analiză primară şi răspuns la incidente securitate cibernetică; asistent investigaţii digitale şi analiză malware; asistent dezvoltare, implementare şi administrare infrastructuri Securitate cibernetică; asistent analiză surse deschise, riscuri şi ameninţări Securitate cibernetică; asistent accesare fonduri, implementare şi administrare proiecte Securitate cibernetică; asistent legal politici, standardizare de securitate cibernetică; asistent evaluare şi impact financiar securitate cibernetică; asistent politici, strategii şi cooperare securitate cibernetică; asistent dezvoltare competenţe, aptitudini şi cunoştinţe specifice de securitate cibernetică","Asistent securitate cibernetică|asistent preluare, analiză primară şi răspuns la incidente securitate cibernetică|asistent investigaţii digitale şi analiză malware|asistent dezvoltare, implementare şi administrare infrastructuri Securitate cibernetică|asistent analiză surse deschise, riscuri şi ameninţări Securitate cibernetică|asistent accesare fonduri, implementare şi administrare proiecte Securitate cibernetică|asistent legal politici, standardizare de securitate cibernetică|asistent evaluare şi impact financiar securitate cibernetică|asistent politici, strategii şi cooperare securitate cibernetică",personal contractual,execuție,,,treaptă II,,M,b) Funcţii de execuţie,2.076657407407408,2.076657407407408,2.076657407,Gradația 0,0
2026-07-17,VIII,VIII CII A 1,259,,,"Asistent securitate cibernetică; asistent preluare, analiză primară şi răspuns la incidente securitate cibernetică; asistent investigaţii digitale şi analiză malware; asistent dezvoltare, implementare şi administrare infrastructuri Securitate cibernetică; asistent analiză surse deschise, riscuri şi ameninţări Securitate cibernetică; asistent accesare fonduri, implementare şi administrare proiecte Securitate cibernetică; asistent legal politici, standardizare de securitate cibernetică; asistent evaluare şi impact financiar securitate cibernetică; asistent politici, strategii şi cooperare securitate cibernetică; asistent dezvoltare competenţe, aptitudini şi cunoştinţe specifice de securitate cibernetică","Asistent securitate cibernetică|asistent preluare, analiză primară şi răspuns la incidente securitate cibernetică|asistent investigaţii digitale şi analiză malware|asistent dezvoltare, implementare şi administrare infrastructuri Securitate cibernetică|asistent analiză surse deschise, riscuri şi ameninţări Securitate cibernetică|asistent accesare fonduri, implementare şi administrare proiecte Securitate cibernetică|asistent legal politici, standardizare de securitate cibernetică|asistent evaluare şi impact financiar securitate cibernetică|asistent politici, strategii şi cooperare securitate cibernetică",personal contractual,execuție,,,Debutant,,M,b) Funcţii de execuţie,1.9744444444444422,1.9744444444444422,1.974444444,Gradația 0,0
2026-07-17,VIII,VIII CII A 1,261,,,Statistician,Statistician,personal contractual,execuție,,,Expert,,S,8. Funcții de execuție de specializare statistică din cadrul Institutului Național de Statistică,3.3,3.3,3.3,Gradația 0,0
2026-07-17,VIII,VIII CII A 1,262,,,Statistician,Statistician,personal contractual,execuție,,,Principal,,S,8. Funcții de execuție de specializare statistică din cadrul Institutului Național de Statistică,3.017142857142857,3.017142857142857,3.017142857,Gradația 0,0
2026-07-17,VIII,VIII CII A 1,263,,,Statistician,Statistician,personal contractual,execuție,,,Analist,,S,8. Funcții de execuție de specializare statistică din cadrul Institutului Național de Statistică,2.545714285714286,2.545714285714286,2.545714286,Gradația 0,0
2026-07-17,VIII,VIII CII A 1,264,,,Statistician,Statistician,personal contractual,execuție,,,Debutant,,S,8. Funcții de execuție de specializare statistică din cadrul Institutului Național de Statistică,2.2628571428571425,2.2628571428571425,2.262857143,Gradația 0,0
2026-07-17,VIII,VIII CII A 1,265,,,Operator statistician,Operator statistician,personal contractual,execuție,,,Expert,,M,8. Funcții de execuție de specializare statistică din cadrul Institutului Național de Statistică,1.6971428571428568,1.6971428571428568,1.697142857,Gradația 0,0
2026-07-17,VIII,VIII CII A 1,266,,,Operator statistician,Operator statistician,personal contractual,execuție,,,Principal,,M,8. Funcții de execuție de specializare statistică din cadrul Institutului Național de Statistică,1.5085714285714282,1.5085714285714282,1.508571429,Gradația 0,0
2026-07-17,VIII,VIII CII A 1,267,,,Operator statistician,Operator statistician,personal contractual,execuție,,,Analist,,M,8. Funcții de execuție de specializare statistică din cadrul Institutului Național de Statistică,1.3199999999999996,1.3199999999999996,1.32,Gradația 0,0
2026-07-17,VIII,VIII CII A 1,268,,,Operator statistician,Operator statistician,personal contractual,execuție,,,Debutant,,M,8. Funcții de execuție de specializare statistică din cadrul Institutului Național de Statistică,1.131428571428571,1.131428571428571,1.131428571,Gradația 0,0
2026-07-17,VIII,VIII CII A 2,11,82.50125001.01.2,82.50125001.01.2,Director general,Director general,personal contractual,conducere,teritorial,,,,S,a) Coeficienți de salarizare pentru funcţii de conducere,3.3858,3.762,3.3858|3.762,Grad I|Grad II,0
2026-07-17,VIII,VIII CII A 2,12,82.50125002.01.2,82.50125002.01.2,Director general adjunct,Director general adjunct,personal contractual,conducere,teritorial,,,,S,a) Coeficienți de salarizare pentru funcţii de conducere,3.04722,3.3857999999999997,3.04722|3.3858,Grad I|Grad II,0
2026-07-17,VIII,VIII CII A 2,13,82.50125003.04.2,82.50125003.04.2,Director; inspector șef; șef sector; șef compartiment,Director|inspector șef|șef sector|șef compartiment,personal contractual,conducere,teritorial,,,,S,a) Coeficienți de salarizare pentru funcţii de conducere,3.04722,3.3857999999999997,3.04722|3.3858,Grad I|Grad II,0
2026-07-17,VIII,VIII CII A 2,14,82.50125004.04.2,82.50125004.04.2,Director adjunct; inspector șef adjunct; contabil șef; inginer șef,Director adjunct|inspector șef adjunct|contabil șef|inginer șef,personal contractual,conducere,teritorial,,,,S,a) Coeficienți de salarizare pentru funcţii de conducere,2.7770399999999995,3.0855999999999995,2.77704|3.0856,Grad I|Grad II,0
2026-07-17,VIII,VIII CII A 2,15,82.50125005.02.2,82.50125005.02.2,Şef serviciu; șef secție,Şef serviciu|șef secție,personal contractual,conducere,teritorial,,,,S,a) Coeficienți de salarizare pentru funcţii de conducere,2.69,2.99,2.69|2.99,Grad I|Grad II,0
2026-07-17,VIII,VIII CII A 2,16,82.50125006.04.2,82.50125006.04.2,Şef atelier; șef laborator; șef oficiu,Şef atelier|șef laborator|șef oficiu,personal contractual,conducere,teritorial,,,,S,a) Coeficienți de salarizare pentru funcţii de conducere,2.4797408450704226,2.7552676056338026,2.479740845|2.755267606,Grad I|Grad II,0
2026-07-17,VIII,VIII CII A 2,18,82.50126001.01.1,82.50126001.01.1,Auditor,Auditor,personal contractual,execuție,teritorial,,gradul I A,,S,b) Coeficienți de salarizare pentru funcţii de executie,1.8897125625000004,1.8897125625000004,1.889712563,Gradația 0,0
2026-07-17,VIII,VIII CII A 2,19,82.50126001.01.2,82.50126001.01.2,Auditor,Auditor,personal contractual,execuție,teritorial,,gradul I,,S,b) Coeficienți de salarizare pentru funcţii de executie,1.8253988156249998,1.8253988156249998,1.825398816,Gradația 0,0
2026-07-17,VIII,VIII CII A 2,20,82.50126001.01.3,82.50126001.01.3,Auditor,Auditor,personal contractual,execuție,teritorial,,gradul II,,S,b) Coeficienți de salarizare pentru funcţii de executie,1.65945346875,1.65945346875,1.659453469,Gradația 0,0
2026-07-17,VIII,VIII CII A 2,21,82.50126002.07.1,82.50126002.07.1,Consilier; expert; inspector de specialitate; revizor contabil; arhitect; referent de specialitate; inspector casier,Consilier|expert|inspector de specialitate|revizor contabil|arhitect|referent de specialitate|inspector casier,personal contractual,execuție,teritorial,,gradul I A,,S,b) Coeficienți de salarizare pentru funcţii de executie,1.7997262499999997,1.7997262499999997,1.79972625,Gradația 0,0
2026-07-17,VIII,VIII CII A 2,22,82.50126002.07.2,82.50126002.07.2,Consilier; expert; inspector de specialitate; revizor contabil; arhitect; referent de specialitate; inspector casier,Consilier|expert|inspector de specialitate|revizor contabil|arhitect|referent de specialitate|inspector casier,personal contractual,execuție,teritorial,,gradul I,,S,b) Coeficienți de salarizare pentru funcţii de executie,1.7384750624999998,1.7384750624999998,1.738475062,Gradația 0,0
2026-07-17,VIII,VIII CII A 2,23,82.50126002.07.3,82.50126002.07.3,Consilier; expert; inspector de specialitate; revizor contabil; arhitect; referent de specialitate; inspector casier,Consilier|expert|inspector de specialitate|revizor contabil|arhitect|referent de specialitate|inspector casier,personal contractual,execuție,teritorial,,gradul II,,S,b) Coeficienți de salarizare pentru funcţii de executie,1.580431875,1.580431875,1.580431875,Gradația 0,0
2026-07-17,VIII,VIII CII A 2,24,82.50126002.07.4,82.50126002.07.4,Consilier; expert; inspector de specialitate; revizor contabil; arhitect; referent de specialitate; inspector casier,Consilier|expert|inspector de specialitate|revizor contabil|arhitect|referent de specialitate|inspector casier,personal contractual,execuție,teritorial,,debutant,,S,b) Coeficienți de salarizare pentru funcţii de executie,1.522185,1.522185,1.522185,Gradația 0,0
2026-07-17,VIII,VIII CII A 2,25,82.50126003.01.1,82.50126003.01.1,Consilier juridic,Consilier juridic,personal contractual,execuție,teritorial,,gradul I A,,S,b) Coeficienți de salarizare pentru funcţii de executie,1.7997262499999997,1.7997262499999997,1.79972625,Gradația 0,0
2026-07-17,VIII,VIII CII A 2,26,82.50126003.01.2,82.50126003.01.2,Consilier juridic,Consilier juridic,personal contractual,execuție,teritorial,,gradul I,,S,b) Coeficienți de salarizare pentru funcţii de executie,1.7384750624999998,1.7384750624999998,1.738475062,Gradația 0,0
2026-07-17,VIII,VIII CII A 2,27,82.50126003.01.3,82.50126003.01.3,Consilier juridic,Consilier juridic,personal contractual,execuție,teritorial,,gradul II,,S,b) Coeficienți de salarizare pentru funcţii de executie,1.580431875,1.580431875,1.580431875,Gradația 0,0
2026-07-17,VIII,VIII CII A 2,28,82.50126003.01.4,82.50126003.01.4,Consilier juridic,Consilier juridic,personal contractual,execuție,teritorial,,debutant,,S,b) Coeficienți de salarizare pentru funcţii de executie,1.522185,1.522185,1.522185,Gradația 0,0
2026-07-17,VIII,VIII CII A 2,29,82.50126004.09.1,82.50126004.09.1,Tehnician-economist; secretar superior; interpret relaţii; interpret profesional; conductor arhitect; inspector; referent; subinginer; arhivist;,Tehnician-economist|secretar superior|interpret relaţii|interpret profesional|conductor arhitect|inspector|referent|subinginer|arhivist,personal contractual,execuție,teritorial,,gradul I A,,SSD,b) Coeficienți de salarizare pentru funcţii de executie,1.5256395000000003,1.5256395000000003,1.5256395,Gradația 0,0
2026-07-17,VIII,VIII CII A 2,30,82.50126004.09.2,82.50126004.09.2,Tehnician-economist; secretar superior; interpret relaţii; interpret profesional; conductor arhitect; inspector; referent; subinginer; arhivist;,Tehnician-economist|secretar superior|interpret relaţii|interpret profesional|conductor arhitect|inspector|referent|subinginer|arhivist,personal contractual,execuție,teritorial,,gradul I,,SSD,b) Coeficienți de salarizare pentru funcţii de executie,1.473716475,1.473716475,1.473716475,Gradația 0,0
2026-07-17,VIII,VIII CII A 2,31,82.50126004.09.3,82.50126004.09.3,Tehnician-economist; secretar superior; interpret relaţii; interpret profesional; conductor arhitect; inspector; referent; subinginer; arhivist;,Tehnician-economist|secretar superior|interpret relaţii|interpret profesional|conductor arhitect|inspector|referent|subinginer|arhivist,personal contractual,execuție,teritorial,,gradul II,,SSD,b) Coeficienți de salarizare pentru funcţii de executie,1.39194,1.39194,1.39194,Gradația 0,0
2026-07-17,VIII,VIII CII A 2,32,82.50126004.09.4,82.50126004.09.4,Tehnician-economist; secretar superior; interpret relaţii; interpret profesional; conductor arhitect; inspector; referent; subinginer; arhivist;,Tehnician-economist|secretar superior|interpret relaţii|interpret profesional|conductor arhitect|inspector|referent|subinginer|arhivist,personal contractual,execuție,teritorial,,debutant,,SSD,b) Coeficienți de salarizare pentru funcţii de executie,1.360305,1.360305,1.360305,Gradația 0,0
2026-07-17,VIII,VIII CII A 2,33,82.50126005.03.1,82.50126005.03.1,Referent; inspector; referent casier IA,Referent|inspector|referent casier IA,personal contractual,execuție,teritorial,,gradul I A,,M,b) Coeficienți de salarizare pentru funcţii de executie,1.4722421175,1.4722421175,1.472242118,Gradația 0,0
2026-07-17,VIII,VIII CII A 2,34,82.50126005.03.2,82.50126005.03.2,Referent; inspector; referent casier IA,Referent|inspector|referent casier IA,personal contractual,execuție,teritorial,,gradul I,,M,b) Coeficienți de salarizare pentru funcţii de executie,1.422136398375,1.422136398375,1.422136398,Gradația 0,0
2026-07-17,VIII,VIII CII A 2,35,82.50126005.03.3,82.50126005.03.3,Referent; inspector; referent casier IA,Referent|inspector|referent casier IA,personal contractual,execuție,teritorial,,gradul II,,M,b) Coeficienți de salarizare pentru funcţii de executie,1.3432221,1.3432221,1.3432221,Gradația 0,0
2026-07-17,VIII,VIII CII A 2,36,82.50126005.03.4,82.50126005.03.4,Referent; inspector; referent casier IA,Referent|inspector|referent casier IA,personal contractual,execuție,teritorial,,debutant,,M,b) Coeficienți de salarizare pentru funcţii de executie,1.3058927999999999,1.3058927999999999,1.3058928,Gradația 0,0
2026-07-17,VIII,VIII CII A 3_local1,9,82.60127001.01.2,82.60127001.01.2,Director general,Director general,personal contractual,conducere,,peste 200.000,,,S,a) Coeficienți de salarizare pentru funcţii de conducere,4.467375,4.7025,4.467375|4.7025,Grad managerial|Nivel II,0
2026-07-17,VIII,VIII CII A 3_local1,10,82.60127002.01.2,82.60127002.01.2,Director general adjunct,Director general adjunct,personal contractual,conducere,,peste 200.000,,,S,a) Coeficienți de salarizare pentru funcţii de conducere,4.020637499999999,4.23225,4.0206375|4.23225,Grad managerial|Nivel II,0
2026-07-17,VIII,VIII CII A 3_local1,11,82.60127003.04.2,82.60127003.04.2,Director; inspector șef; șef sector; șef compartiment,Director|inspector șef|șef sector|șef compartiment,personal contractual,conducere,,peste 200.000,,,S,a) Coeficienți de salarizare pentru funcţii de conducere,4.020637499999999,4.23225,4.0206375|4.23225,Grad managerial|Nivel II,0
2026-07-17,VIII,VIII CII A 3_local1,12,82.60127004.04.2,82.60127004.04.2,Director adjunct; inspector șef adjunct; contabil șef; inginer șef,Director adjunct|inspector șef adjunct|contabil șef|inginer șef,personal contractual,conducere,,peste 200.000,,,S,a) Coeficienți de salarizare pentru funcţii de conducere,3.6641499999999994,3.8569999999999993,3.66415|3.857,Grad managerial|Nivel II,0
2026-07-17,VIII,VIII CII A 3_local1,13,82.60127005.02.2,82.60127005.02.2,Şef serviciu; șef secție,Şef serviciu|șef secție,personal contractual,conducere,,peste 200.000,,,S,a) Coeficienți de salarizare pentru funcţii de conducere,3.5332874999999992,3.7192499999999993,3.5332875|3.71925,Grad managerial|Nivel II,0
2026-07-17,VIII,VIII CII A 3_local1,14,82.60127006.04.2,82.60127006.04.2,Şef atelier; șef laborator; șef oficiu,Şef atelier|șef laborator|șef oficiu,personal contractual,conducere,,peste 200.000,,,S,a) Coeficienți de salarizare pentru funcţii de conducere,3.2718802816901404,3.444084507042253,3.271880282|3.444084507,Grad managerial|Nivel II,0
2026-07-17,VIII,VIII CII A 3_local1,16,82.60128001.01.1,82.60128001.01.1,Auditor,Auditor,personal contractual,execuție,,peste 200.000,gradul I A,,S,b) Coeficienți de salarizare pentru funcţii de executie,2.21024055,2.326569,2.21024055|2.326569,Gradația 0|Nivel II,0
2026-07-17,VIII,VIII CII A 3_local1,17,82.60128001.01.2,82.60128001.01.2,Auditor,Auditor,personal contractual,execuție,,peste 200.000,gradul I,,S,b) Coeficienți de salarizare pentru funcţii de executie,2.1350180775,2.2473874499999997,2.135018077|2.24738745,Gradația 0|Nivel II,0
2026-07-17,VIII,VIII CII A 3_local1,18,82.60128001.01.3,82.60128001.01.3,Auditor,Auditor,personal contractual,execuție,,peste 200.000,gradul II,,S,b) Coeficienți de salarizare pentru funcţii de executie,1.9409255250000002,2.0430795,1.940925525|2.0430795,Gradația 0|Nivel II,0
2026-07-17,VIII,VIII CII A 3_local1,19,82.60128002.07.1,82.60128002.07.1,Consilier; expert; inspector de specialitate; revizor contabil; arhitect; referent de specialitate; inspector casier,Consilier|expert|inspector de specialitate|revizor contabil|arhitect|referent de specialitate|inspector casier,personal contractual,execuție,,peste 200.000,gradul I A,,S,b) Coeficienți de salarizare pentru funcţii de executie,2.1049909999999996,2.2157799999999996,2.104991|2.21578,Gradația 0|Nivel II,0
2026-07-17,VIII,VIII CII A 3_local1,20,82.60128002.07.2,82.60128002.07.2,Consilier; expert; inspector de specialitate; revizor contabil; arhitect; referent de specialitate; inspector casier,Consilier|expert|inspector de specialitate|revizor contabil|arhitect|referent de specialitate|inspector casier,personal contractual,execuție,,peste 200.000,gradul I,,S,b) Coeficienți de salarizare pentru funcţii de executie,2.03335055,2.140369,2.03335055|2.140369,Gradația 0|Nivel II,0
2026-07-17,VIII,VIII CII A 3_local1,21,82.60128002.07.3,82.60128002.07.3,Consilier; expert; inspector de specialitate; revizor contabil; arhitect; referent de specialitate; inspector casier,Consilier|expert|inspector de specialitate|revizor contabil|arhitect|referent de specialitate|inspector casier,personal contractual,execuție,,peste 200.000,gradul II,,S,b) Coeficienți de salarizare pentru funcţii de executie,1.8485004999999997,1.9457899999999997,1.8485005|1.94579,Gradația 0|Nivel II,0
2026-07-17,VIII,VIII CII A 3_local1,22,82.60128002.07.4,82.60128002.07.4,Consilier; expert; inspector de specialitate; revizor contabil; arhitect; referent de specialitate; inspector casier,Consilier|expert|inspector de specialitate|revizor contabil|arhitect|referent de specialitate|inspector casier,personal contractual,execuție,,peste 200.000,debutant,,S,b) Coeficienți de salarizare pentru funcţii de executie,1.6804549999999998,1.7689,1.680455|1.7689,Gradația 0|Nivel II,0
2026-07-17,VIII,VIII CII A 3_local1,23,82.60128003.01.1,82.60128003.01.1,Consilier juridic,Consilier juridic,personal contractual,execuție,,peste 200.000,gradul I A,,S,b) Coeficienți de salarizare pentru funcţii de executie,2.1049909999999996,2.2157799999999996,2.104991|2.21578,Gradația 0|Nivel II,0
2026-07-17,VIII,VIII CII A 3_local1,24,82.60128003.01.2,82.60128003.01.2,Consilier juridic,Consilier juridic,personal contractual,execuție,,peste 200.000,gradul I,,S,b) Coeficienți de salarizare pentru funcţii de executie,2.03335055,2.140369,2.03335055|2.140369,Gradația 0|Nivel II,0
2026-07-17,VIII,VIII CII A 3_local1,25,82.60128003.01.3,82.60128003.01.3,Consilier juridic,Consilier juridic,personal contractual,execuție,,peste 200.000,gradul II,,S,b) Coeficienți de salarizare pentru funcţii de executie,1.8485004999999997,1.9457899999999997,1.8485005|1.94579,Gradația 0|Nivel II,0
2026-07-17,VIII,VIII CII A 3_local1,26,82.60128003.01.4,82.60128003.01.4,Consilier juridic,Consilier juridic,personal contractual,execuție,,peste 200.000,debutant,,S,b) Coeficienți de salarizare pentru funcţii de executie,1.6804549999999998,1.7689,1.680455|1.7689,Gradația 0|Nivel II,0
2026-07-17,VIII,VIII CII A 3_local1,27,82.60128004.09.1,82.60128004.09.1,Tehnician-economist; secretar superior; interpret relaţii; interpret profesional; conductor arhitect; inspector; referent; subinginer; arhivist,Tehnician-economist|secretar superior|interpret relaţii|interpret profesional|conductor arhitect|inspector|referent|subinginer|arhivist,personal contractual,execuție,,peste 200.000,gradul I A,,SSD,b) Coeficienți de salarizare pentru funcţii de executie,1.5712254249999997,1.6539214999999998,1.571225425|1.6539215,Gradația 0|Nivel II,0
2026-07-17,VIII,VIII CII A 3_local1,28,82.60128004.09.2,82.60128004.09.2,Tehnician-economist; secretar superior; interpret relaţii; interpret profesional; conductor arhitect; inspector; referent; subinginer; arhivist,Tehnician-economist|secretar superior|interpret relaţii|interpret profesional|conductor arhitect|inspector|referent|subinginer|arhivist,personal contractual,execuție,,peste 200.000,gradul I,,SSD,b) Coeficienți de salarizare pentru funcţii de executie,1.5177509462499996,1.5976325749999998,1.517750946|1.597632575,Gradația 0|Nivel II,0
2026-07-17,VIII,VIII CII A 3_local1,29,82.60128004.09.3,82.60128004.09.3,Tehnician-economist; secretar superior; interpret relaţii; interpret profesional; conductor arhitect; inspector; referent; subinginer; arhivist,Tehnician-economist|secretar superior|interpret relaţii|interpret profesional|conductor arhitect|inspector|referent|subinginer|arhivist,personal contractual,execuție,,peste 200.000,gradul II,,SSD,b) Coeficienți de salarizare pentru funcţii de executie,1.4335309999999997,1.5089799999999998,1.433531|1.50898,Gradația 0|Nivel II,0
2026-07-17,VIII,VIII CII A 3_local1,30,82.60128004.09.4,82.60128004.09.4,Tehnician-economist; secretar superior; interpret relaţii; interpret profesional; conductor arhitect; inspector; referent; subinginer; arhivist,Tehnician-economist|secretar superior|interpret relaţii|interpret profesional|conductor arhitect|inspector|referent|subinginer|arhivist,personal contractual,execuție,,peste 200.000,debutant,,SSD,b) Coeficienți de salarizare pentru funcţii de executie,1.4009507499999998,1.4746849999999998,1.40095075|1.474685,Gradația 0|Nivel II,0
2026-07-17,VIII,VIII CII A 3_local1,31,82.60128005.04.1,82.60128005.04.1,Referent; inspector; arhivar; referent casier,Referent|inspector|arhivar|referent casier,personal contractual,execuție,,peste 200.000,gradul I A,,M,b) Coeficienți de salarizare pentru funcţii de executie,1.50027219265,1.579233887,1.500272193|1.579233887,Gradația 0|Nivel II,0
2026-07-17,VIII,VIII CII A 3_local1,32,82.60128005.04.2,82.60128005.04.2,Referent; inspector; arhivar; referent casier,Referent|inspector|arhivar|referent casier,personal contractual,execuție,,peste 200.000,gradul I,,M,b) Coeficienți de salarizare pentru funcţii de executie,1.4337953544337498,1.509258267825,1.433795354|1.509258268,Gradația 0|Nivel II,0
2026-07-17,VIII,VIII CII A 3_local1,33,82.60128005.04.3,82.60128005.04.3,Referent; inspector; arhivar; referent casier,Referent|inspector|arhivar|referent casier,personal contractual,execuție,,peste 200.000,gradul II,,M,b) Coeficienți de salarizare pentru funcţii de executie,1.3542341009999996,1.4255095799999997,1.354234101|1.42550958,Gradația 0|Nivel II,0
2026-07-17,VIII,VIII CII A 3_local1,34,82.60128005.04.4,82.60128005.04.4,Referent; inspector; arhivar; referent casier,Referent|inspector|arhivar|referent casier,personal contractual,execuție,,peste 200.000,debutant,,M,b) Coeficienți de salarizare pentru funcţii de executie,1.3165987679999998,1.3858934399999998,1.316598768|1.38589344,Gradația 0|Nivel II,0
2026-07-17,VIII,VIII CII A 3_local1,35,82.60128006.01.1,82.60128006.01.1,Agent agricol,Agent agricol,personal contractual,execuție,,peste 200.000,gradul I,,M,b) Coeficienți de salarizare pentru funcţii de executie,1.3621055867120624,1.4337953544337498,1.362105587|1.433795354,Gradația 0|Nivel II,0
2026-07-17,VIII,VIII CII A 3_local1,36,82.60128006.01.2,82.60128006.01.2,Agent agricol,Agent agricol,personal contractual,execuție,,peste 200.000,gradul II,,M;G,b) Coeficienți de salarizare pentru funcţii de executie,1.2865223959499996,1.3542341009999996,1.286522396|1.354234101,Gradația 0|Nivel II,0
2026-07-17,VIII,VIII CII A 3_local1,37,82.60128006.01.3,82.60128006.01.3,Agent agricol,Agent agricol,personal contractual,execuție,,peste 200.000,debutant,,M;G,b) Coeficienți de salarizare pentru funcţii de executie,1.2507688295999997,1.3165987679999998,1.25076883|1.316598768,Gradația 0|Nivel II,0
2026-07-17,VIII,VIII CII A 3_local1,38,82.60128007.03.1,82.60128007.03.1,Stenodactilograf; secretar-dactilograf; dactilograf,Stenodactilograf|secretar-dactilograf|dactilograf,personal contractual,execuție,,peste 200.000,gradul I A,,M,b) Coeficienți de salarizare pentru funcţii de executie,1.3621055867120624,1.4337953544337498,1.362105587|1.433795354,Gradația 0|Nivel II,0
2026-07-17,VIII,VIII CII A 3_local1,39,82.60128007.03.2,82.60128007.03.2,Stenodactilograf; secretar-dactilograf; dactilograf,Stenodactilograf|secretar-dactilograf|dactilograf,personal contractual,execuție,,peste 200.000,gradul I,,M;G,b) Coeficienți de salarizare pentru funcţii de executie,1.2865223959499996,1.3542341009999996,1.286522396|1.354234101,Gradația 0|Nivel II,0
2026-07-17,VIII,VIII CII A 3_local1,40,82.60128007.03.3,82.60128007.03.3,Stenodactilograf; secretar-dactilograf; dactilograf,Stenodactilograf|secretar-dactilograf|dactilograf,personal contractual,execuție,,peste 200.000,debutant,,M;G,b) Coeficienți de salarizare pentru funcţii de executie,1.2507688295999997,1.3165987679999998,1.25076883|1.316598768,Gradația 0|Nivel II,0
2026-07-17,VIII,VIII CII A 3_local1,41,82.60128008.01.1,82.60128008.01.1,Secretar,Secretar,personal contractual,execuție,,peste 200.000,gradul I,,M;G,b) Coeficienți de salarizare pentru funcţii de executie,1.2865223959499996,1.3542341009999996,1.286522396|1.354234101,Gradația 0|Nivel II,0
2026-07-17,VIII,VIII CII A 3_local1,42,82.60128008.01.2,82.60128008.01.2,Secretar,Secretar,personal contractual,execuție,,peste 200.000,debutant,,M;G,b) Coeficienți de salarizare pentru funcţii de executie,1.2507688295999997,1.3165987679999998,1.25076883|1.316598768,Gradația 0|Nivel II,0
2026-07-17,VIII,VIII CII A 3_local1,43,82.60128009.01.1,82.60128009.01.1,Administrator,Administrator,personal contractual,execuție,,peste 200.000,gradul I,,M,b) Coeficienți de salarizare pentru funcţii de executie,1.3621055867120624,1.4337953544337498,1.362105587|1.433795354,Gradația 0|Nivel II,0
2026-07-17,VIII,VIII CII A 3_local1,44,82.60128009.01.2,82.60128009.01.2,Administrator,Administrator,personal contractual,execuție,,peste 200.000,gradul II,,M,b) Coeficienți de salarizare pentru funcţii de executie,1.2865223959499996,1.3542341009999996,1.286522396|1.354234101,Gradația 0|Nivel II,0
2026-07-17,VIII,VIII CII A 3_local1,45,82.60128010.01.1,82.60128010.01.1,Șef depozit,Șef depozit,personal contractual,execuție,,peste 200.000,gradul I,,M,b) Coeficienți de salarizare pentru funcţii de executie,1.3621055867120624,1.4337953544337498,1.362105587|1.433795354,Gradația 0|Nivel II,0
2026-07-17,VIII,VIII CII A 3_local1,46,82.60128010.01.2,82.60128010.01.2,Șef depozit,Șef depozit,personal contractual,execuție,,peste 200.000,gradul II,,M,b) Coeficienți de salarizare pentru funcţii de executie,1.2865223959499996,1.3542341009999996,1.286522396|1.354234101,Gradația 0|Nivel II,0
2026-07-17,VIII,VIII CII A 3_local1,47,82.60128011.02.1,82.60128011.02.1,Casier; magaziner,Casier|magaziner,personal contractual,execuție,,peste 200.000,gradul I,,M;G,b) Coeficienți de salarizare pentru funcţii de executie,1.3621055867120624,1.4337953544337498,1.362105587|1.433795354,Gradația 0|Nivel II,0
2026-07-17,VIII,VIII CII A 3_local1,48,82.60128011.02.2,82.60128011.02.2,Casier; magaziner,Casier|magaziner,personal contractual,execuție,,peste 200.000,gradul II,,M;G,b) Coeficienți de salarizare pentru funcţii de executie,1.2865223959499996,1.3542341009999996,1.286522396|1.354234101,Gradația 0|Nivel II,0
2026-07-17,VIII,VIII CII A 3_local1,49,82.60128012.02.1,82.60128012.02.1,Șef formație paza/pompieri,Șef formație paza|pompieri,personal contractual,execuție,,peste 200.000,,,M;G,b) Coeficienți de salarizare pentru funcţii de executie,1.3621055867120624,1.4337953544337498,1.362105587|1.433795354,Gradația 0|Nivel II,0
2026-07-17,VIII,VIII CII A 3_local1,50,82.60128013.07.1,82.60128013.07.1,Portar; paznic; pompier; guard; bufetier; manipulant bunuri; cueier,Portar|paznic|pompier|guard|bufetier|manipulant bunuri|cueier,personal contractual,execuție,,peste 200.000,,,M;G,b) Coeficienți de salarizare pentru funcţii de executie,1.2667581956422178,1.3334296796233873,1.266758196|1.33342968,Gradația 0|Nivel II,0
2026-07-17,VIII,VIII CII A 3_local1,51,82.60128014.02.1,82.60128014.02.1,Bucătar; lenjereasă,Bucătar|lenjereasă,personal contractual,execuție,,peste 200.000,,,M;G,b) Coeficienți de salarizare pentru funcţii de executie,1.2865223959499996,1.3542341009999996,1.286522396|1.354234101,Gradația 0|Nivel II,0
2026-07-17,VIII,VIII CII A 3_local1,52,82.60128015.01.1,82.60128015.01.1,Îngrijitor,Îngrijitor,personal contractual,execuție,,peste 200.000,gradul I,,M;G,b) Coeficienți de salarizare pentru funcţii de executie,1.2865223959499996,1.3542341009999996,1.286522396|1.354234101,Gradația 0|Nivel II,0
2026-07-17,VIII,VIII CII A 3_local1,53,82.60128015.01.2,82.60128015.01.2,Îngrijitor,Îngrijitor,personal contractual,execuție,,peste 200.000,debutant,,M;G,b) Coeficienți de salarizare pentru funcţii de executie,1.2507688295999997,1.3165987679999998,1.25076883|1.316598768,Gradația 0|Nivel II,0
2026-07-17,VIII,VIII CII A 3_local1,54,82.60128016.01.1,82.60128016.01.1,Maistru,Maistru,personal contractual,execuție,,peste 200.000,gradul I,,M;G,b) Coeficienți de salarizare pentru funcţii de executie,1.3621055867120624,1.4337953544337498,1.362105587|1.433795354,Gradația 0|Nivel II,0
2026-07-17,VIII,VIII CII A 3_local1,55,82.60128016.01.2,82.60128016.01.2,Maistru,Maistru,personal contractual,execuție,,peste 200.000,gradul II,,M;G,b) Coeficienți de salarizare pentru funcţii de executie,1.2865223959499996,1.3542341009999996,1.286522396|1.354234101,Gradația 0|Nivel II,0
2026-07-17,VIII,VIII CII A 3_local1,56,82.60128017.01.1,82.60128017.01.1,Șofer,Șofer,personal contractual,execuție,,peste 200.000,gradul I,,M;G,b) Coeficienți de salarizare pentru funcţii de executie,1.3621055867120624,1.4337953544337498,1.362105587|1.433795354,Gradația 0|Nivel II,0
2026-07-17,VIII,VIII CII A 3_local1,57,82.60128017.01.2,82.60128017.01.2,Șofer,Șofer,personal contractual,execuție,,peste 200.000,gradul II,,M;G,b) Coeficienți de salarizare pentru funcţii de executie,1.2865223959499996,1.3542341009999996,1.286522396|1.354234101,Gradația 0|Nivel II,0
2026-07-17,VIII,VIII CII A 3_local1,58,82.60128018.01.1,82.60128018.01.1,Muncitor calificat,Muncitor calificat,personal contractual,execuție,,peste 200.000,gradul I,,M;G,b) Coeficienți de salarizare pentru funcţii de executie,1.3621055867120624,1.4337953544337498,1.362105587|1.433795354,Gradația 0|Nivel II,0
2026-07-17,VIII,VIII CII A 3_local1,59,82.60128018.01.2,82.60128018.01.2,Muncitor calificat,Muncitor calificat,personal contractual,execuție,,peste 200.000,gradul II,,M;G,b) Coeficienți de salarizare pentru funcţii de executie,1.2865223959499996,1.3542341009999996,1.286522396|1.354234101,Gradația 0|Nivel II,0
2026-07-17,VIII,VIII CII A 3_local1,60,82.60128018.01.3,82.60128018.01.3,Muncitor calificat,Muncitor calificat,personal contractual,execuție,,peste 200.000,gradul III,,M;G,b) Coeficienți de salarizare pentru funcţii de executie,1.273,1.34,1.273|1.34,Gradația 0|Nivel II,0
2026-07-17,VIII,VIII CII A 3_local1,61,82.60128018.01.4,82.60128018.01.4,Muncitor calificat,Muncitor calificat,personal contractual,execuție,,peste 200.000,gradul IV,,M;G,b) Coeficienți de salarizare pentru funcţii de executie,1.2507688295999997,1.3165987679999998,1.25076883|1.316598768,Gradația 0|Nivel II,0
2026-07-17,VIII,VIII CII A 3_local1,62,82.60128019.01.1,82.60128019.01.1,Muncitor necalificat,Muncitor necalificat,personal contractual,execuție,,peste 200.000,gradul I,,M;G,b) Coeficienți de salarizare pentru funcţii de executie,1.2507688295999997,1.3165987679999998,1.25076883|1.316598768,Gradația 0|Nivel II,0
2026-07-17,VIII,VIII CII A 3_local1,63,82.60128019.01.2,82.60128019.01.2,Muncitor necalificat,Muncitor necalificat,personal contractual,execuție,,peste 200.000,gradul II - fara sporuri,,M;G,b) Coeficienți de salarizare pentru funcţii de executie,1.1882303881199996,1.2507688295999997,1.188230388|1.25076883,Gradația 0|Nivel II,0
2026-07-17,VIII,VIII CII A 3_local1,65,82.60129001.01.1,82.60129001.01.1,Salvator montan,Salvator montan,personal contractual,execuție,,peste 200.000,gradul I,,M;G,c) Funcţii utilizate în cadrul serviciilor publice de salvamont din subordinea consiliilor judeţene şi locale,1.9457899999999997,1.9457899999999997,1.94579,Gradația 0,0
2026-07-17,VIII,VIII CII A 3_local1,66,82.60129001.01.2,82.60129001.01.2,Salvator montan,Salvator montan,personal contractual,execuție,,peste 200.000,gradul II,,M;G,c) Funcţii utilizate în cadrul serviciilor publice de salvamont din subordinea consiliilor judeţene şi locale,1.7689,1.7689,1.7689,Gradația 0,0
2026-07-17,VIII,VIII CII A 3_local1,67,82.60129001.01.3,82.60129001.01.3,Salvator montan,Salvator montan,personal contractual,execuție,,peste 200.000,gradul III,,M;G,c) Funcţii utilizate în cadrul serviciilor publice de salvamont din subordinea consiliilor judeţene şi locale,1.6539214999999998,1.6539214999999998,1.6539215,Gradația 0,0
2026-07-17,VIII,VIII CII A 3_local1,69,82.60130001.01.1,82.60130001.01.1,Şef serviciu voluntar pentru situaţii de urgenţă,Şef serviciu voluntar pentru situaţii de urgenţă,personal contractual,execuție,,peste 200.000,,,M;G,d) Funcţii utilizate în cadrul serviciilor voluntare pentru situaţii de urgenţă din subordinea consiliilor locale,2.1267221830985914,2.2386549295774647,2.126722183|2.23865493,Gradația 0|Nivel II,0
2026-07-17,VIII,VIII CII A 3_local1,70,82.60130002.01.1,82.60130002.01.1,Şef compartiment pentru prevenire,Şef compartiment pentru prevenire,personal contractual,execuție,,peste 200.000,,,M;G,d) Funcţii utilizate în cadrul serviciilor voluntare pentru situaţii de urgenţă din subordinea consiliilor locale,2.0203860739436617,2.1267221830985914,2.020386074|2.126722183,Gradația 0|Nivel II,0
2026-07-17,VIII,VIII CII A 3_local1,71,82.60130003.02.1,82.60130003.02.1,Şef formaţie intervenţie; salvare şi prim ajutor,Şef formaţie intervenţie|salvare şi prim ajutor,personal contractual,execuție,,peste 200.000,,,M;G,d) Funcţii utilizate în cadrul serviciilor voluntare pentru situaţii de urgenţă din subordinea consiliilor locale,2.0203860739436617,2.1267221830985914,2.020386074|2.126722183,Gradația 0|Nivel II,0
2026-07-17,VIII,VIII CII A 3_local1,72,82.60130004.01.1,82.60130004.01.1,Specialist pentru prevenire,Specialist pentru prevenire,personal contractual,execuție,,peste 200.000,,,M;G,d) Funcţii utilizate în cadrul serviciilor voluntare pentru situaţii de urgenţă din subordinea consiliilor locale,1.3621055867120624,1.4337953544337498,1.362105587|1.433795354,Gradația 0|Nivel II,0
2026-07-17,VIII,VIII CII A 3_local1,73,82.60130005.01.1,82.60130005.01.1,Servant pompier,Servant pompier,personal contractual,execuție,,peste 200.000,,,M;G,d) Funcţii utilizate în cadrul serviciilor voluntare pentru situaţii de urgenţă din subordinea consiliilor locale,1.273,1.34,1.273|1.34,Gradația 0|Nivel II,0
2026-07-17,VIII,VIII CII A 3_local1,74,82.60130006.01.1,82.60130006.01.1,Şef grupă intervenţie,Şef grupă intervenţie,personal contractual,execuție,,peste 200.000,,,M;G,d) Funcţii utilizate în cadrul serviciilor voluntare pentru situaţii de urgenţă din subordinea consiliilor locale,1.9193667702464785,2.0203860739436617,1.91936677|2.020386074,Gradația 0|Nivel II,0
2026-07-17,VIII,VIII CII A 3_local1,75,82.60130007.01.1,82.60130007.01.1,Şef echipă specializată,Şef echipă specializată,personal contractual,execuție,,peste 200.000,,,M;G,d) Funcţii utilizate în cadrul serviciilor voluntare pentru situaţii de urgenţă din subordinea consiliilor locale,1.9193667702464785,2.0203860739436617,1.91936677|2.020386074,Gradația 0|Nivel II,0
2026-07-17,VIII,VIII CII A 3_local1,76,82.60130008.01.1,82.60130008.01.1,Mecanic utilaj,Mecanic utilaj,personal contractual,execuție,,peste 200.000,,,M;G,d) Funcţii utilizate în cadrul serviciilor voluntare pentru situaţii de urgenţă din subordinea consiliilor locale,1.3621055867120624,1.4337953544337498,1.362105587|1.433795354,Gradația 0|Nivel II,0
2026-07-17,VIII,VIII CII A 3_local1,77,82.60130009.01.1,82.60130009.01.1,Conducător autospecială,Conducător autospecială,personal contractual,execuție,,peste 200.000,,,M;G,d) Funcţii utilizate în cadrul serviciilor voluntare pentru situaţii de urgenţă din subordinea consiliilor locale,1.3621055867120624,1.4337953544337498,1.362105587|1.433795354,Gradația 0|Nivel II,0
2026-07-17,VIII,VIII CII A 3_local2,9,82.60127001.01.2,82.60127001.01.2,Director general,Director general,personal contractual,conducere,,50.000-200.000,,,S,a) Coeficienți de salarizare pentru funcţii de conducere,3.762,3.762,3.762,Grad managerial,0
2026-07-17,VIII,VIII CII A 3_local2,10,82.60127002.01.2,82.60127002.01.2,Director general adjunct,Director general adjunct,personal contractual,conducere,,50.000-200.000,,,S,a) Coeficienți de salarizare pentru funcţii de conducere,3.3857999999999997,3.3857999999999997,3.3858,Grad managerial,0
2026-07-17,VIII,VIII CII A 3_local2,11,82.60127003.04.2,82.60127003.04.2,Director; inspector șef; șef sector; șef compartiment,Director|inspector șef|șef sector|șef compartiment,personal contractual,conducere,,50.000-200.000,,,S,a) Coeficienți de salarizare pentru funcţii de conducere,3.3857999999999997,3.3857999999999997,3.3858,Grad managerial,0
2026-07-17,VIII,VIII CII A 3_local2,12,82.60127004.04.2,82.60127004.04.2,Director adjunct; inspector șef adjunct; contabil șef; inginer șef,Director adjunct|inspector șef adjunct|contabil șef|inginer șef,personal contractual,conducere,,50.000-200.000,,,S,a) Coeficienți de salarizare pentru funcţii de conducere,3.0855999999999995,3.0855999999999995,3.0856,Grad managerial,0
2026-07-17,VIII,VIII CII A 3_local2,13,82.60127005.02.2,82.60127005.02.2,Şef serviciu; șef secție,Şef serviciu|șef secție,personal contractual,conducere,,50.000-200.000,,,S,a) Coeficienți de salarizare pentru funcţii de conducere,2.99,2.99,2.99,Grad managerial,0
2026-07-17,VIII,VIII CII A 3_local2,14,82.60127006.04.2,82.60127006.04.2,Şef atelier; șef laborator; șef oficiu,Şef atelier|șef laborator|șef oficiu,personal contractual,conducere,,50.000-200.000,,,S,a) Coeficienți de salarizare pentru funcţii de conducere,2.7552676056338026,2.7552676056338026,2.755267606,Grad managerial,0
2026-07-17,VIII,VIII CII A 3_local2,16,82.60128001.01.1,82.60128001.01.1,Auditor,Auditor,personal contractual,execuție,,50.000-200.000,gradul I A,,S,b) Coeficienți de salarizare pentru funcţii de executie,1.8897125625000004,1.8897125625000004,1.889712563,Gradația 0,0
2026-07-17,VIII,VIII CII A 3_local2,17,82.60128001.01.2,82.60128001.01.2,Auditor,Auditor,personal contractual,execuție,,50.000-200.000,gradul I,,S,b) Coeficienți de salarizare pentru funcţii de executie,1.8253988156249998,1.8253988156249998,1.825398816,Gradația 0,0
2026-07-17,VIII,VIII CII A 3_local2,18,82.60128001.01.3,82.60128001.01.3,Auditor,Auditor,personal contractual,execuție,,50.000-200.000,gradul II,,S,b) Coeficienți de salarizare pentru funcţii de executie,1.65945346875,1.65945346875,1.659453469,Gradația 0,0
2026-07-17,VIII,VIII CII A 3_local2,19,82.60128002.07.1,82.60128002.07.1,Consilier; expert; inspector de specialitate; revizor contabil; arhitect; referent de specialitate; inspector casier,Consilier|expert|inspector de specialitate|revizor contabil|arhitect|referent de specialitate|inspector casier,personal contractual,execuție,,50.000-200.000,gradul I A,,S,b) Coeficienți de salarizare pentru funcţii de executie,1.7997262499999997,1.7997262499999997,1.79972625,Gradația 0,0
2026-07-17,VIII,VIII CII A 3_local2,20,82.60128002.07.2,82.60128002.07.2,Consilier; expert; inspector de specialitate; revizor contabil; arhitect; referent de specialitate; inspector casier,Consilier|expert|inspector de specialitate|revizor contabil|arhitect|referent de specialitate|inspector casier,personal contractual,execuție,,50.000-200.000,gradul I,,S,b) Coeficienți de salarizare pentru funcţii de executie,1.7384750624999998,1.7384750624999998,1.738475062,Gradația 0,0
2026-07-17,VIII,VIII CII A 3_local2,21,82.60128002.07.3,82.60128002.07.3,Consilier; expert; inspector de specialitate; revizor contabil; arhitect; referent de specialitate; inspector casier,Consilier|expert|inspector de specialitate|revizor contabil|arhitect|referent de specialitate|inspector casier,personal contractual,execuție,,50.000-200.000,gradul II,,S,b) Coeficienți de salarizare pentru funcţii de executie,1.580431875,1.580431875,1.580431875,Gradația 0,0
2026-07-17,VIII,VIII CII A 3_local2,22,82.60128002.07.4,82.60128002.07.4,Consilier; expert; inspector de specialitate; revizor contabil; arhitect; referent de specialitate; inspector casier,Consilier|expert|inspector de specialitate|revizor contabil|arhitect|referent de specialitate|inspector casier,personal contractual,execuție,,50.000-200.000,debutant,,S,b) Coeficienți de salarizare pentru funcţii de executie,1.522185,1.522185,1.522185,Gradația 0,0
2026-07-17,VIII,VIII CII A 3_local2,23,82.60128003.01.1,82.60128003.01.1,Consilier juridic,Consilier juridic,personal contractual,execuție,,50.000-200.000,gradul I A,,S,b) Coeficienți de salarizare pentru funcţii de executie,1.7997262499999997,1.7997262499999997,1.79972625,Gradația 0,0
2026-07-17,VIII,VIII CII A 3_local2,24,82.60128003.01.2,82.60128003.01.2,Consilier juridic,Consilier juridic,personal contractual,execuție,,50.000-200.000,gradul I,,S,b) Coeficienți de salarizare pentru funcţii de executie,1.7384750624999998,1.7384750624999998,1.738475062,Gradația 0,0
2026-07-17,VIII,VIII CII A 3_local2,25,82.60128003.01.3,82.60128003.01.3,Consilier juridic,Consilier juridic,personal contractual,execuție,,50.000-200.000,gradul II,,S,b) Coeficienți de salarizare pentru funcţii de executie,1.580431875,1.580431875,1.580431875,Gradația 0,0
2026-07-17,VIII,VIII CII A 3_local2,26,82.60128003.01.4,82.60128003.01.4,Consilier juridic,Consilier juridic,personal contractual,execuție,,50.000-200.000,debutant,,S,b) Coeficienți de salarizare pentru funcţii de executie,1.522185,1.522185,1.522185,Gradația 0,0
2026-07-17,VIII,VIII CII A 3_local2,27,82.60128004.09.1,82.60128004.09.1,Tehnician-economist; secretar superior; interpret relaţii; interpret profesional; conductor arhitect; inspector; referent; subinginer; arhivist,Tehnician-economist|secretar superior|interpret relaţii|interpret profesional|conductor arhitect|inspector|referent|subinginer|arhivist,personal contractual,execuție,,50.000-200.000,gradul I A,,SSD,b) Coeficienți de salarizare pentru funcţii de executie,1.5256395000000003,1.5256395000000003,1.5256395,Gradația 0,0
2026-07-17,VIII,VIII CII A 3_local2,28,82.60128004.09.2,82.60128004.09.2,Tehnician-economist; secretar superior; interpret relaţii; interpret profesional; conductor arhitect; inspector; referent; subinginer; arhivist,Tehnician-economist|secretar superior|interpret relaţii|interpret profesional|conductor arhitect|inspector|referent|subinginer|arhivist,personal contractual,execuție,,50.000-200.000,gradul I,,SSD,b) Coeficienți de salarizare pentru funcţii de executie,1.473716475,1.473716475,1.473716475,Gradația 0,0
2026-07-17,VIII,VIII CII A 3_local2,29,82.60128004.09.3,82.60128004.09.3,Tehnician-economist; secretar superior; interpret relaţii; interpret profesional; conductor arhitect; inspector; referent; subinginer; arhivist,Tehnician-economist|secretar superior|interpret relaţii|interpret profesional|conductor arhitect|inspector|referent|subinginer|arhivist,personal contractual,execuție,,50.000-200.000,gradul II,,SSD,b) Coeficienți de salarizare pentru funcţii de executie,1.39194,1.39194,1.39194,Gradația 0,0
2026-07-17,VIII,VIII CII A 3_local2,30,82.60128004.09.4,82.60128004.09.4,Tehnician-economist; secretar superior; interpret relaţii; interpret profesional; conductor arhitect; inspector; referent; subinginer; arhivist,Tehnician-economist|secretar superior|interpret relaţii|interpret profesional|conductor arhitect|inspector|referent|subinginer|arhivist,personal contractual,execuție,,50.000-200.000,debutant,,SSD,b) Coeficienți de salarizare pentru funcţii de executie,1.360305,1.360305,1.360305,Gradația 0,0
2026-07-17,VIII,VIII CII A 3_local2,31,82.60128005.04.1,82.60128005.04.1,Referent; inspector; arhivar; referent casier,Referent|inspector|arhivar|referent casier,personal contractual,execuție,,50.000-200.000,gradul I A,,M,b) Coeficienți de salarizare pentru funcţii de executie,1.4722421175,1.4722421175,1.472242118,Gradația 0,0
2026-07-17,VIII,VIII CII A 3_local2,32,82.60128005.04.2,82.60128005.04.2,Referent; inspector; arhivar; referent casier,Referent|inspector|arhivar|referent casier,personal contractual,execuție,,50.000-200.000,gradul I,,M,b) Coeficienți de salarizare pentru funcţii de executie,1.422136398375,1.422136398375,1.422136398,Gradația 0,0
2026-07-17,VIII,VIII CII A 3_local2,33,82.60128005.04.3,82.60128005.04.3,Referent; inspector; arhivar; referent casier,Referent|inspector|arhivar|referent casier,personal contractual,execuție,,50.000-200.000,gradul II,,M,b) Coeficienți de salarizare pentru funcţii de executie,1.3432221,1.3432221,1.3432221,Gradația 0,0
2026-07-17,VIII,VIII CII A 3_local2,34,82.60128005.04.4,82.60128005.04.4,Referent; inspector; arhivar; referent casier,Referent|inspector|arhivar|referent casier,personal contractual,execuție,,50.000-200.000,debutant,,M,b) Coeficienți de salarizare pentru funcţii de executie,1.3058927999999999,1.3058927999999999,1.3058928,Gradația 0,0
2026-07-17,VIII,VIII CII A 3_local2,35,82.60128006.01.1,82.60128006.01.1,Agent agricol,Agent agricol,personal contractual,execuție,,50.000-200.000,gradul I,,M,b) Coeficienți de salarizare pentru funcţii de executie,1.3621055867120624,1.3621055867120624,1.362105587,Gradația 0,0
2026-07-17,VIII,VIII CII A 3_local2,36,82.60128006.01.1,82.60128006.01.1,Agent agricol,Agent agricol,personal contractual,execuție,,50.000-200.000,gradul II,,M;G,b) Coeficienți de salarizare pentru funcţii de executie,1.3521055867120624,1.3521055867120624,1.352105587,Gradația 0,0
2026-07-17,VIII,VIII CII A 3_local2,37,82.60128006.01.2,82.60128006.01.2,Agent agricol,Agent agricol,personal contractual,execuție,,50.000-200.000,debutant,,M;G,b) Coeficienți de salarizare pentru funcţii de executie,1.2507688295999997,1.2507688295999997,1.25076883,Gradația 0,0
2026-07-17,VIII,VIII CII A 3_local2,38,82.60128007.03.1,82.60128007.03.1,Stenodactilograf; secretar-dactilograf; dactilograf,Stenodactilograf|secretar-dactilograf|dactilograf,personal contractual,execuție,,50.000-200.000,gradul I A,,M,b) Coeficienți de salarizare pentru funcţii de executie,1.3621055867120624,1.3621055867120624,1.362105587,Gradația 0,0
2026-07-17,VIII,VIII CII A 3_local2,39,82.60128007.03.2,82.60128007.03.2,Stenodactilograf; secretar-dactilograf; dactilograf,Stenodactilograf|secretar-dactilograf|dactilograf,personal contractual,execuție,,50.000-200.000,gradul I,,M;G,b) Coeficienți de salarizare pentru funcţii de executie,1.2865223959499996,1.2865223959499996,1.286522396,Gradația 0,0
2026-07-17,VIII,VIII CII A 3_local2,40,82.60128007.03.3,82.60128007.03.3,Stenodactilograf; secretar-dactilograf; dactilograf,Stenodactilograf|secretar-dactilograf|dactilograf,personal contractual,execuție,,50.000-200.000,debutant,,M;G,b) Coeficienți de salarizare pentru funcţii de executie,1.2507688295999997,1.2507688295999997,1.25076883,Gradația 0,0
2026-07-17,VIII,VIII CII A 3_local2,41,82.60128008.01.1,82.60128008.01.1,Secretar,Secretar,personal contractual,execuție,,50.000-200.000,gradul I,,M;G,b) Coeficienți de salarizare pentru funcţii de executie,1.2865223959499996,1.2865223959499996,1.286522396,Gradația 0,0
2026-07-17,VIII,VIII CII A 3_local2,42,82.60128008.01.2,82.60128008.01.2,Secretar,Secretar,personal contractual,execuție,,50.000-200.000,debutant,,M;G,b) Coeficienți de salarizare pentru funcţii de executie,1.2507688295999997,1.2507688295999997,1.25076883,Gradația 0,0
2026-07-17,VIII,VIII CII A 3_local2,43,82.60128009.01.1,82.60128009.01.1,Administrator,Administrator,personal contractual,execuție,,50.000-200.000,gradul I,,M,b) Coeficienți de salarizare pentru funcţii de executie,1.3621055867120624,1.3621055867120624,1.362105587,Gradația 0,0
2026-07-17,VIII,VIII CII A 3_local2,44,82.60128009.01.2,82.60128009.01.2,Administrator,Administrator,personal contractual,execuție,,50.000-200.000,gradul II,,M,b) Coeficienți de salarizare pentru funcţii de executie,1.2865223959499996,1.2865223959499996,1.286522396,Gradația 0,0
2026-07-17,VIII,VIII CII A 3_local2,45,82.60128010.01.1,82.60128010.01.1,Șef depozit,Șef depozit,personal contractual,execuție,,50.000-200.000,gradul I,,M,b) Coeficienți de salarizare pentru funcţii de executie,1.3621055867120624,1.3621055867120624,1.362105587,Gradația 0,0
2026-07-17,VIII,VIII CII A 3_local2,46,82.60128010.01.2,82.60128010.01.2,Șef depozit,Șef depozit,personal contractual,execuție,,50.000-200.000,gradul II,,M,b) Coeficienți de salarizare pentru funcţii de executie,1.2865223959499996,1.2865223959499996,1.286522396,Gradația 0,0
2026-07-17,VIII,VIII CII A 3_local2,47,82.60128011.02.1,82.60128011.02.1,Casier; magaziner,Casier|magaziner,personal contractual,execuție,,50.000-200.000,gradul I,,M;G,b) Coeficienți de salarizare pentru funcţii de executie,1.3621055867120624,1.3621055867120624,1.362105587,Gradația 0,0
2026-07-17,VIII,VIII CII A 3_local2,48,82.60128011.02.2,82.60128011.02.2,Casier; magaziner,Casier|magaziner,personal contractual,execuție,,50.000-200.000,gradul II,,M;G,b) Coeficienți de salarizare pentru funcţii de executie,1.2865223959499996,1.2865223959499996,1.286522396,Gradația 0,0
2026-07-17,VIII,VIII CII A 3_local2,49,82.60128012.02.1,82.60128012.02.1,Șef formație paza/pompieri,Șef formație paza|pompieri,personal contractual,execuție,,50.000-200.000,,,M;G,b) Coeficienți de salarizare pentru funcţii de executie,1.3621055867120624,1.3621055867120624,1.362105587,Gradația 0,0
2026-07-17,VIII,VIII CII A 3_local2,50,82.60128013.07.1,82.60128013.07.1,Portar; paznic; pompier; guard; bufetier; manipulant bunuri; cueier,Portar|paznic|pompier|guard|bufetier|manipulant bunuri|cueier,personal contractual,execuție,,50.000-200.000,,,M;G,b) Coeficienți de salarizare pentru funcţii de executie,1.2667581956422178,1.2667581956422178,1.266758196,Gradația 0,0
2026-07-17,VIII,VIII CII A 3_local2,51,82.60128014.02.1,82.60128014.02.1,Bucătar; lenjereasă,Bucătar|lenjereasă,personal contractual,execuție,,50.000-200.000,,,M;G,b) Coeficienți de salarizare pentru funcţii de executie,1.2865223959499996,1.2865223959499996,1.286522396,Gradația 0,0
2026-07-17,VIII,VIII CII A 3_local2,52,82.60128015.01.1,82.60128015.01.1,Îngrijitor,Îngrijitor,personal contractual,execuție,,50.000-200.000,gradul I,,M;G,b) Coeficienți de salarizare pentru funcţii de executie,1.2865223959499996,1.2865223959499996,1.286522396,Gradația 0,0
2026-07-17,VIII,VIII CII A 3_local2,53,82.60128015.01.2,82.60128015.01.2,Îngrijitor,Îngrijitor,personal contractual,execuție,,50.000-200.000,debutant,,M;G,b) Coeficienți de salarizare pentru funcţii de executie,1.2507688295999997,1.2507688295999997,1.25076883,Gradația 0,0
2026-07-17,VIII,VIII CII A 3_local2,54,82.60128016.01.1,82.60128016.01.1,Maistru,Maistru,personal contractual,execuție,,50.000-200.000,gradul I,,M;G,b) Coeficienți de salarizare pentru funcţii de executie,1.3621055867120624,1.3621055867120624,1.362105587,Gradația 0,0
2026-07-17,VIII,VIII CII A 3_local2,55,82.60128016.01.2,82.60128016.01.2,Maistru,Maistru,personal contractual,execuție,,50.000-200.000,gradul II,,M;G,b) Coeficienți de salarizare pentru funcţii de executie,1.2865223959499996,1.2865223959499996,1.286522396,Gradația 0,0
2026-07-17,VIII,VIII CII A 3_local2,56,82.60128017.01.1,82.60128017.01.1,Șofer,Șofer,personal contractual,execuție,,50.000-200.000,gradul I,,M;G,b) Coeficienți de salarizare pentru funcţii de executie,1.3621055867120624,1.3621055867120624,1.362105587,Gradația 0,0
2026-07-17,VIII,VIII CII A 3_local2,57,82.60128017.01.2,82.60128017.01.2,Șofer,Șofer,personal contractual,execuție,,50.000-200.000,gradul II,,M;G,b) Coeficienți de salarizare pentru funcţii de executie,1.2865223959499996,1.2865223959499996,1.286522396,Gradația 0,0
2026-07-17,VIII,VIII CII A 3_local2,58,82.60128018.01.1,82.60128018.01.1,Muncitor calificat,Muncitor calificat,personal contractual,execuție,,50.000-200.000,gradul I,,M;G,b) Coeficienți de salarizare pentru funcţii de executie,1.3621055867120624,1.3621055867120624,1.362105587,Gradația 0,0
2026-07-17,VIII,VIII CII A 3_local2,59,82.60128018.01.2,82.60128018.01.2,Muncitor calificat,Muncitor calificat,personal contractual,execuție,,50.000-200.000,gradul II,,M;G,b) Coeficienți de salarizare pentru funcţii de executie,1.2865223959499996,1.2865223959499996,1.286522396,Gradația 0,0
2026-07-17,VIII,VIII CII A 3_local2,60,82.60128018.01.3,82.60128018.01.3,Muncitor calificat,Muncitor calificat,personal contractual,execuție,,50.000-200.000,gradul III,,M;G,b) Coeficienți de salarizare pentru funcţii de executie,1.273,1.273,1.273,Gradația 0,0
2026-07-17,VIII,VIII CII A 3_local2,61,82.60128018.01.4,82.60128018.01.4,Muncitor calificat,Muncitor calificat,personal contractual,execuție,,50.000-200.000,gradul IV,,M;G,b) Coeficienți de salarizare pentru funcţii de executie,1.2507688295999997,1.2507688295999997,1.25076883,Gradația 0,0
2026-07-17,VIII,VIII CII A 3_local2,62,82.60128019.01.1,82.60128019.01.1,Muncitor necalificat,Muncitor necalificat,personal contractual,execuție,,50.000-200.000,gradul I,,M;G,b) Coeficienți de salarizare pentru funcţii de executie,1.2507688295999997,1.2507688295999997,1.25076883,Gradația 0,0
2026-07-17,VIII,VIII CII A 3_local2,63,82.60128019.01.2,82.60128019.01.2,Muncitor necalificat,Muncitor necalificat,personal contractual,execuție,,50.000-200.000,gradul II - fara sporuri,,M;G,b) Coeficienți de salarizare pentru funcţii de executie,1.1882303881199996,1.1882303881199996,1.188230388,Gradația 0,0
2026-07-17,VIII,VIII CII A 3_local2,65,82.60129001.01.1,82.60129001.01.1,Salvator montan,Salvator montan,personal contractual,execuție,,50.000-200.000,gradul I,,M;G,c) Funcţii utilizate în cadrul serviciilor publice de salvamont din subordinea consiliilor judeţene şi locale,1.7384750624999998,1.7384750624999998,1.738475062,Gradația 0,0
2026-07-17,VIII,VIII CII A 3_local2,66,82.60129001.01.2,82.60129001.01.2,Salvator montan,Salvator montan,personal contractual,execuție,,50.000-200.000,gradul II,,M;G,c) Funcţii utilizate în cadrul serviciilor publice de salvamont din subordinea consiliilor judeţene şi locale,1.580431875,1.580431875,1.580431875,Gradația 0,0
2026-07-17,VIII,VIII CII A 3_local2,67,82.60129001.01.3,82.60129001.01.3,Salvator montan,Salvator montan,personal contractual,execuție,,50.000-200.000,gradul III,,M;G,c) Funcţii utilizate în cadrul serviciilor publice de salvamont din subordinea consiliilor judeţene şi locale,1.522185,1.522185,1.522185,Gradația 0,0
2026-07-17,VIII,VIII CII A 3_local2,69,82.60130001.01.1,82.60130001.01.1,Şef serviciu voluntar pentru situaţii de urgenţă,Şef serviciu voluntar pentru situaţii de urgenţă,personal contractual,execuție,,50.000-200.000,,,M;G,d) Funcţii utilizate în cadrul serviciilor voluntare pentru situaţii de urgenţă din subordinea consiliilor locale,1.9286873239436617,1.9286873239436617,1.928687324,Gradația 0,0
2026-07-17,VIII,VIII CII A 3_local2,70,82.60130002.01.1,82.60130002.01.1,Şef compartiment pentru prevenire,Şef compartiment pentru prevenire,personal contractual,execuție,,50.000-200.000,,,M;G,d) Funcţii utilizate în cadrul serviciilor voluntare pentru situaţii de urgenţă din subordinea consiliilor locale,1.8322529577464786,1.8322529577464786,1.832252958,Gradația 0,0
2026-07-17,VIII,VIII CII A 3_local2,71,82.60130003.02.1,82.60130003.02.1,Şef formaţie intervenţie; salvare şi prim ajutor,Şef formaţie intervenţie|salvare şi prim ajutor,personal contractual,execuție,,50.000-200.000,,,M;G,d) Funcţii utilizate în cadrul serviciilor voluntare pentru situaţii de urgenţă din subordinea consiliilor locale,1.8322529577464786,1.8322529577464786,1.832252958,Gradația 0,0
2026-07-17,VIII,VIII CII A 3_local2,72,82.60130004.01.1,82.60130004.01.1,Specialist pentru prevenire,Specialist pentru prevenire,personal contractual,execuție,,50.000-200.000,,,M;G,d) Funcţii utilizate în cadrul serviciilor voluntare pentru situaţii de urgenţă din subordinea consiliilor locale,1.3621055867120624,1.3621055867120624,1.362105587,Gradația 0,0
2026-07-17,VIII,VIII CII A 3_local2,73,82.60130005.01.1,82.60130005.01.1,Servant pompier,Servant pompier,personal contractual,execuție,,50.000-200.000,,,M;G,d) Funcţii utilizate în cadrul serviciilor voluntare pentru situaţii de urgenţă din subordinea consiliilor locale,1.273,1.273,1.273,Gradația 0,0
2026-07-17,VIII,VIII CII A 3_local2,74,82.60130006.01.1,82.60130006.01.1,Şef grupă intervenţie,Şef grupă intervenţie,personal contractual,execuție,,50.000-200.000,,,M;G,d) Funcţii utilizate în cadrul serviciilor voluntare pentru situaţii de urgenţă din subordinea consiliilor locale,1.7406403098591545,1.7406403098591545,1.74064031,Gradația 0,0
2026-07-17,VIII,VIII CII A 3_local2,75,82.60130007.01.1,82.60130007.01.1,Şef echipă specializată,Şef echipă specializată,personal contractual,execuție,,50.000-200.000,,,M;G,d) Funcţii utilizate în cadrul serviciilor voluntare pentru situaţii de urgenţă din subordinea consiliilor locale,1.7406403098591545,1.7406403098591545,1.74064031,Gradația 0,0
2026-07-17,VIII,VIII CII A 3_local2,76,82.60130008.01.1,82.60130008.01.1,Mecanic utilaj,Mecanic utilaj,personal contractual,execuție,,50.000-200.000,,,M;G,d) Funcţii utilizate în cadrul serviciilor voluntare pentru situaţii de urgenţă din subordinea consiliilor locale,1.3621055867120624,1.3621055867120624,1.362105587,Gradația 0,0
2026-07-17,VIII,VIII CII A 3_local2,77,82.60130009.01.1,82.60130009.01.1,Conducător autospecială,Conducător autospecială,personal contractual,execuție,,50.000-200.000,,,M;G,d) Funcţii utilizate în cadrul serviciilor voluntare pentru situaţii de urgenţă din subordinea consiliilor locale,1.3621055867120624,1.3621055867120624,1.362105587,Gradația 0,0
2026-07-17,VIII,VIII CII A 3_local3,10,82.60127001.01.2,82.60127001.01.2,Director general,Director general,personal contractual,conducere,,10.000-50.000,,,S,a) Coeficienți de salarizare pentru funcţii de conducere,3.0096000000000003,3.0096000000000003,3.0096,Grad managerial,0
2026-07-17,VIII,VIII CII A 3_local3,11,82.60127002.01.2,82.60127002.01.2,Director general adjunct,Director general adjunct,personal contractual,conducere,,10.000-50.000,,,S,a) Coeficienți de salarizare pentru funcţii de conducere,2.70864,2.70864,2.70864,Grad managerial,0
2026-07-17,VIII,VIII CII A 3_local3,12,82.60127003.04.2,82.60127003.04.2,Director; inspector șef; șef sector; șef compartiment,Director|inspector șef|șef sector|șef compartiment,personal contractual,conducere,,10.000-50.000,,,S,a) Coeficienți de salarizare pentru funcţii de conducere,2.70864,2.70864,2.70864,Grad managerial,0
2026-07-17,VIII,VIII CII A 3_local3,13,82.60127004.04.2,82.60127004.04.2,Director adjunct; inspector șef adjunct; contabil șef; inginer șef,Director adjunct|inspector șef adjunct|contabil șef|inginer șef,personal contractual,conducere,,10.000-50.000,,,S,a) Coeficienți de salarizare pentru funcţii de conducere,2.4684799999999996,2.4684799999999996,2.46848,Grad managerial,0
2026-07-17,VIII,VIII CII A 3_local3,14,82.60127005.02.2,82.60127005.02.2,Şef serviciu; șef secție,Şef serviciu|șef secție,personal contractual,conducere,,10.000-50.000,,,S,a) Coeficienți de salarizare pentru funcţii de conducere,2.3920000000000003,2.3920000000000003,2.392,Grad managerial,0
2026-07-17,VIII,VIII CII A 3_local3,15,82.60127006.04.2,82.60127006.04.2,Şef atelier; șef laborator; șef oficiu,Şef atelier|șef laborator|șef oficiu,personal contractual,conducere,,10.000-50.000,,,S,a) Coeficienți de salarizare pentru funcţii de conducere,2.204214084507042,2.204214084507042,2.204214085,Grad managerial,0
2026-07-17,VIII,VIII CII A 3_local3,17,82.60128001.01.1,82.60128001.01.1,Auditor,Auditor,personal contractual,execuție,,10.000-50.000,gradul I A,,S,b) Coeficienți de salarizare pentru funcţii de executie,1.7007413062500003,1.7007413062500003,1.700741306,Gradația 0,0
2026-07-17,VIII,VIII CII A 3_local3,18,82.60128001.01.2,82.60128001.01.2,Auditor,Auditor,personal contractual,execuție,,10.000-50.000,gradul I,,S,b) Coeficienți de salarizare pentru funcţii de executie,1.6428589340625,1.6428589340625,1.642858934,Gradația 0,0
2026-07-17,VIII,VIII CII A 3_local3,19,82.60128001.01.3,82.60128001.01.3,Auditor,Auditor,personal contractual,execuție,,10.000-50.000,gradul II,,S,b) Coeficienți de salarizare pentru funcţii de executie,1.493508121875,1.493508121875,1.493508122,Gradația 0,0
2026-07-17,VIII,VIII CII A 3_local3,20,82.60128002.07.1,82.60128002.07.1,Consilier; expert; inspector de specialitate; revizor contabil; arhitect; referent de specialitate; inspector casier,Consilier|expert|inspector de specialitate|revizor contabil|arhitect|referent de specialitate|inspector casier,personal contractual,execuție,,10.000-50.000,gradul I A,,S,b) Coeficienți de salarizare pentru funcţii de executie,1.6197536249999998,1.6197536249999998,1.619753625,Gradația 0,0
2026-07-17,VIII,VIII CII A 3_local3,21,82.60128002.07.2,82.60128002.07.2,Consilier; expert; inspector de specialitate; revizor contabil; arhitect; referent de specialitate; inspector casier,Consilier|expert|inspector de specialitate|revizor contabil|arhitect|referent de specialitate|inspector casier,personal contractual,execuție,,10.000-50.000,gradul I,,S,b) Coeficienți de salarizare pentru funcţii de executie,1.5646275562499998,1.5646275562499998,1.564627556,Gradația 0,0
2026-07-17,VIII,VIII CII A 3_local3,22,82.60128002.07.3,82.60128002.07.3,Consilier; expert; inspector de specialitate; revizor contabil; arhitect; referent de specialitate; inspector casier,Consilier|expert|inspector de specialitate|revizor contabil|arhitect|referent de specialitate|inspector casier,personal contractual,execuție,,10.000-50.000,gradul II,,S,b) Coeficienți de salarizare pentru funcţii de executie,1.4223886875,1.4223886875,1.422388688,Gradația 0,0
2026-07-17,VIII,VIII CII A 3_local3,23,82.60128002.07.4,82.60128002.07.4,Consilier; expert; inspector de specialitate; revizor contabil; arhitect; referent de specialitate; inspector casier,Consilier|expert|inspector de specialitate|revizor contabil|arhitect|referent de specialitate|inspector casier,personal contractual,execuție,,10.000-50.000,debutant,,S,b) Coeficienți de salarizare pentru funcţii de executie,1.3699664999999999,1.3699664999999999,1.3699665,Gradația 0,0
2026-07-17,VIII,VIII CII A 3_local3,24,82.60128003.01.1,82.60128003.01.1,Consilier juridic,Consilier juridic,personal contractual,execuție,,10.000-50.000,gradul I A,,S,b) Coeficienți de salarizare pentru funcţii de executie,1.6197536249999998,1.6197536249999998,1.619753625,Gradația 0,0
2026-07-17,VIII,VIII CII A 3_local3,25,82.60128003.01.2,82.60128003.01.2,Consilier juridic,Consilier juridic,personal contractual,execuție,,10.000-50.000,gradul I,,S,b) Coeficienți de salarizare pentru funcţii de executie,1.5646275562499998,1.5646275562499998,1.564627556,Gradația 0,0
2026-07-17,VIII,VIII CII A 3_local3,26,82.60128003.01.3,82.60128003.01.3,Consilier juridic,Consilier juridic,personal contractual,execuție,,10.000-50.000,gradul II,,S,b) Coeficienți de salarizare pentru funcţii de executie,1.4223886875,1.4223886875,1.422388688,Gradația 0,0
2026-07-17,VIII,VIII CII A 3_local3,27,82.60128003.01.4,82.60128003.01.4,Consilier juridic,Consilier juridic,personal contractual,execuție,,10.000-50.000,debutant,,S,b) Coeficienți de salarizare pentru funcţii de executie,1.3699664999999999,1.3699664999999999,1.3699665,Gradația 0,0
2026-07-17,VIII,VIII CII A 3_local3,28,82.60128004.09.1,82.60128004.09.1,Tehnician-economist; secretar superior; interpret relaţii; interpret profesional; conductor arhitect; inspector; referent; subinginer; arhivist,Tehnician-economist|secretar superior|interpret relaţii|interpret profesional|conductor arhitect|inspector|referent|subinginer|arhivist,personal contractual,execuție,,10.000-50.000,gradul I A,,SSD,b) Coeficienți de salarizare pentru funcţii de executie,1.3730755500000003,1.3730755500000003,1.37307555,Gradația 0,0
2026-07-17,VIII,VIII CII A 3_local3,29,82.60128004.09.2,82.60128004.09.2,Tehnician-economist; secretar superior; interpret relaţii; interpret profesional; conductor arhitect; inspector; referent; subinginer; arhivist,Tehnician-economist|secretar superior|interpret relaţii|interpret profesional|conductor arhitect|inspector|referent|subinginer|arhivist,personal contractual,execuție,,10.000-50.000,gradul I,,SSD,b) Coeficienți de salarizare pentru funcţii de executie,1.3263448275,1.3263448275,1.326344828,Gradația 0,0
2026-07-17,VIII,VIII CII A 3_local3,30,82.60128004.09.3,82.60128004.09.3,Tehnician-economist; secretar superior; interpret relaţii; interpret profesional; conductor arhitect; inspector; referent; subinginer; arhivist,Tehnician-economist|secretar superior|interpret relaţii|interpret profesional|conductor arhitect|inspector|referent|subinginer|arhivist,personal contractual,execuție,,10.000-50.000,gradul II,,SSD,b) Coeficienți de salarizare pentru funcţii de executie,1.252746,1.252746,1.252746,Gradația 0,0
2026-07-17,VIII,VIII CII A 3_local3,31,82.60128004.09.4,82.60128004.09.4,Tehnician-economist; secretar superior; interpret relaţii; interpret profesional; conductor arhitect; inspector; referent; subinginer; arhivist,Tehnician-economist|secretar superior|interpret relaţii|interpret profesional|conductor arhitect|inspector|referent|subinginer|arhivist,personal contractual,execuție,,10.000-50.000,debutant,,SSD,b) Coeficienți de salarizare pentru funcţii de executie,1.2242745000000002,1.2242745000000002,1.2242745,Gradația 0,0
2026-07-17,VIII,VIII CII A 3_local3,32,82.60128005.04.1,82.60128005.04.1,Referent; inspector; arhivar; referent casier,Referent|inspector|arhivar|referent casier,personal contractual,execuție,,10.000-50.000,gradul I A,,M,b) Coeficienți de salarizare pentru funcţii de executie,1.32501790575,1.32501790575,1.325017906,Gradația 0,0
2026-07-17,VIII,VIII CII A 3_local3,33,82.60128005.04.2,82.60128005.04.2,Referent; inspector; arhivar; referent casier,Referent|inspector|arhivar|referent casier,personal contractual,execuție,,10.000-50.000,gradul I,,M,b) Coeficienți de salarizare pentru funcţii de executie,1.2799227585375,1.2799227585375,1.279922759,Gradația 0,0
2026-07-17,VIII,VIII CII A 3_local3,34,82.60128005.04.3,82.60128005.04.3,Referent; inspector; arhivar; referent casier,Referent|inspector|arhivar|referent casier,personal contractual,execuție,,10.000-50.000,gradul II,,M,b) Coeficienți de salarizare pentru funcţii de executie,1.20889989,1.20889989,1.20889989,Gradația 0,0
2026-07-17,VIII,VIII CII A 3_local3,35,82.60128005.04.4,82.60128005.04.4,Referent; inspector; arhivar; referent casier,Referent|inspector|arhivar|referent casier,personal contractual,execuție,,10.000-50.000,debutant,,M,b) Coeficienți de salarizare pentru funcţii de executie,1.17530352,1.17530352,1.17530352,Gradația 0,0
2026-07-17,VIII,VIII CII A 3_local3,36,82.60128006.01.1,82.60128006.01.1,Agent agricol,Agent agricol,personal contractual,execuție,,10.000-50.000,gradul I,,M,b) Coeficienți de salarizare pentru funcţii de executie,1.2803792515093386,1.2803792515093386,1.280379252,Gradația 0,0
2026-07-17,VIII,VIII CII A 3_local3,37,82.60128006.01.2,82.60128006.01.2,Agent agricol,Agent agricol,personal contractual,execuție,,10.000-50.000,gradul II,,M;G,b) Coeficienți de salarizare pentru funcţii de executie,1.269,1.269,1.269,Gradația 0,0
2026-07-17,VIII,VIII CII A 3_local3,38,82.60128006.01.3,82.60128006.01.3,Agent agricol,Agent agricol,personal contractual,execuție,,10.000-50.000,debutant,,M;G,b) Coeficienți de salarizare pentru funcţii de executie,1.1757226998239996,1.1757226998239996,1.1757227,Gradația 0,0
2026-07-17,VIII,VIII CII A 3_local3,39,82.60128007.03.1,82.60128007.03.1,Stenodactilograf; secretar-dactilograf; dactilograf,Stenodactilograf|secretar-dactilograf|dactilograf,personal contractual,execuție,,10.000-50.000,gradul I A,,M,b) Coeficienți de salarizare pentru funcţii de executie,1.2803792515093386,1.2803792515093386,1.280379252,Gradația 0,0
2026-07-17,VIII,VIII CII A 3_local3,40,82.60128007.03.2,82.60128007.03.2,Stenodactilograf; secretar-dactilograf; dactilograf,Stenodactilograf|secretar-dactilograf|dactilograf,personal contractual,execuție,,10.000-50.000,gradul I,,M;G,b) Coeficienți de salarizare pentru funcţii de executie,1.269,1.269,1.269,Gradația 0,0
2026-07-17,VIII,VIII CII A 3_local3,41,82.60128007.03.3,82.60128007.03.3,Stenodactilograf; secretar-dactilograf; dactilograf,Stenodactilograf|secretar-dactilograf|dactilograf,personal contractual,execuție,,10.000-50.000,debutant,,M;G,b) Coeficienți de salarizare pentru funcţii de executie,1.1757226998239996,1.1757226998239996,1.1757227,Gradația 0,0
2026-07-17,VIII,VIII CII A 3_local3,42,82.60128008.01.1,82.60128008.01.1,Secretar,Secretar,personal contractual,execuție,,10.000-50.000,gradul I,,M;G,b) Coeficienți de salarizare pentru funcţii de executie,1.2093310521929996,1.2093310521929996,1.209331052,Gradația 0,0
2026-07-17,VIII,VIII CII A 3_local3,43,82.60128008.01.2,82.60128008.01.2,Secretar,Secretar,personal contractual,execuție,,10.000-50.000,debutant,,M;G,b) Coeficienți de salarizare pentru funcţii de executie,1.1757226998239996,1.1757226998239996,1.1757227,Gradația 0,0
2026-07-17,VIII,VIII CII A 3_local3,44,82.60128009.01.1,82.60128009.01.1,Administrator,Administrator,personal contractual,execuție,,10.000-50.000,gradul I,,M,b) Coeficienți de salarizare pentru funcţii de executie,1.2803792515093386,1.2803792515093386,1.280379252,Gradația 0,0
2026-07-17,VIII,VIII CII A 3_local3,45,82.60128009.01.2,82.60128009.01.2,Administrator,Administrator,personal contractual,execuție,,10.000-50.000,gradul II,,M,b) Coeficienți de salarizare pentru funcţii de executie,1.2093310521929996,1.2093310521929996,1.209331052,Gradația 0,0
2026-07-17,VIII,VIII CII A 3_local3,46,82.60128010.01.1,82.60128010.01.1,Șef depozit,Șef depozit,personal contractual,execuție,,10.000-50.000,gradul I,,M,b) Coeficienți de salarizare pentru funcţii de executie,1.2803792515093386,1.2803792515093386,1.280379252,Gradația 0,0
2026-07-17,VIII,VIII CII A 3_local3,47,82.60128010.01.2,82.60128010.01.2,Șef depozit,Șef depozit,personal contractual,execuție,,10.000-50.000,gradul II,,M,b) Coeficienți de salarizare pentru funcţii de executie,1.2093310521929996,1.2093310521929996,1.209331052,Gradația 0,0
2026-07-17,VIII,VIII CII A 3_local3,48,82.60128011.02.1,82.60128011.02.1,Casier; magaziner,Casier|magaziner,personal contractual,execuție,,10.000-50.000,gradul I,,M;G,b) Coeficienți de salarizare pentru funcţii de executie,1.2803792515093386,1.2803792515093386,1.280379252,Gradația 0,0
2026-07-17,VIII,VIII CII A 3_local3,49,82.60128011.02.2,82.60128011.02.2,Casier; magaziner,Casier|magaziner,personal contractual,execuție,,10.000-50.000,gradul II,,M;G,b) Coeficienți de salarizare pentru funcţii de executie,1.1851444311491397,1.1851444311491397,1.185144431,Gradația 0,0
2026-07-17,VIII,VIII CII A 3_local3,50,82.60128012.02.1,82.60128012.02.1,Șef formație paza/pompieri,Șef formație paza|pompieri,personal contractual,execuție,,10.000-50.000,,,M;G,b) Coeficienți de salarizare pentru funcţii de executie,1.2803792515093386,1.2803792515093386,1.280379252,Gradația 0,0
2026-07-17,VIII,VIII CII A 3_local3,51,82.60128013.07.1,82.60128013.07.1,Portar; paznic; pompier; guard; bufetier; manipulant bunuri; cueier,Portar|paznic|pompier|guard|bufetier|manipulant bunuri|cueier,personal contractual,execuție,,10.000-50.000,,,M;G,b) Coeficienți de salarizare pentru funcţii de executie,1.1907527039036847,1.1907527039036847,1.190752704,Gradația 0,0
2026-07-17,VIII,VIII CII A 3_local3,52,82.60128014.02.1,82.60128014.02.1,Bucătar; lenjereasă,Bucătar|lenjereasă,personal contractual,execuție,,10.000-50.000,,,M;G,b) Coeficienți de salarizare pentru funcţii de executie,1.2093310521929996,1.2093310521929996,1.209331052,Gradația 0,0
2026-07-17,VIII,VIII CII A 3_local3,53,82.60128015.01.1,82.60128015.01.1,Îngrijitor,Îngrijitor,personal contractual,execuție,,10.000-50.000,gradul I,,M;G,b) Coeficienți de salarizare pentru funcţii de executie,1.2093310521929996,1.2093310521929996,1.209331052,Gradația 0,0
2026-07-17,VIII,VIII CII A 3_local3,54,82.60128015.01.2,82.60128015.01.2,Îngrijitor,Îngrijitor,personal contractual,execuție,,10.000-50.000,debutant,,M;G,b) Coeficienți de salarizare pentru funcţii de executie,1.1757226998239996,1.1757226998239996,1.1757227,Gradația 0,0
2026-07-17,VIII,VIII CII A 3_local3,55,82.60128016.01.1,82.60128016.01.1,Maistru,Maistru,personal contractual,execuție,,10.000-50.000,gradul I,,M;G,b) Coeficienți de salarizare pentru funcţii de executie,1.2803792515093386,1.2803792515093386,1.280379252,Gradația 0,0
2026-07-17,VIII,VIII CII A 3_local3,56,82.60128016.01.2,82.60128016.01.2,Maistru,Maistru,personal contractual,execuție,,10.000-50.000,gradul II,,M;G,b) Coeficienți de salarizare pentru funcţii de executie,1.2093310521929996,1.2093310521929996,1.209331052,Gradația 0,0
2026-07-17,VIII,VIII CII A 3_local3,57,82.60128017.01.1,82.60128017.01.1,Șofer,Șofer,personal contractual,execuție,,10.000-50.000,gradul I,,M;G,b) Coeficienți de salarizare pentru funcţii de executie,1.2803792515093386,1.2803792515093386,1.280379252,Gradația 0,0
2026-07-17,VIII,VIII CII A 3_local3,58,82.60128017.01.2,82.60128017.01.2,Șofer,Șofer,personal contractual,execuție,,10.000-50.000,gradul II,,M;G,b) Coeficienți de salarizare pentru funcţii de executie,1.2093310521929996,1.2093310521929996,1.209331052,Gradația 0,0
2026-07-17,VIII,VIII CII A 3_local3,59,82.60128018.01.1,82.60128018.01.1,Muncitor calificat,Muncitor calificat,personal contractual,execuție,,10.000-50.000,gradul I,,M;G,b) Coeficienți de salarizare pentru funcţii de executie,1.2803792515093386,1.2803792515093386,1.280379252,Gradația 0,0
2026-07-17,VIII,VIII CII A 3_local3,60,82.60128018.01.2,82.60128018.01.2,Muncitor calificat,Muncitor calificat,personal contractual,execuție,,10.000-50.000,gradul II,,M;G,b) Coeficienți de salarizare pentru funcţii de executie,1.2093310521929996,1.2093310521929996,1.209331052,Gradația 0,0
2026-07-17,VIII,VIII CII A 3_local3,61,82.60128018.01.3,82.60128018.01.3,Muncitor calificat,Muncitor calificat,personal contractual,execuție,,10.000-50.000,gradul III,,M;G,b) Coeficienți de salarizare pentru funcţii de executie,1.1966199999999998,1.1966199999999998,1.19662,Gradația 0,0
2026-07-17,VIII,VIII CII A 3_local3,62,82.60128018.01.4,82.60128018.01.4,Muncitor calificat,Muncitor calificat,personal contractual,execuție,,10.000-50.000,gradul IV,,M;G,b) Coeficienți de salarizare pentru funcţii de executie,1.1522082458275196,1.1522082458275196,1.152208246,Gradația 0,0
2026-07-17,VIII,VIII CII A 3_local3,63,82.60128019.01.1,82.60128019.01.1,Muncitor necalificat,Muncitor necalificat,personal contractual,execuție,,10.000-50.000,gradul I,,M;G,b) Coeficienți de salarizare pentru funcţii de executie,1.1757226998239996,1.1757226998239996,1.1757227,Gradația 0,0
2026-07-17,VIII,VIII CII A 3_local3,64,82.60128019.01.2,82.60128019.01.2,Muncitor necalificat,Muncitor necalificat,personal contractual,execuție,,10.000-50.000,gradul II - fara sporuri,,M;G,b) Coeficienți de salarizare pentru funcţii de executie,1.0610897365911596,1.0610897365911596,1.061089737,Gradația 0,0
2026-07-17,VIII,VIII CII A 3_local3,66,82.60129001.01.1,82.60129001.01.1,Salvator montan,Salvator montan,personal contractual,execuție,,10.000-50.000,gradul I,,M;G,c) Funcţii utilizate în cadrul serviciilor publice de salvamont din subordinea consiliilor judeţene şi locale,1.5646275562499998,1.5646275562499998,1.564627556,Gradația 0,0
2026-07-17,VIII,VIII CII A 3_local3,67,82.60129001.01.2,82.60129001.01.2,Salvator montan,Salvator montan,personal contractual,execuție,,10.000-50.000,gradul II,,M;G,c) Funcţii utilizate în cadrul serviciilor publice de salvamont din subordinea consiliilor judeţene şi locale,1.4223886875,1.4223886875,1.422388688,Gradația 0,0
2026-07-17,VIII,VIII CII A 3_local3,68,82.60129001.01.3,82.60129001.01.3,Salvator montan,Salvator montan,personal contractual,execuție,,10.000-50.000,gradul III,,M;G,c) Funcţii utilizate în cadrul serviciilor publice de salvamont din subordinea consiliilor judeţene şi locale,1.3699664999999999,1.3699664999999999,1.3699665,Gradația 0,0
2026-07-17,VIII,VIII CII A 3_local3,70,82.60130001.01.1,82.60130001.01.1,Şef serviciu voluntar pentru situaţii de urgenţă,Şef serviciu voluntar pentru situaţii de urgenţă,personal contractual,execuție,,10.000-50.000,,,M;G,d) Funcţii utilizate în cadrul serviciilor voluntare pentru situaţii de urgenţă din subordinea consiliilor locale,1.5429498591549293,1.5429498591549293,1.542949859,Gradația 0,0
2026-07-17,VIII,VIII CII A 3_local3,71,82.60130002.01.1,82.60130002.01.1,Şef compartiment pentru prevenire,Şef compartiment pentru prevenire,personal contractual,execuție,,10.000-50.000,,,M;G,d) Funcţii utilizate în cadrul serviciilor voluntare pentru situaţii de urgenţă din subordinea consiliilor locale,1.4658023661971828,1.4658023661971828,1.465802366,Gradația 0,0
2026-07-17,VIII,VIII CII A 3_local3,72,82.60130003.02.1,82.60130003.02.1,Şef formaţie intervenţie; salvare şi prim ajutor,Şef formaţie intervenţie|salvare şi prim ajutor,personal contractual,execuție,,10.000-50.000,,,M;G,d) Funcţii utilizate în cadrul serviciilor voluntare pentru situaţii de urgenţă din subordinea consiliilor locale,1.4658023661971828,1.4658023661971828,1.465802366,Gradația 0,0
2026-07-17,VIII,VIII CII A 3_local3,73,82.60130004.01.1,82.60130004.01.1,Specialist pentru prevenire,Specialist pentru prevenire,personal contractual,execuție,,10.000-50.000,,,M;G,d) Funcţii utilizate în cadrul serviciilor voluntare pentru situaţii de urgenţă din subordinea consiliilor locale,1.2803792515093386,1.2803792515093386,1.280379252,Gradația 0,0
2026-07-17,VIII,VIII CII A 3_local3,74,82.60130005.01.1,82.60130005.01.1,Servant pompier,Servant pompier,personal contractual,execuție,,10.000-50.000,,,M;G,d) Funcţii utilizate în cadrul serviciilor voluntare pentru situaţii de urgenţă din subordinea consiliilor locale,1.1966199999999998,1.1966199999999998,1.19662,Gradația 0,0
2026-07-17,VIII,VIII CII A 3_local3,75,82.60130006.01.1,82.60130006.01.1,Şef grupă intervenţie,Şef grupă intervenţie,personal contractual,execuție,,10.000-50.000,,,M;G,d) Funcţii utilizate în cadrul serviciilor voluntare pentru situaţii de urgenţă din subordinea consiliilor locale,1.3925122478873238,1.3925122478873238,1.392512248,Gradația 0,0
2026-07-17,VIII,VIII CII A 3_local3,76,82.60130007.01.1,82.60130007.01.1,Şef echipă specializată,Şef echipă specializată,personal contractual,execuție,,10.000-50.000,,,M;G,d) Funcţii utilizate în cadrul serviciilor voluntare pentru situaţii de urgenţă din subordinea consiliilor locale,1.3925122478873238,1.3925122478873238,1.392512248,Gradația 0,0
2026-07-17,VIII,VIII CII A 3_local3,77,82.60130008.01.1,82.60130008.01.1,Mecanic utilaj,Mecanic utilaj,personal contractual,execuție,,10.000-50.000,,,M;G,d) Funcţii utilizate în cadrul serviciilor voluntare pentru situaţii de urgenţă din subordinea consiliilor locale,1.2803792515093386,1.2803792515093386,1.280379252,Gradația 0,0
2026-07-17,VIII,VIII CII A 3_local3,78,82.60130009.01.1,82.60130009.01.1,Conducător autospecială,Conducător autospecială,personal contractual,execuție,,10.000-50.000,,,M;G,d) Funcţii utilizate în cadrul serviciilor voluntare pentru situaţii de urgenţă din subordinea consiliilor locale,1.2803792515093386,1.2803792515093386,1.280379252,Gradația 0,0
2026-07-17,VIII,VIII CII A 3_local4,11,82.60127001.01.2,82.60127001.01.2,Director general,Director general,personal contractual,conducere,,sub 10.000,,,S,a) Coeficienți de salarizare pentru funcţii de conducere,2.4678720000000003,2.4678720000000003,2.467872,Grad managerial,0
2026-07-17,VIII,VIII CII A 3_local4,12,82.60127002.01.2,82.60127002.01.2,Director general adjunct,Director general adjunct,personal contractual,conducere,,sub 10.000,,,S,a) Coeficienți de salarizare pentru funcţii de conducere,2.2210848,2.2210848,2.2210848,Grad managerial,0
2026-07-17,VIII,VIII CII A 3_local4,13,82.60127003.04.2,82.60127003.04.2,Director; inspector șef; șef sector; șef compartiment,Director|inspector șef|șef sector|șef compartiment,personal contractual,conducere,,sub 10.000,,,S,a) Coeficienți de salarizare pentru funcţii de conducere,2.2210848,2.2210848,2.2210848,Grad managerial,0
2026-07-17,VIII,VIII CII A 3_local4,14,82.60127004.04.2,82.60127004.04.2,Director adjunct; inspector șef adjunct; contabil șef; inginer șef,Director adjunct|inspector șef adjunct|contabil șef|inginer șef,personal contractual,conducere,,sub 10.000,,,S,a) Coeficienți de salarizare pentru funcţii de conducere,2.0241535999999996,2.0241535999999996,2.0241536,Grad managerial,0
2026-07-17,VIII,VIII CII A 3_local4,15,82.60127005.02.2,82.60127005.02.2,Şef serviciu; șef secție,Şef serviciu|șef secție,personal contractual,conducere,,sub 10.000,,,S,a) Coeficienți de salarizare pentru funcţii de conducere,1.96144,1.96144,1.96144,Grad managerial,0
2026-07-17,VIII,VIII CII A 3_local4,16,82.60127006.04.2,82.60127006.04.2,Şef atelier; șef laborator; șef oficiu,Şef atelier|șef laborator|șef oficiu,personal contractual,conducere,,sub 10.000,,,S,a) Coeficienți de salarizare pentru funcţii de conducere,1.8074555492957745,1.8074555492957745,1.807455549,Grad managerial,0
2026-07-17,VIII,VIII CII A 3_local4,18,82.60128001.01.1,82.60128001.01.1,Auditor,Auditor,personal contractual,execuție,,sub 10.000,gradul I A,,S,b) Coeficienți de salarizare pentru funcţii de executie,1.6157042409375002,1.6157042409375002,1.615704241,Gradația 0,0
2026-07-17,VIII,VIII CII A 3_local4,19,82.60128001.01.2,82.60128001.01.2,Auditor,Auditor,personal contractual,execuție,,sub 10.000,gradul I,,S,b) Coeficienți de salarizare pentru funcţii de executie,1.5607159873593748,1.5607159873593748,1.560715987,Gradația 0,0
2026-07-17,VIII,VIII CII A 3_local4,20,82.60128001.01.3,82.60128001.01.3,Auditor,Auditor,personal contractual,execuție,,sub 10.000,gradul II,,S,b) Coeficienți de salarizare pentru funcţii de executie,1.41883271578125,1.41883271578125,1.418832716,Gradația 0,0
2026-07-17,VIII,VIII CII A 3_local4,21,82.60128002.07.1,82.60128002.07.1,Consilier; expert; inspector de specialitate; revizor contabil; arhitect; referent de specialitate; inspector casier,Consilier|expert|inspector de specialitate|revizor contabil|arhitect|referent de specialitate|inspector casier,personal contractual,execuție,,sub 10.000,gradul I A,,S,b) Coeficienți de salarizare pentru funcţii de executie,1.5387659437499996,1.5387659437499996,1.538765944,Gradația 0,0
2026-07-17,VIII,VIII CII A 3_local4,22,82.60128002.07.2,82.60128002.07.2,Consilier; expert; inspector de specialitate; revizor contabil; arhitect; referent de specialitate; inspector casier,Consilier|expert|inspector de specialitate|revizor contabil|arhitect|referent de specialitate|inspector casier,personal contractual,execuție,,sub 10.000,gradul I,,S,b) Coeficienți de salarizare pentru funcţii de executie,1.4863961784374997,1.4863961784374997,1.486396178,Gradația 0,0
2026-07-17,VIII,VIII CII A 3_local4,23,82.60128002.07.3,82.60128002.07.3,Consilier; expert; inspector de specialitate; revizor contabil; arhitect; referent de specialitate; inspector casier,Consilier|expert|inspector de specialitate|revizor contabil|arhitect|referent de specialitate|inspector casier,personal contractual,execuție,,sub 10.000,gradul II,,S,b) Coeficienți de salarizare pentru funcţii de executie,1.351269253125,1.351269253125,1.351269253,Gradația 0,0
2026-07-17,VIII,VIII CII A 3_local4,24,82.60128002.07.4,82.60128002.07.4,Consilier; expert; inspector de specialitate; revizor contabil; arhitect; referent de specialitate; inspector casier,Consilier|expert|inspector de specialitate|revizor contabil|arhitect|referent de specialitate|inspector casier,personal contractual,execuție,,sub 10.000,debutant,,S,b) Coeficienți de salarizare pentru funcţii de executie,1.301468175,1.301468175,1.301468175,Gradația 0,0
2026-07-17,VIII,VIII CII A 3_local4,25,82.60128003.01.1,82.60128003.01.1,Consilier juridic,Consilier juridic,personal contractual,execuție,,sub 10.000,gradul I A,,S,b) Coeficienți de salarizare pentru funcţii de executie,1.5387659437499996,1.5387659437499996,1.538765944,Gradația 0,0
2026-07-17,VIII,VIII CII A 3_local4,26,82.60128003.01.2,82.60128003.01.2,Consilier juridic,Consilier juridic,personal contractual,execuție,,sub 10.000,gradul I,,S,b) Coeficienți de salarizare pentru funcţii de executie,1.4863961784374997,1.4863961784374997,1.486396178,Gradația 0,0
2026-07-17,VIII,VIII CII A 3_local4,27,82.60128003.01.3,82.60128003.01.3,Consilier juridic,Consilier juridic,personal contractual,execuție,,sub 10.000,gradul II,,S,b) Coeficienți de salarizare pentru funcţii de executie,1.351269253125,1.351269253125,1.351269253,Gradația 0,0
2026-07-17,VIII,VIII CII A 3_local4,28,82.60128003.01.4,82.60128003.01.4,Consilier juridic,Consilier juridic,personal contractual,execuție,,sub 10.000,debutant,,S,b) Coeficienți de salarizare pentru funcţii de executie,1.301468175,1.301468175,1.301468175,Gradația 0,0
2026-07-17,VIII,VIII CII A 3_local4,29,82.60128004.09.1,82.60128004.09.1,Tehnician-economist; secretar superior; interpret relaţii; interpret profesional; conductor arhitect; inspector; referent; subinginer; arhivist,Tehnician-economist|secretar superior|interpret relaţii|interpret profesional|conductor arhitect|inspector|referent|subinginer|arhivist,personal contractual,execuție,,sub 10.000,gradul I A,,SSD,b) Coeficienți de salarizare pentru funcţii de executie,1.3044217725000002,1.3044217725000002,1.304421773,Gradația 0,0
2026-07-17,VIII,VIII CII A 3_local4,30,82.60128004.09.2,82.60128004.09.2,Tehnician-economist; secretar superior; interpret relaţii; interpret profesional; conductor arhitect; inspector; referent; subinginer; arhivist,Tehnician-economist|secretar superior|interpret relaţii|interpret profesional|conductor arhitect|inspector|referent|subinginer|arhivist,personal contractual,execuție,,sub 10.000,gradul I,,SSD,b) Coeficienți de salarizare pentru funcţii de executie,1.2600275861249999,1.2600275861249999,1.260027586,Gradația 0,0
2026-07-17,VIII,VIII CII A 3_local4,31,82.60128004.09.3,82.60128004.09.3,Tehnician-economist; secretar superior; interpret relaţii; interpret profesional; conductor arhitect; inspector; referent; subinginer; arhivist,Tehnician-economist|secretar superior|interpret relaţii|interpret profesional|conductor arhitect|inspector|referent|subinginer|arhivist,personal contractual,execuție,,sub 10.000,gradul II,,SSD,b) Coeficienți de salarizare pentru funcţii de executie,1.1901087,1.1901087,1.1901087,Gradația 0,0
2026-07-17,VIII,VIII CII A 3_local4,32,82.60128004.09.4,82.60128004.09.4,Tehnician-economist; secretar superior; interpret relaţii; interpret profesional; conductor arhitect; inspector; referent; subinginer; arhivist,Tehnician-economist|secretar superior|interpret relaţii|interpret profesional|conductor arhitect|inspector|referent|subinginer|arhivist,personal contractual,execuție,,sub 10.000,debutant,,SSD,b) Coeficienți de salarizare pentru funcţii de executie,1.1630607750000002,1.1630607750000002,1.163060775,Gradația 0,0
2026-07-17,VIII,VIII CII A 3_local4,33,82.60128005.04.1,82.60128005.04.1,Referent; inspector; arhivar; referent casier,Referent|inspector|arhivar|referent casier,personal contractual,execuție,,sub 10.000,gradul I A,,M,b) Coeficienți de salarizare pentru funcţii de executie,1.2587670104625,1.2587670104625,1.25876701,Gradația 0,0
2026-07-17,VIII,VIII CII A 3_local4,34,82.60128005.04.2,82.60128005.04.2,Referent; inspector; arhivar; referent casier,Referent|inspector|arhivar|referent casier,personal contractual,execuție,,sub 10.000,gradul I,,M,b) Coeficienți de salarizare pentru funcţii de executie,1.215926620610625,1.215926620610625,1.215926621,Gradația 0,0
2026-07-17,VIII,VIII CII A 3_local4,35,82.60128005.04.3,82.60128005.04.3,Referent; inspector; arhivar; referent casier,Referent|inspector|arhivar|referent casier,personal contractual,execuție,,sub 10.000,gradul II,,M,b) Coeficienți de salarizare pentru funcţii de executie,1.1484548955,1.1484548955,1.148454896,Gradația 0,0
2026-07-17,VIII,VIII CII A 3_local4,36,82.60128005.04.4,82.60128005.04.4,Referent; inspector; arhivar; referent casier,Referent|inspector|arhivar|referent casier,personal contractual,execuție,,sub 10.000,debutant,,M,b) Coeficienți de salarizare pentru funcţii de executie,1.1165383439999998,1.1165383439999998,1.116538344,Gradația 0,0
2026-07-17,VIII,VIII CII A 3_local4,37,82.60128006.01.1,82.60128006.01.1,Agent agricol,Agent agricol,personal contractual,execuție,,sub 10.000,gradul I,,M,b) Coeficienți de salarizare pentru funcţii de executie,1.2163602889338716,1.2163602889338716,1.216360289,Gradația 0,0
2026-07-17,VIII,VIII CII A 3_local4,38,82.60128006.01.2,82.60128006.01.2,Agent agricol,Agent agricol,personal contractual,execuție,,sub 10.000,gradul II,,M;G,b) Coeficienți de salarizare pentru funcţii de executie,1.20555,1.20555,1.20555,Gradația 0,0
2026-07-17,VIII,VIII CII A 3_local4,39,82.60128006.01.3,82.60128006.01.3,Agent agricol,Agent agricol,personal contractual,execuție,,sub 10.000,debutant,,M;G,b) Coeficienți de salarizare pentru funcţii de executie,1.1169365648327996,1.1169365648327996,1.116936565,Gradația 0,0
2026-07-17,VIII,VIII CII A 3_local4,40,82.60128007.03.1,82.60128007.03.1,Stenodactilograf; secretar-dactilograf; dactilograf,Stenodactilograf|secretar-dactilograf|dactilograf,personal contractual,execuție,,sub 10.000,gradul I A,,M,b) Coeficienți de salarizare pentru funcţii de executie,1.2163602889338716,1.2163602889338716,1.216360289,Gradația 0,0
2026-07-17,VIII,VIII CII A 3_local4,41,82.60128007.03.2,82.60128007.03.2,Stenodactilograf; secretar-dactilograf; dactilograf,Stenodactilograf|secretar-dactilograf|dactilograf,personal contractual,execuție,,sub 10.000,gradul I,,M;G,b) Coeficienți de salarizare pentru funcţii de executie,1.20555,1.20555,1.20555,Gradația 0,0
2026-07-17,VIII,VIII CII A 3_local4,42,82.60128007.03.3,82.60128007.03.3,Stenodactilograf; secretar-dactilograf; dactilograf,Stenodactilograf|secretar-dactilograf|dactilograf,personal contractual,execuție,,sub 10.000,debutant,,M;G,b) Coeficienți de salarizare pentru funcţii de executie,1.1169365648327996,1.1169365648327996,1.116936565,Gradația 0,0
2026-07-17,VIII,VIII CII A 3_local4,43,82.60128008.01.1,82.60128008.01.1,Secretar,Secretar,personal contractual,execuție,,sub 10.000,gradul I,,M;G,b) Coeficienți de salarizare pentru funcţii de executie,1.1488644995833497,1.1488644995833497,1.1488645,Gradația 0,0
2026-07-17,VIII,VIII CII A 3_local4,44,82.60128008.01.2,82.60128008.01.2,Secretar,Secretar,personal contractual,execuție,,sub 10.000,debutant,,M;G,b) Coeficienți de salarizare pentru funcţii de executie,1.1169365648327996,1.1169365648327996,1.116936565,Gradația 0,0
2026-07-17,VIII,VIII CII A 3_local4,45,82.60128009.01.1,82.60128009.01.1,Administrator,Administrator,personal contractual,execuție,,sub 10.000,gradul I,,M,b) Coeficienți de salarizare pentru funcţii de executie,1.2163602889338716,1.2163602889338716,1.216360289,Gradația 0,0
2026-07-17,VIII,VIII CII A 3_local4,46,82.60128009.01.2,82.60128009.01.2,Administrator,Administrator,personal contractual,execuție,,sub 10.000,gradul II,,M,b) Coeficienți de salarizare pentru funcţii de executie,1.1488644995833497,1.1488644995833497,1.1488645,Gradația 0,0
2026-07-17,VIII,VIII CII A 3_local4,47,82.60128010.01.1,82.60128010.01.1,Șef depozit,Șef depozit,personal contractual,execuție,,sub 10.000,gradul I,,M,b) Coeficienți de salarizare pentru funcţii de executie,1.2163602889338716,1.2163602889338716,1.216360289,Gradația 0,0
2026-07-17,VIII,VIII CII A 3_local4,48,82.60128010.01.2,82.60128010.01.2,Șef depozit,Șef depozit,personal contractual,execuție,,sub 10.000,gradul II,,M,b) Coeficienți de salarizare pentru funcţii de executie,1.1488644995833497,1.1488644995833497,1.1488645,Gradația 0,0
2026-07-17,VIII,VIII CII A 3_local4,49,82.60128011.02.1,82.60128011.02.1,Casier; magaziner,Casier|magaziner,personal contractual,execuție,,sub 10.000,gradul I,,M;G,b) Coeficienți de salarizare pentru funcţii de executie,1.2163602889338716,1.2163602889338716,1.216360289,Gradația 0,0
2026-07-17,VIII,VIII CII A 3_local4,50,82.60128011.02.2,82.60128011.02.2,Casier; magaziner,Casier|magaziner,personal contractual,execuție,,sub 10.000,debutant,,M;G,b) Coeficienți de salarizare pentru funcţii de executie,1.1258872095916828,1.1258872095916828,1.12588721,Gradația 0,0
2026-07-17,VIII,VIII CII A 3_local4,51,82.60128012.02.1,82.60128012.02.1,Șef formație paza/pompieri,Șef formație paza|pompieri,personal contractual,execuție,,sub 10.000,,,M;G,b) Coeficienți de salarizare pentru funcţii de executie,1.2163602889338716,1.2163602889338716,1.216360289,Gradația 0,0
2026-07-17,VIII,VIII CII A 3_local4,52,82.60128013.07.1,82.60128013.07.1,Portar; paznic; pompier; guard; bufetier; manipulant bunuri; cueier,Portar|paznic|pompier|guard|bufetier|manipulant bunuri|cueier,personal contractual,execuție,,sub 10.000,,,M;G,b) Coeficienți de salarizare pentru funcţii de executie,1.1312150687085005,1.1312150687085005,1.131215069,Gradația 0,0
2026-07-17,VIII,VIII CII A 3_local4,53,82.60128014.02.1,82.60128014.02.1,Bucătar; lenjereasă,Bucătar|lenjereasă,personal contractual,execuție,,sub 10.000,,,M;G,b) Coeficienți de salarizare pentru funcţii de executie,1.1488644995833497,1.1488644995833497,1.1488645,Gradația 0,0
2026-07-17,VIII,VIII CII A 3_local4,54,82.60128015.01.1,82.60128015.01.1,Îngrijitor,Îngrijitor,personal contractual,execuție,,sub 10.000,gradul I,,M;G,b) Coeficienți de salarizare pentru funcţii de executie,1.1488644995833497,1.1488644995833497,1.1488645,Gradația 0,0
2026-07-17,VIII,VIII CII A 3_local4,55,82.60128015.01.2,82.60128015.01.2,Îngrijitor,Îngrijitor,personal contractual,execuție,,sub 10.000,debutant,,M;G,b) Coeficienți de salarizare pentru funcţii de executie,1.1169365648327996,1.1169365648327996,1.116936565,Gradația 0,0
2026-07-17,VIII,VIII CII A 3_local4,56,82.60128016.01.1,82.60128016.01.1,Maistru,Maistru,personal contractual,execuție,,sub 10.000,gradul I,,M;G,b) Coeficienți de salarizare pentru funcţii de executie,1.2163602889338716,1.2163602889338716,1.216360289,Gradația 0,0
2026-07-17,VIII,VIII CII A 3_local4,57,82.60128016.01.2,82.60128016.01.2,Maistru,Maistru,personal contractual,execuție,,sub 10.000,gradul II,,M;G,b) Coeficienți de salarizare pentru funcţii de executie,1.1488644995833497,1.1488644995833497,1.1488645,Gradația 0,0
2026-07-17,VIII,VIII CII A 3_local4,58,82.60128017.01.1,82.60128017.01.1,Șofer,Șofer,personal contractual,execuție,,sub 10.000,gradul I,,M;G,b) Coeficienți de salarizare pentru funcţii de executie,1.2163602889338716,1.2163602889338716,1.216360289,Gradația 0,0
2026-07-17,VIII,VIII CII A 3_local4,59,82.60128017.01.2,82.60128017.01.2,Șofer,Șofer,personal contractual,execuție,,sub 10.000,gradul II,,M;G,b) Coeficienți de salarizare pentru funcţii de executie,1.1488644995833497,1.1488644995833497,1.1488645,Gradația 0,0
2026-07-17,VIII,VIII CII A 3_local4,60,82.60128018.01.1,82.60128018.01.1,Muncitor calificat,Muncitor calificat,personal contractual,execuție,,sub 10.000,gradul I,,M;G,b) Coeficienți de salarizare pentru funcţii de executie,1.2163602889338716,1.2163602889338716,1.216360289,Gradația 0,0
2026-07-17,VIII,VIII CII A 3_local4,61,82.60128018.01.2,82.60128018.01.2,Muncitor calificat,Muncitor calificat,personal contractual,execuție,,sub 10.000,gradul II,,M;G,b) Coeficienți de salarizare pentru funcţii de executie,1.1488644995833497,1.1488644995833497,1.1488645,Gradația 0,0
2026-07-17,VIII,VIII CII A 3_local4,62,82.60128018.01.3,82.60128018.01.3,Muncitor calificat,Muncitor calificat,personal contractual,execuție,,sub 10.000,gradul III,,M;G,b) Coeficienți de salarizare pentru funcţii de executie,1.1367889999999998,1.1367889999999998,1.136789,Gradația 0,0
2026-07-17,VIII,VIII CII A 3_local4,63,82.60128018.01.4,82.60128018.01.4,Muncitor calificat,Muncitor calificat,personal contractual,execuție,,sub 10.000,gradul IV,,M;G,b) Coeficienți de salarizare pentru funcţii de executie,1.0945978335361435,1.0945978335361435,1.094597834,Gradația 0,0
2026-07-17,VIII,VIII CII A 3_local4,64,82.60128019.01.1,82.60128019.01.1,Muncitor necalificat,Muncitor necalificat,personal contractual,execuție,,sub 10.000,gradul I,,M;G,b) Coeficienți de salarizare pentru funcţii de executie,1.1169365648327996,1.1169365648327996,1.116936565,Gradația 0,0
2026-07-17,VIII,VIII CII A 3_local4,65,82.60128019.01.2,82.60128019.01.2,Muncitor necalificat,Muncitor necalificat,personal contractual,execuție,,sub 10.000,gradul II,,M;G,b) Coeficienți de salarizare pentru funcţii de executie,1,1,1,Gradația 0,0
2026-07-17,VIII,VIII CII A 3_local4,67,82.60129001.01.1,82.60129001.01.1,Salvator montan,Salvator montan,personal contractual,execuție,,sub 10.000,gradul I,,M;G,c) Funcţii utilizate în cadrul serviciilor publice de salvamont din subordinea consiliilor judeţene şi locale,1.351269253125,1.351269253125,1.351269253,Gradația 0,0
2026-07-17,VIII,VIII CII A 3_local4,68,82.60129001.01.2,82.60129001.01.2,Salvator montan,Salvator montan,personal contractual,execuție,,sub 10.000,gradul II,,M;G,c) Funcţii utilizate în cadrul serviciilor publice de salvamont din subordinea consiliilor judeţene şi locale,1.301468175,1.301468175,1.301468175,Gradația 0,0
2026-07-17,VIII,VIII CII A 3_local4,69,82.60129001.01.3,82.60129001.01.3,Salvator montan,Salvator montan,personal contractual,execuție,,sub 10.000,gradul III,,M;G,c) Funcţii utilizate în cadrul serviciilor publice de salvamont din subordinea consiliilor judeţene şi locale,1.25,1.25,1.25,Gradația 0,0
2026-07-17,VIII,VIII CII A 3_local4,71,82.60130001.01.1,82.60130001.01.1,Şef serviciu voluntar pentru situaţii de urgenţă,Şef serviciu voluntar pentru situaţii de urgenţă,personal contractual,execuție,,sub 10.000,,,M;G,d) Funcţii utilizate în cadrul serviciilor voluntare pentru situaţii de urgenţă din subordinea consiliilor locale,1.355591661971831,1.355591661971831,1.355591662,Gradația 0,0
2026-07-17,VIII,VIII CII A 3_local4,72,82.60130002.01.1,82.60130002.01.1,Şef compartiment pentru prevenire,Şef compartiment pentru prevenire,personal contractual,execuție,,sub 10.000,,,M;G,d) Funcţii utilizate în cadrul serviciilor voluntare pentru situaţii de urgenţă din subordinea consiliilor locale,1.2878120788732392,1.2878120788732392,1.287812079,Gradația 0,0
2026-07-17,VIII,VIII CII A 3_local4,73,82.60130003.02.1,82.60130003.02.1,Şef formaţie intervenţie; salvare şi prim ajutor,Şef formaţie intervenţie|salvare şi prim ajutor,personal contractual,execuție,,sub 10.000,,,M;G,d) Funcţii utilizate în cadrul serviciilor voluntare pentru situaţii de urgenţă din subordinea consiliilor locale,1.2878120788732392,1.2878120788732392,1.287812079,Gradația 0,0
2026-07-17,VIII,VIII CII A 3_local4,74,82.60130004.01.1,82.60130004.01.1,Specialist pentru prevenire,Specialist pentru prevenire,personal contractual,execuție,,sub 10.000,,,M;G,d) Funcţii utilizate în cadrul serviciilor voluntare pentru situaţii de urgenţă din subordinea consiliilor locale,1.2163602889338716,1.2163602889338716,1.216360289,Gradația 0,0
2026-07-17,VIII,VIII CII A 3_local4,75,82.60130005.01.1,82.60130005.01.1,Servant pompier,Servant pompier,personal contractual,execuție,,sub 10.000,,,M;G,d) Funcţii utilizate în cadrul serviciilor voluntare pentru situaţii de urgenţă din subordinea consiliilor locale,1.1367889999999998,1.1367889999999998,1.136789,Gradația 0,0
2026-07-17,VIII,VIII CII A 3_local4,76,82.60130006.01.1,82.60130006.01.1,Şef grupă intervenţie,Şef grupă intervenţie,personal contractual,execuție,,sub 10.000,,,M;G,d) Funcţii utilizate în cadrul serviciilor voluntare pentru situaţii de urgenţă din subordinea consiliilor locale,1.2234214749295773,1.2234214749295773,1.223421475,Gradația 0,0
2026-07-17,VIII,VIII CII A 3_local4,77,82.60130007.01.1,82.60130007.01.1,Şef echipă specializată,Şef echipă specializată,personal contractual,execuție,,sub 10.000,,,M;G,d) Funcţii utilizate în cadrul serviciilor voluntare pentru situaţii de urgenţă din subordinea consiliilor locale,1.2234214749295773,1.2234214749295773,1.223421475,Gradația 0,0
2026-07-17,VIII,VIII CII A 3_local4,78,82.60130008.01.1,82.60130008.01.1,Mecanic utilaj,Mecanic utilaj,personal contractual,execuție,,sub 10.000,,,M;G,d) Funcţii utilizate în cadrul serviciilor voluntare pentru situaţii de urgenţă din subordinea consiliilor locale,1.2163602889338716,1.2163602889338716,1.216360289,Gradația 0,0
2026-07-17,VIII,VIII CII A 3_local4,79,82.60130009.01.1,82.60130009.01.1,Conducător autospecială,Conducător autospecială,personal contractual,execuție,,sub 10.000,,,M;G,d) Funcţii utilizate în cadrul serviciilor voluntare pentru situaţii de urgenţă din subordinea consiliilor locale,1.2163602889338716,1.2163602889338716,1.216360289,Gradația 0,0
2026-07-17,VIII,VIII CII B,9,82.40201001.01.2,82.40201001.01.2,Director general,Director general,personal contractual,conducere,,,,,,a) Funcții de conducere,2.9795040000000004,3.31056,2.979504|3.31056,Grad I|Grad II,0
2026-07-17,VIII,VIII CII B,10,82.40201002.01.2,82.40201002.01.2,Director general adjunct,Director general adjunct,personal contractual,conducere,,,,,,a) Funcții de conducere,2.6815536,2.979504,2.6815536|2.979504,Grad I|Grad II,0
2026-07-17,VIII,VIII CII B,11,82.40201003.01.2,82.40201003.01.2,Director,Director,personal contractual,conducere,,,,,,a) Funcții de conducere,2.6815536,2.979504,2.6815536|2.979504,Grad I|Grad II,0
2026-07-17,VIII,VIII CII B,12,82.40201004.05.2,82.40201004.05.2,Director adjunct; contabil șef; inginer șef; redactor șef; inspector șef,Director adjunct|contabil șef|inginer șef|redactor șef|inspector șef,personal contractual,conducere,,,,,,a) Funcții de conducere,2.4437952,2.7153279999999995,2.4437952|2.715328,Grad I|Grad II,0
2026-07-17,VIII,VIII CII B,13,82.40201005.07.2,82.40201005.07.2,Şef serviciu; șef secție; șef filială; șef corp control comercial I; redactor șef adjunct; președinte federație; șef centru,Şef serviciu|șef secție|șef filială|șef corp control comercial I|redactor șef adjunct|președinte federație|șef centru,personal contractual,conducere,,,,,,a) Funcții de conducere,2.3680800000000004,2.6312,2.36808|2.6312,Grad I|Grad II,0
2026-07-17,VIII,VIII CII B,14,82.40201006.10.2,82.40201006.10.2,Şef birou; şef atelier; șef stație; șef sector; şef oficiu; șef laborator; șef fermă; șef bază experimentală; șef corp control comercial II; secretar general federație,Şef birou|şef atelier|șef stație|șef sector|şef oficiu|șef laborator|șef fermă|șef bază experimentală|șef corp control comercial II|secretar general federație,personal contractual,conducere,,,,,,a) Funcții de conducere,2.23176676056338,2.4797408450704226,2.231766761|2.479740845,Grad I|Grad II,0
2026-07-17,VIII,VIII CII B,15,82.40201007.01.2,82.40201007.01.2,Președinte club,Președinte club,personal contractual,conducere,,,,,,a) Funcții de conducere,2.1201784225352114,2.3557538028169014,2.120178423|2.355753803,Grad I|Grad II,0
2026-07-17,VIII,VIII CII B,16,82.40201008.03.2,82.40201008.03.2,Vicepreședinte club; șef complex sportiv; șef bază sportivă/secție sportivă,Vicepreședinte club|șef complex sportiv|șef bază sportivă|secție sportivă,personal contractual,conducere,,,,,,a) Funcții de conducere,2.0141695014084506,2.237966112676056,2.014169501|2.237966113,Grad I|Grad II,0
2026-07-17,VIII,VIII CII B,18,82.40202001.01.1,82.40202001.01.1,Auditor,Auditor,personal contractual,execuție,,,gradul I,,,b) Funcții de execuție,1.8897125625000004,1.8897125625000004,1.889712563,Gradația 0,0
2026-07-17,VIII,VIII CII B,19,82.40202001.01.2,82.40202001.01.2,Auditor,Auditor,personal contractual,execuție,,,gradul II,,,b) Funcții de execuție,1.8253988156249998,1.8253988156249998,1.825398816,Gradația 0,0
2026-07-17,VIII,VIII CII B,20,82.40202002.04.1,82.40202002.04.1,Consilier; expert; referent de specialitate; inspector de specialitate;,Consilier|expert|referent de specialitate|inspector de specialitate,personal contractual,execuție,,,gradul I,,,b) Funcții de execuție,1.7997262499999997,1.7997262499999997,1.79972625,Gradația 0,0
2026-07-17,VIII,VIII CII B,21,82.40202002.04.2,82.40202002.04.2,Consilier; expert; referent de specialitate; inspector de specialitate;,Consilier|expert|referent de specialitate|inspector de specialitate,personal contractual,execuție,,,gradul II,,,b) Funcții de execuție,1.7384750624999998,1.7384750624999998,1.738475062,Gradația 0,0
2026-07-17,VIII,VIII CII B,22,82.40202002.04.3,82.40202002.04.3,Consilier; expert; referent de specialitate; inspector de specialitate;,Consilier|expert|referent de specialitate|inspector de specialitate,personal contractual,execuție,,,gradul III,,,b) Funcții de execuție,1.580431875,1.580431875,1.580431875,Gradația 0,0
2026-07-17,VIII,VIII CII B,23,82.40202002.04.4,82.40202002.04.4,Consilier; expert; referent de specialitate; inspector de specialitate;,Consilier|expert|referent de specialitate|inspector de specialitate,personal contractual,execuție,,,debutant,,,b) Funcții de execuție,1.522185,1.522185,1.522185,Gradația 0,0
2026-07-17,VIII,VIII CII B,24,82.40202003.02.1,82.40202003.02.1,Inginer; economist; specialist,Inginer|economist|specialist,personal contractual,execuție,,,gradul I A,,,b) Funcții de execuție,1.7997262499999997,1.7997262499999997,1.79972625,Gradația 0,0
2026-07-17,VIII,VIII CII B,25,82.40202003.02.2,82.40202003.02.2,Inginer; economist; specialist,Inginer|economist|specialist,personal contractual,execuție,,,gradul I,,,b) Funcții de execuție,1.7384750624999998,1.7384750624999998,1.738475062,Gradația 0,0
2026-07-17,VIII,VIII CII B,26,82.40202003.02.3,82.40202003.02.3,Inginer; economist; specialist,Inginer|economist|specialist,personal contractual,execuție,,,gradul II,,,b) Funcții de execuție,1.580431875,1.580431875,1.580431875,Gradația 0,0
2026-07-17,VIII,VIII CII B,27,82.40202003.02.4,82.40202003.02.4,Inginer; economist; specialist,Inginer|economist|specialist,personal contractual,execuție,,,debutant,,,b) Funcții de execuție,1.522185,1.522185,1.522185,Gradația 0,0
2026-07-17,VIII,VIII CII B,28,82.40202004.05.1,82.40202004.05.1,Referent; subinginer; conductor arhitect; arhivist; tehnician-economist;,Referent|subinginer|conductor arhitect|arhivist|tehnician-economist,personal contractual,execuție,,,gradul I,,,b) Funcții de execuție,1.5256395000000003,1.5256395000000003,1.5256395,Gradația 0,0
2026-07-17,VIII,VIII CII B,29,82.40202004.05.2,82.40202004.05.2,Referent; subinginer; conductor arhitect; arhivist; tehnician-economist;,Referent|subinginer|conductor arhitect|arhivist|tehnician-economist,personal contractual,execuție,,,gradul II,,,b) Funcții de execuție,1.473716475,1.473716475,1.473716475,Gradația 0,0
2026-07-17,VIII,VIII CII B,30,82.40202004.05.3,82.40202004.05.3,Referent; subinginer; conductor arhitect; arhivist; tehnician-economist;,Referent|subinginer|conductor arhitect|arhivist|tehnician-economist,personal contractual,execuție,,,gradul III,,,b) Funcții de execuție,1.39194,1.39194,1.39194,Gradația 0,0
2026-07-17,VIII,VIII CII B,31,82.40202004.05.4,82.40202004.05.4,Referent; subinginer; conductor arhitect; arhivist; tehnician-economist;,Referent|subinginer|conductor arhitect|arhivist|tehnician-economist,personal contractual,execuție,,,debutant,,,b) Funcții de execuție,1.360305,1.360305,1.360305,Gradația 0,0
2026-07-17,VIII,VIII CII B,32,82.40202005.01.1,82.40202005.01.1,Consilier juridic,Consilier juridic,personal contractual,execuție,,,gradul I A,,,b) Funcții de execuție,1.7997262499999997,1.7997262499999997,1.79972625,Gradația 0,0
2026-07-17,VIII,VIII CII B,33,82.40202005.01.2,82.40202005.01.2,Consilier juridic,Consilier juridic,personal contractual,execuție,,,gradul I,,,b) Funcții de execuție,1.7384750624999998,1.7384750624999998,1.738475062,Gradația 0,0
2026-07-17,VIII,VIII CII B,34,82.40202005.01.3,82.40202005.01.3,Consilier juridic,Consilier juridic,personal contractual,execuție,,,gradul II,,,b) Funcții de execuție,1.580431875,1.580431875,1.580431875,Gradația 0,0
2026-07-17,VIII,VIII CII B,35,82.40202005.01.4,82.40202005.01.4,Consilier juridic,Consilier juridic,personal contractual,execuție,,,debutant,,,b) Funcții de execuție,1.522185,1.522185,1.522185,Gradația 0,0
2026-07-17,VIII,VIII CII B,36,82.40202006.04.1,82.40202006.04.1,Tehnician; merceolog; contabil; referent;,Tehnician|merceolog|contabil|referent,personal contractual,execuție,,,gradul I A,,,b) Funcții de execuție,1.4722421175,1.4722421175,1.472242118,Gradația 0,0
2026-07-17,VIII,VIII CII B,37,82.40202006.04.2,82.40202006.04.2,Tehnician; merceolog; contabil; referent;,Tehnician|merceolog|contabil|referent,personal contractual,execuție,,,gradul I,,,b) Funcții de execuție,1.422136398375,1.422136398375,1.422136398,Gradația 0,0
2026-07-17,VIII,VIII CII B,38,82.40202006.04.3,82.40202006.04.3,Tehnician; merceolog; contabil; referent;,Tehnician|merceolog|contabil|referent,personal contractual,execuție,,,gradul II,,,b) Funcții de execuție,1.3432221,1.3432221,1.3432221,Gradația 0,0
2026-07-17,VIII,VIII CII B,39,82.40202006.04.4,82.40202006.04.4,Tehnician; merceolog; contabil; referent;,Tehnician|merceolog|contabil|referent,personal contractual,execuție,,,debutant,,,b) Funcții de execuție,1.3058927999999999,1.3058927999999999,1.3058928,Gradația 0,0
2026-07-17,VIII,VIII CII B,41,82.40203001.01.1,82.40203001.01.1,Expert-consultant,Expert-consultant,personal contractual,execuție,,,gradul I A,,,2. Unităţi de perfecţionare a personalului cu pregătire superioară,1.7997262499999997,1.7997262499999997,1.79972625,Gradația 0,0
2026-07-17,VIII,VIII CII B,42,82.40203001.01.2,82.40203001.01.2,Expert-consultant,Expert-consultant,personal contractual,execuție,,,gradul I,,,2. Unităţi de perfecţionare a personalului cu pregătire superioară,1.7384750624999998,1.7384750624999998,1.738475062,Gradația 0,0
2026-07-17,VIII,VIII CII B,43,82.40203001.01.3,82.40203001.01.3,Expert-consultant,Expert-consultant,personal contractual,execuție,,,gradul II,,,2. Unităţi de perfecţionare a personalului cu pregătire superioară,1.580431875,1.580431875,1.580431875,Gradația 0,0
2026-07-17,VIII,VIII CII B,45,82.40204001.01.1,82.40204001.01.1,Expert,Expert,personal contractual,execuție,,,gradul I,,,3. Unităţi de perfecţionare a personalului cu pregătire medie şi centre de calificare şi recalificare,1.7997262499999997,1.7997262499999997,1.79972625,Gradația 0,0
2026-07-17,VIII,VIII CII B,46,82.40204001.01.2,82.40204001.01.2,Expert,Expert,personal contractual,execuție,,,gradul II,,,3. Unităţi de perfecţionare a personalului cu pregătire medie şi centre de calificare şi recalificare,1.7384750624999998,1.7384750624999998,1.738475062,Gradația 0,0
2026-07-17,VIII,VIII CII B,47,82.40204001.01.3,82.40204001.01.3,Expert,Expert,personal contractual,execuție,,,debutant,,,3. Unităţi de perfecţionare a personalului cu pregătire medie şi centre de calificare şi recalificare,1.580431875,1.580431875,1.580431875,Gradația 0,0
2026-07-17,VIII,VIII CII B,48,82.40205002.01.1,82.40205002.01.1,Instructor,Instructor,personal contractual,execuție,,,treaptă I,,,3. Unităţi de perfecţionare a personalului cu pregătire medie şi centre de calificare şi recalificare,1.4722421175,1.4722421175,1.472242118,Gradația 0,0
2026-07-17,VIII,VIII CII B,49,82.40205002.01.2,82.40205002.01.2,Instructor,Instructor,personal contractual,execuție,,,treaptă II,,,3. Unităţi de perfecţionare a personalului cu pregătire medie şi centre de calificare şi recalificare,1.422136398375,1.422136398375,1.422136398,Gradația 0,0
2026-07-17,VIII,VIII CII B,50,82.40205002.01.3,82.40205002.01.3,Instructor,Instructor,personal contractual,execuție,,,treaptă III,,,3. Unităţi de perfecţionare a personalului cu pregătire medie şi centre de calificare şi recalificare,1.3432221,1.3432221,1.3432221,Gradația 0,0
2026-07-17,VIII,VIII CII B,51,82.40205002.01.4,82.40205002.01.4,Instructor,Instructor,personal contractual,execuție,,,debutant,,,3. Unităţi de perfecţionare a personalului cu pregătire medie şi centre de calificare şi recalificare,1.3058927999999999,1.3058927999999999,1.3058928,Gradația 0,0
2026-07-17,VIII,VIII CII B,53,82.40206001.01.1,82.40206001.01.1,Proiectant,Proiectant,personal contractual,execuție,,,gradul I,,,3. Unităţi de perfecţionare a personalului cu pregătire medie şi centre de calificare şi recalificare,1.7997262499999997,1.7997262499999997,1.79972625,Gradația 0,0
2026-07-17,VIII,VIII CII B,54,82.40206001.01.2,82.40206001.01.2,Proiectant,Proiectant,personal contractual,execuție,,,gradul II,,,3. Unităţi de perfecţionare a personalului cu pregătire medie şi centre de calificare şi recalificare,1.7384750624999998,1.7384750624999998,1.738475062,Gradația 0,0
2026-07-17,VIII,VIII CII B,55,82.40206001.01.3,82.40206001.01.3,Proiectant,Proiectant,personal contractual,execuție,,,gradul III,,,3. Unităţi de perfecţionare a personalului cu pregătire medie şi centre de calificare şi recalificare,1.580431875,1.580431875,1.580431875,Gradația 0,0
2026-07-17,VIII,VIII CII B,56,82.40206001.01.4,82.40206001.01.4,Proiectant,Proiectant,personal contractual,execuție,,,debutant,,,3. Unităţi de perfecţionare a personalului cu pregătire medie şi centre de calificare şi recalificare,1.522185,1.522185,1.522185,Gradația 0,0
2026-07-17,VIII,VIII CII B,57,82.40206002.01.1,82.40206002.01.1,Subinginer cartograf,Subinginer cartograf,personal contractual,execuție,,,gradul I,,,3. Unităţi de perfecţionare a personalului cu pregătire medie şi centre de calificare şi recalificare,1.5256395000000003,1.5256395000000003,1.5256395,Gradația 0,0
2026-07-17,VIII,VIII CII B,58,82.40206002.01.2,82.40206002.01.2,Subinginer cartograf,Subinginer cartograf,personal contractual,execuție,,,gradul II,,,3. Unităţi de perfecţionare a personalului cu pregătire medie şi centre de calificare şi recalificare,1.473716475,1.473716475,1.473716475,Gradația 0,0
2026-07-17,VIII,VIII CII B,59,82.40206002.01.3,82.40206002.01.3,Subinginer cartograf,Subinginer cartograf,personal contractual,execuție,,,gradul III,,,3. Unităţi de perfecţionare a personalului cu pregătire medie şi centre de calificare şi recalificare,1.39194,1.39194,1.39194,Gradația 0,0
2026-07-17,VIII,VIII CII B,60,82.40206002.01.4,82.40206002.01.4,Subinginer cartograf,Subinginer cartograf,personal contractual,execuție,,,debutant,,,3. Unităţi de perfecţionare a personalului cu pregătire medie şi centre de calificare şi recalificare,1.360305,1.360305,1.360305,Gradația 0,0
2026-07-17,VIII,VIII CII B,61,82.40207003.01.1,82.40207003.01.1,Tehnician proiectant,Tehnician proiectant,personal contractual,execuție,,,treaptă I,,,3. Unităţi de perfecţionare a personalului cu pregătire medie şi centre de calificare şi recalificare,1.39194,1.39194,1.39194,Gradația 0,0
2026-07-17,VIII,VIII CII B,62,82.40207003.01.2,82.40207003.01.2,Tehnician proiectant,Tehnician proiectant,personal contractual,execuție,,,treaptă II *),,,3. Unităţi de perfecţionare a personalului cu pregătire medie şi centre de calificare şi recalificare,1.3567010126582277,1.3567010126582277,1.356701013,Gradația 0,0
2026-07-17,VIII,VIII CII B,63,82.40207003.01.3,82.40207003.01.3,Tehnician proiectant,Tehnician proiectant,personal contractual,execuție,,,treaptă III *),,,3. Unităţi de perfecţionare a personalului cu pregătire medie şi centre de calificare şi recalificare,1.3214620253164555,1.3214620253164555,1.321462025,Gradația 0,0
2026-07-17,VIII,VIII CII B,64,82.40207003.01.4,82.40207003.01.4,Tehnician proiectant,Tehnician proiectant,personal contractual,execuție,,,debutant *),,,3. Unităţi de perfecţionare a personalului cu pregătire medie şi centre de calificare şi recalificare,1.2721274430379745,1.2721274430379745,1.272127443,Gradația 0,0
2026-07-17,VIII,VIII CII B,66,82.40208001.03.1,82.40208001.03.1,Analist; programator; inginer de sistem;,Analist|programator|inginer de sistem,personal contractual,execuție,,,gradul I A,,,5. Unităţi de informatică,1.7997262499999997,1.7997262499999997,1.79972625,Gradația 0,0
2026-07-17,VIII,VIII CII B,67,82.40208001.03.2,82.40208001.03.2,Analist; programator; inginer de sistem;,Analist|programator|inginer de sistem,personal contractual,execuție,,,gradul I,,,5. Unităţi de informatică,1.7384750624999998,1.7384750624999998,1.738475062,Gradația 0,0
2026-07-17,VIII,VIII CII B,68,82.40208001.03.3,82.40208001.03.3,Analist; programator; inginer de sistem;,Analist|programator|inginer de sistem,personal contractual,execuție,,,gradul II,,,5. Unităţi de informatică,1.580431875,1.580431875,1.580431875,Gradația 0,0
2026-07-17,VIII,VIII CII B,69,82.40208001.03.4,82.40208001.03.4,Analist; programator; inginer de sistem;,Analist|programator|inginer de sistem,personal contractual,execuție,,,debutant,,,5. Unităţi de informatică,1.522185,1.522185,1.522185,Gradația 0,0
2026-07-17,VIII,VIII CII B,70,82.40208002.02.1,82.40208002.02.1,Informatician; conductor tehnic,Informatician|conductor tehnic,personal contractual,execuție,,,gradul I,,,5. Unităţi de informatică,1.5256395000000003,1.5256395000000003,1.5256395,Gradația 0,0
2026-07-17,VIII,VIII CII B,71,82.40208002.02.2,82.40208002.02.2,Informatician; conductor tehnic,Informatician|conductor tehnic,personal contractual,execuție,,,gradul II,,,5. Unităţi de informatică,1.473716475,1.473716475,1.473716475,Gradația 0,0
2026-07-17,VIII,VIII CII B,72,82.40208002.02.3,82.40208002.02.3,Informatician; conductor tehnic,Informatician|conductor tehnic,personal contractual,execuție,,,gradul III,,,5. Unităţi de informatică,1.39194,1.39194,1.39194,Gradația 0,0
2026-07-17,VIII,VIII CII B,73,82.40208002.02.4,82.40208002.02.4,Informatician; conductor tehnic,Informatician|conductor tehnic,personal contractual,execuție,,,debutant,,,5. Unităţi de informatică,1.360305,1.360305,1.360305,Gradația 0,0
2026-07-17,VIII,VIII CII B,74,82.40208003.01.1,82.40208003.01.1,Analist (programator) ajutor,Analist ajutor,personal contractual,execuție,,,treaptă I A,,,5. Unităţi de informatică,1.39194,1.39194,1.39194,Gradația 0,0
2026-07-17,VIII,VIII CII B,75,82.40208003.01.2,82.40208003.01.2,Analist (programator) ajutor,Analist ajutor,personal contractual,execuție,,,treaptă I,,,5. Unităţi de informatică,1.3567010126582277,1.3567010126582277,1.356701013,Gradația 0,0
2026-07-17,VIII,VIII CII B,76,82.40208003.01.3,82.40208003.01.3,Analist (programator) ajutor,Analist ajutor,personal contractual,execuție,,,treaptă II,,,5. Unităţi de informatică,1.3214620253164555,1.3214620253164555,1.321462025,Gradația 0,0
2026-07-17,VIII,VIII CII B,77,82.40208003.01.4,82.40208003.01.4,Analist (programator) ajutor,Analist ajutor,personal contractual,execuție,,,debutant,,,5. Unităţi de informatică,1.2721274430379745,1.2721274430379745,1.272127443,Gradația 0,0
2026-07-17,VIII,VIII CII B,78,82.40208004.02.1,82.40208004.02.1,Operator; controlor date;,Operator|controlor date,personal contractual,execuție,,,treaptă I,,,5. Unităţi de informatică,1.3544627481,1.3544627481,1.354462748,Gradația 0,0
2026-07-17,VIII,VIII CII B,79,82.40208004.02.2,82.40208004.02.2,Operator; controlor date;,Operator|controlor date,personal contractual,execuție,,,treaptă II,,,5. Unităţi de informatică,1.36525094244,1.36525094244,1.365250942,Gradația 0,0
2026-07-17,VIII,VIII CII B,80,82.40208004.02.3,82.40208004.02.3,Operator; controlor date;,Operator|controlor date,personal contractual,execuție,,,treaptă III,,,5. Unităţi de informatică,1.3029254369999999,1.3029254369999999,1.302925437,Gradația 0,0
2026-07-17,VIII,VIII CII B,81,82.40208004.02.4,82.40208004.02.4,Operator; controlor date;,Operator|controlor date,personal contractual,execuție,,,debutant,,,5. Unităţi de informatică,1.3058927999999999,1.3058927999999999,1.3058928,Gradația 0,0
2026-07-17,VIII,VIII CII C,10,82.40301001.01.2,82.40301001.01.2,Şef formaţie muncitori,Şef formaţie muncitori,personal contractual,conducere,,,,,M,a) Funcții de conducere,1.4980437242659264,1.6644930269621403,1.498043724|1.664493027,Grad I|Grad II,0
2026-07-17,VIII,VIII CII C,12,82.40302001.03.1,82.40302001.03.1,Stenodactilograf; secretar-dactilograf; dactilograf;,Stenodactilograf|secretar-dactilograf|dactilograf,personal contractual,execuție,,,treaptă IA,,M,b) Funcții de execuție,1.2803792515093386,1.2803792515093386,1.280379252,Gradația 0,0
2026-07-17,VIII,VIII CII C,13,82.40302001.03.2,82.40302001.03.2,Stenodactilograf; secretar-dactilograf; dactilograf;,Stenodactilograf|secretar-dactilograf|dactilograf,personal contractual,execuție,,,treaptă I,,M; G,b) Funcții de execuție,1.2093310521929996,1.2093310521929996,1.209331052,Gradația 0,0
2026-07-17,VIII,VIII CII C,14,82.40302001.03.3,82.40302001.03.3,Stenodactilograf; secretar-dactilograf; dactilograf;,Stenodactilograf|secretar-dactilograf|dactilograf,personal contractual,execuție,,,debutant,,M; G,b) Funcții de execuție,1.1966199999999998,1.1966199999999998,1.19662,Gradația 0,0
2026-07-17,VIII,VIII CII C,15,82.40302002.01.1,82.40302002.01.1,Secretar,Secretar,personal contractual,execuție,,,treaptă I,,M; G,b) Funcții de execuție,1.2093310521929996,1.2093310521929996,1.209331052,Gradația 0,0
2026-07-17,VIII,VIII CII C,16,82.40302002.01.2,82.40302002.01.2,Secretar,Secretar,personal contractual,execuție,,,debutant,,M; G,b) Funcții de execuție,1.1966199999999998,1.1966199999999998,1.19662,Gradația 0,0
2026-07-17,VIII,VIII CII C,17,82.40302003.01.1,82.40302003.01.1,Administrator,Administrator,personal contractual,execuție,,,treaptă I,,M,b) Funcții de execuție,1.2803792515093386,1.2803792515093386,1.280379252,Gradația 0,0
2026-07-17,VIII,VIII CII C,18,82.40302003.01.2,82.40302003.01.2,Administrator,Administrator,personal contractual,execuție,,,treaptă II,,M,b) Funcții de execuție,1.2093310521929996,1.2093310521929996,1.209331052,Gradația 0,0
2026-07-17,VIII,VIII CII C,19,82.40302004.01.1,82.40302004.01.1,Şef depozit,Şef depozit,personal contractual,execuție,,,treaptă I,,M,b) Funcții de execuție,1.2803792515093386,1.2803792515093386,1.280379252,Gradația 0,0
2026-07-17,VIII,VIII CII C,20,82.40302004.01.2,82.40302004.01.2,Şef depozit,Şef depozit,personal contractual,execuție,,,treaptă II,,M,b) Funcții de execuție,1.2093310521929996,1.2093310521929996,1.209331052,Gradația 0,0
2026-07-17,VIII,VIII CII C,21,82.40302005.04.1,82.40302005.04.1,Casier; magaziner; funcţionar; arhivar,Casier|magaziner|funcţionar|arhivar,personal contractual,execuție,,,treaptă I,,M; G,b) Funcții de execuție,1.2093310521929996,1.2093310521929996,1.209331052,Gradația 0,0
2026-07-17,VIII,VIII CII C,22,82.40302005.04.2,82.40302005.04.2,Casier; magaziner; funcţionar; arhivar,Casier|magaziner|funcţionar|arhivar,personal contractual,execuție,,,debutant,,M; G,b) Funcții de execuție,1.1966199999999998,1.1966199999999998,1.19662,Gradația 0,0
2026-07-17,VIII,VIII CII C,23,82.40302006.02.1,82.40302006.02.1,Şef formaţie pază/ pompieri,Şef formaţie pază|pompieri,personal contractual,execuție,,,,,M; G,b) Funcții de execuție,1.4492707605633801,1.4492707605633801,1.449270761,Gradația 0,0
2026-07-17,VIII,VIII CII C,24,82.40302007.07.1,82.40302007.07.1,Portar; paznic; pompier; guard; bufetier; manipulant bunuri; curier,Portar|paznic|pompier|guard|bufetier|manipulant bunuri|curier,personal contractual,execuție,,,,,M; G,b) Funcții de execuție,1.190752703903685,1.190752703903685,1.190752704,Gradația 0,0
2026-07-17,VIII,VIII CII C,25,,,Bucătar calificat,Bucătar calificat,personal contractual,execuție,,,,,M; G,b) Funcții de execuție,1.2803792515093386,1.2803792515093386,1.280379252,Gradația 0,0
2026-07-17,VIII,VIII CII C,26,82.40302008.02.1,82.40302008.02.1,"Bucătar, lenjereasă","Bucătar, lenjereasă",personal contractual,execuție,,,,,M; G,b) Funcții de execuție,1.1522082458275196,1.1522082458275196,1.152208246,Gradația 0,0
2026-07-17,VIII,VIII CII C,27,82.40302009.01.1,82.40302009.01.1,Îngrijitor,Îngrijitor,personal contractual,execuție,,,treaptă I,,M/G,b) Funcții de execuție,1.1522082458275196,1.1522082458275196,1.152208246,Gradația 0,0
2026-07-17,VIII,VIII CII C,28,82.40302009.01.2,82.40302009.01.2,Îngrijitor,Îngrijitor,personal contractual,execuție,,,debutant,,M/G,b) Funcții de execuție,1.0485095037030427,1.0485095037030427,1.048509504,Gradația 0,0
2026-07-17,VIII,VIII CII C,29,82.40302010.01.1,82.40302010.01.1,Maistru,Maistru,personal contractual,execuție,,,treaptă I,,M; G,b) Funcții de execuție,1.3333290997183098,1.3333290997183098,1.3333291,Gradația 0,0
2026-07-17,VIII,VIII CII C,30,82.40302010.01.2,82.40302010.01.2,Maistru,Maistru,personal contractual,execuție,,,treaptă II,,M; G,b) Funcții de execuție,1.2266627717408451,1.2266627717408451,1.226662772,Gradația 0,0
2026-07-17,VIII,VIII CII C,31,82.40302011.01.1,82.40302011.01.1,Şofer,Şofer,personal contractual,execuție,,,treaptă I,,M; G,b) Funcții de execuție,1.2803792515093386,1.2803792515093386,1.280379252,Gradația 0,0
2026-07-17,VIII,VIII CII C,32,82.40302011.01.2,82.40302011.01.2,Şofer,Şofer,personal contractual,execuție,,,treaptă II,,M; G,b) Funcții de execuție,1.2093310521929996,1.2093310521929996,1.209331052,Gradația 0,0
2026-07-17,VIII,VIII CII C,33,82.40302012.01.1,82.40302012.01.1,Muncitor calificat,Muncitor calificat,personal contractual,execuție,,,treaptă I,,M; G,b) Funcții de execuție,1.2803792515093386,1.2803792515093386,1.280379252,Gradația 0,0
2026-07-17,VIII,VIII CII C,34,82.40302012.01.2,82.40302012.01.2,Muncitor calificat,Muncitor calificat,personal contractual,execuție,,,treaptă II,,M; G,b) Funcții de execuție,1.2093310521929996,1.2093310521929996,1.209331052,Gradația 0,0
2026-07-17,VIII,VIII CII C,35,82.40302012.01.3,82.40302012.01.3,Muncitor calificat,Muncitor calificat,personal contractual,execuție,,,treaptă III,,M; G,b) Funcții de execuție,1.1966199999999998,1.1966199999999998,1.19662,Gradația 0,0
2026-07-17,VIII,VIII CII C,36,82.40302012.01.4,82.40302012.01.4,Muncitor calificat,Muncitor calificat,personal contractual,execuție,,,treaptă IV,,M; G,b) Funcții de execuție,1.1522082458275196,1.1522082458275196,1.152208246,Gradația 0,0
2026-07-17,VIII,VIII CII C,37,82.40302013.01.1,82.40302013.01.1,Muncitor necalificat,Muncitor necalificat,personal contractual,execuție,,,treaptă I,,M; G,b) Funcții de execuție,1.1061199159944188,1.1061199159944188,1.106119916,Gradația 0,0
2026-07-17,VIII,VIII CII C,38,82.40302013.01.2,82.40302013.01.2,Muncitor necalificat,Muncitor necalificat,personal contractual,execuție,,,treaptă II - fără sporuri,,M; G,b) Funcții de execuție,1,1,1,Gradația 0,0
2026-07-17,VIII,VIII CII D,9,82.40401001.04.1,82.40401001.04.1,Secretar federaţie; antrenor federal; antrenor lot naţional **); expert sportiv,Secretar federaţie|antrenor federal|antrenor lot naţional **)|expert sportiv,personal contractual,,,,gradul I A,,,1. Coeficienții de salarizare pentru funcţiile de specialitate din federaţii sportive,1.7997262499999997,1.7997262499999997,1.79972625,Gradația 0,0
2026-07-17,VIII,VIII CII D,10,82.40401001.04.2,82.40401001.04.2,Secretar federaţie; antrenor federal; antrenor lot naţional **); expert sportiv,Secretar federaţie|antrenor federal|antrenor lot naţional **)|expert sportiv,personal contractual,,,,gradul I,,,1. Coeficienții de salarizare pentru funcţiile de specialitate din federaţii sportive,1.7461986049618126,1.7461986049618126,1.746198605,Gradația 0,0
2026-07-17,VIII,VIII CII D,11,82.40401001.04.3,82.40401001.04.3,Secretar federaţie; antrenor federal; antrenor lot naţional **); expert sportiv,Secretar federaţie|antrenor federal|antrenor lot naţional **)|expert sportiv,personal contractual,,,,gradul II,,,1. Coeficienții de salarizare pentru funcţiile de specialitate din federaţii sportive,1.6926709599236247,1.6926709599236247,1.69267096,Gradația 0,0
2026-07-17,VIII,VIII CII D,12,82.40401001.04.4,82.40401001.04.4,Secretar federaţie; antrenor federal; antrenor lot naţional **); expert sportiv,Secretar federaţie|antrenor federal|antrenor lot naţional **)|expert sportiv,personal contractual,,,,gradul III,,,1. Coeficienții de salarizare pentru funcţiile de specialitate din federaţii sportive,1.5531466178675484,1.5531466178675484,1.553146618,Gradația 0,0
2026-07-17,VIII,VIII CII D,13,82.40401001.04.5,82.40401001.04.5,Secretar federaţie; antrenor federal; antrenor lot naţional **); expert sportiv,Secretar federaţie|antrenor federal|antrenor lot naţional **)|expert sportiv,personal contractual,,,,gradul IV,,,1. Coeficienții de salarizare pentru funcţiile de specialitate din federaţii sportive,1.470312131581279,1.470312131581279,1.470312132,Gradația 0,0
2026-07-17,VIII,VIII CII D,14,82.40401002.01.1,82.40401002.01.1,Instructor sportiv,Instructor sportiv,personal contractual,,,,gradul I,,,1. Coeficienții de salarizare pentru funcţiile de specialitate din federaţii sportive,1.6926709599236247,1.6926709599236247,1.69267096,Gradația 0,0
2026-07-17,VIII,VIII CII D,15,82.40401002.01.2,82.40401002.01.2,Instructor sportiv,Instructor sportiv,personal contractual,,,,gradul II,,,1. Coeficienții de salarizare pentru funcţiile de specialitate din federaţii sportive,1.5531466178675484,1.5531466178675484,1.553146618,Gradația 0,0
2026-07-17,VIII,VIII CII D,16,82.40401002.01.3,82.40401002.01.3,Instructor sportiv,Instructor sportiv,personal contractual,,,,debutant,,,1. Coeficienții de salarizare pentru funcţiile de specialitate din federaţii sportive,1.470312131581279,1.470312131581279,1.470312132,Gradația 0,0
2026-07-17,VIII,VIII CII D,17,82.40402003.02.1,82.40402003.02.1,Instructor sportiv; referent,Instructor sportiv|referent,personal contractual,,,,trepta I,,,1. Coeficienții de salarizare pentru funcţiile de specialitate din federaţii sportive,1.4722421175,1.4722421175,1.472242118,Gradația 0,0
2026-07-17,VIII,VIII CII D,18,82.40402003.02.2,82.40402003.02.2,Instructor sportiv; referent,Instructor sportiv|referent,personal contractual,,,,trepta II,,,1. Coeficienții de salarizare pentru funcţiile de specialitate din federaţii sportive,1.422136398375,1.422136398375,1.422136398,Gradația 0,0
2026-07-17,VIII,VIII CII D,19,82.40402003.02.3,82.40402003.02.3,Instructor sportiv; referent,Instructor sportiv|referent,personal contractual,,,,trepta III,,,1. Coeficienții de salarizare pentru funcţiile de specialitate din federaţii sportive,1.3432221,1.3432221,1.3432221,Gradația 0,0
2026-07-17,VIII,VIII CII D,20,82.40402003.02.4,82.40402003.02.4,Instructor sportiv; referent,Instructor sportiv|referent,personal contractual,,,,debutant,,,1. Coeficienții de salarizare pentru funcţiile de specialitate din federaţii sportive,1.3058927999999999,1.3058927999999999,1.3058928,Gradația 0,0
2026-07-17,VIII,VIII CII D,23,82.40403001.01.1,82.40403001.01.1,Expert sportiv,Expert sportiv,personal contractual,execuție,,,gradul I A,,,Funcţii de execuţie pe categorii de clasificare***),1.6197536249999998,1.6197536249999998,1.619753625,Gradația 0,0
2026-07-17,VIII,VIII CII D,24,82.40403001.01.2,82.40403001.01.2,Expert sportiv,Expert sportiv,personal contractual,execuție,,,gradul I,,,Funcţii de execuţie pe categorii de clasificare***),1.5715787444656313,1.5715787444656313,1.571578744,Gradația 0,0
2026-07-17,VIII,VIII CII D,25,82.40403001.01.3,82.40403001.01.3,Expert sportiv,Expert sportiv,personal contractual,execuție,,,gradul II,,,Funcţii de execuţie pe categorii de clasificare***),1.5234038639312624,1.5234038639312624,1.523403864,Gradația 0,0
2026-07-17,VIII,VIII CII D,26,82.40403002.01.1,82.40403002.01.1,Referent sportiv,Referent sportiv,personal contractual,execuție,,,gradul III,,,Funcţii de execuţie pe categorii de clasificare***),1.4722421175,1.4722421175,1.472242118,Gradația 0,0
2026-07-17,VIII,VIII CII D,27,82.40403002.01.2,82.40403002.01.2,Referent sportiv,Referent sportiv,personal contractual,execuție,,,gradul IV,,,Funcţii de execuţie pe categorii de clasificare***),1.422136398375,1.422136398375,1.422136398,Gradația 0,0
2026-07-17,VIII,VIII CII D,28,82.40403002.01.3,82.40403002.01.3,Referent sportiv,Referent sportiv,personal contractual,execuție,,,debutant,,,Funcţii de execuţie pe categorii de clasificare***),1.3058927999999999,1.3058927999999999,1.3058928,Gradația 0,0
2026-07-17,VIII,VIII CII D,29,82.40403003.01.1,82.40403003.01.1,Antrenor,Antrenor,personal contractual,execuție,,,categoria I,,S,Funcţii de execuţie pe categorii de clasificare***),1.6197536249999998,1.6197536249999998,1.619753625,Gradația 0,0
2026-07-17,VIII,VIII CII D,30,82.40403003.01.2,82.40403003.01.2,Antrenor,Antrenor,personal contractual,execuție,,,categoria II,,S,Funcţii de execuţie pe categorii de clasificare***),1.5715787444656313,1.5715787444656313,1.571578744,Gradația 0,0
2026-07-17,VIII,VIII CII D,31,82.40403003.01.3,82.40403003.01.3,Antrenor,Antrenor,personal contractual,execuție,,,categoria III,,S,Funcţii de execuţie pe categorii de clasificare***),1.5234038639312624,1.5234038639312624,1.523403864,Gradația 0,0
2026-07-17,VIII,VIII CII D,32,82.40403003.01.4,82.40403003.01.4,Antrenor,Antrenor,personal contractual,execuție,,,categoria IV,,S,Funcţii de execuţie pe categorii de clasificare***),1.4537452343240254,1.4537452343240254,1.453745234,Gradația 0,0
2026-07-17,VIII,VIII CII D,33,82.40403003.01.5,82.40403003.01.5,Antrenor,Antrenor,personal contractual,execuție,,,categoria V,,S,Funcţii de execuţie pe categorii de clasificare***),1.3978319560807937,1.3978319560807937,1.397831956,Gradația 0,0
2026-07-17,VIII,VIII CII D,34,82.40403003.01.6,82.40403003.01.6,Antrenor,Antrenor,personal contractual,execuție,,,debutant,,S,Funcţii de execuţie pe categorii de clasificare***),1.3232809184231513,1.3232809184231513,1.323280918,Gradația 0,0
2026-07-17,VIII,VIII CII D,35,,,Antrenor,Antrenor,personal contractual,execuție,,,categoria I,,,Funcţii de execuţie pe categorii de clasificare***),1.4084814130434782,1.4084814130434782,1.408481413,Gradația 0,0
2026-07-17,VIII,VIII CII D,36,,,Antrenor,Antrenor,personal contractual,execuție,,,categoria II,,,Funcţii de execuţie pe categorii de clasificare***),1.3665902125788099,1.3665902125788099,1.366590213,Gradația 0,0
2026-07-17,VIII,VIII CII D,37,,,Antrenor,Antrenor,personal contractual,execuție,,,categoria III,,,Funcţii de execuţie pe categorii de clasificare***),1.3246990121141413,1.3246990121141413,1.324699012,Gradația 0,0
2026-07-17,VIII,VIII CII D,38,,,Antrenor,Antrenor,personal contractual,execuție,,,categoria IV,,,Funcţii de execuţie pe categorii de clasificare***),1.2641262907165438,1.2641262907165438,1.264126291,Gradația 0,0
2026-07-17,VIII,VIII CII D,39,,,Antrenor,Antrenor,personal contractual,execuție,,,categoria V,,,Funcţii de execuţie pe categorii de clasificare***),1.2155060487659077,1.2155060487659077,1.215506049,Gradația 0,0
2026-07-17,VIII,VIII CII D,40,,,Antrenor,Antrenor,personal contractual,execuție,,,debutant,,,Funcţii de execuţie pe categorii de clasificare***),1.1506790594983924,1.1506790594983924,1.150679059,Gradația 0,0
2026-07-17,VIII,VIII CII E,8,,,Şef grup scafandri,Şef grup scafandri,personal contractual,conducere,,,,,M; G,a) Funcții de conducere,2.1201784225352114,2.3557538028169014,2.120178423|2.355753803,Grad I|Grad II,0
2026-07-17,VIII,VIII CII E,10,,,Comandant instructor,Comandant instructor,personal contractual,execuție,,,,,S,b) Funcţii de execuţie pe nave maritime,2.6312,2.6312,2.6312,gradația 0,0
2026-07-17,VIII,VIII CII E,11,,,Şef mecanic instructor,Şef mecanic instructor,personal contractual,execuție,,,,,S,b) Funcţii de execuţie pe nave maritime,2.1254370989100537,2.1254370989100537,2.125437099,gradația 0,0
2026-07-17,VIII,VIII CII E,12,,,Comandant,Comandant,personal contractual,execuție,,,,,S,b) Funcţii de execuţie pe nave maritime,2.433129632270551,2.433129632270551,2.433129632,gradația 0,0
2026-07-17,VIII,VIII CII E,13,,,Comandant sub 3000 TRB/GRT,Comandant sub 3000 TRB|GRT,personal contractual,execuție,,,,,S,b) Funcţii de execuţie pe nave maritime,2.22693811143934,2.22693811143934,2.226938111,gradația 0,0
2026-07-17,VIII,VIII CII E,14,,,Şef mecanic,Şef mecanic,personal contractual,execuție,,,,,S,b) Funcţii de execuţie pe nave maritime,2.344145380462463,2.344145380462463,2.34414538,gradația 0,0
2026-07-17,VIII,VIII CII E,15,,,Pilot maritim I,Pilot maritim I,personal contractual,execuție,,,,,S,b) Funcţii de execuţie pe nave maritime,2.1633397499999996,2.1633397499999996,2.16333975,gradația 0,0
2026-07-17,VIII,VIII CII E,16,,,Pilot maritim II,Pilot maritim II,personal contractual,execuție,,,,,S,b) Funcţii de execuţie pe nave maritime,2.087344502941176,2.087344502941176,2.087344503,gradația 0,0
2026-07-17,VIII,VIII CII E,17,,,Şef mecanic sub 3000 KW,Şef mecanic sub 3000 KW,personal contractual,execuție,,,,,S,b) Funcţii de execuţie pe nave maritime,2.1823993492105536,2.1823993492105536,2.182399349,gradația 0,0
2026-07-17,VIII,VIII CII E,18,,,Ofiţer punte secund; pilot maritim aspirant,Ofiţer punte secund|pilot maritim aspirant,personal contractual,execuție,,,,,S,b) Funcţii de execuţie pe nave maritime,2.344145380462463,2.344145380462463,2.34414538,gradația 0,0
2026-07-17,VIII,VIII CII E,19,,,Ofiţer mecanic secund; şef electrician,Ofiţer mecanic secund|şef electrician,personal contractual,execuție,,,,,S,b) Funcţii de execuţie pe nave maritime,2.002413690536824,2.002413690536824,2.002413691,gradația 0,0
2026-07-17,VIII,VIII CII E,20,,,Ofiţer maritim punte,Ofiţer maritim punte,personal contractual,execuție,,,,,S,b) Funcţii de execuţie pe nave maritime,1.9136974635835795,1.9136974635835795,1.913697464,gradația 0,0
2026-07-17,VIII,VIII CII E,21,,,Ofiţer mecanic maritim; ofiţer electrician maritim,Ofiţer mecanic maritim|ofiţer electrician maritim,personal contractual,execuție,,,,,S,b) Funcţii de execuţie pe nave maritime,1.9136974635835795,1.9136974635835795,1.913697464,gradația 0,0
2026-07-17,VIII,VIII CII E,22,,,Ofiţer punte aspirant,Ofiţer punte aspirant,personal contractual,execuție,,,,,M,b) Funcţii de execuţie pe nave maritime,1.5655938199792454,1.5655938199792454,1.56559382,gradația 0,0
2026-07-17,VIII,VIII CII E,23,,,Ofiţer maritim mecanic; electrician aspirant,Ofiţer maritim mecanic|electrician aspirant,personal contractual,execuție,,,,,M,b) Funcţii de execuţie pe nave maritime,1.5655938199792454,1.5655938199792454,1.56559382,gradația 0,0
2026-07-17,VIII,VIII CII E,25,,,Căpitan maritim-portuar,Căpitan maritim-portuar,personal contractual,execuție,,,,,M,"c) Funcţii de execuţie pe nave portuare, tehnice, fluviale",1.6949891820311704,1.6949891820311704,1.694989182,gradația 0,0
2026-07-17,VIII,VIII CII E,26,,,șef mecanic maritim-portuar,șef mecanic maritim-portuar,personal contractual,execuție,,,,,M,"c) Funcţii de execuţie pe nave portuare, tehnice, fluviale",1.585635041254966,1.585635041254966,1.585635041,gradația 0,0
2026-07-17,VIII,VIII CII E,27,,,Ofiţer punte maritim-portuar; ofiţer mecanic maritim-portuar; ofiţer electrician maritim-portuar,Ofiţer punte maritim-portuar|ofiţer mecanic maritim-portuar|ofiţer electrician maritim-portuar,personal contractual,execuție,,,,,M,"c) Funcţii de execuţie pe nave portuare, tehnice, fluviale",1.6539813792400935,1.6539813792400935,1.653981379,gradația 0,0
2026-07-17,VIII,VIII CII E,28,,,Ofiţer mecanic; ofiţer electrician; ofițer punte aspirant,Ofiţer mecanic|ofiţer electrician|ofițer punte aspirant,personal contractual,execuție,,,,,M,"c) Funcţii de execuţie pe nave portuare, tehnice, fluviale",1.5655938199792454,1.5655938199792454,1.56559382,gradația 0,0
2026-07-17,VIII,VIII CII E,29,,,Ofițer maritim SAR; căpitan fluvial categoria A; căpitan fluvial categoria B,Ofițer maritim SAR|căpitan fluvial categoria A|căpitan fluvial categoria B,personal contractual,execuție,,,,,"SSD, M","c) Funcţii de execuţie pe nave portuare, tehnice, fluviale",1.7359969848222472,1.7359969848222472,1.735996985,gradația 0,0
2026-07-17,VIII,VIII CII E,30,,,Şef mecanic fluvial,Şef mecanic fluvial,personal contractual,execuție,,,,,M,"c) Funcţii de execuţie pe nave portuare, tehnice, fluviale",1.7359969848222472,1.7359969848222472,1.735996985,gradația 0,0
2026-07-17,VIII,VIII CII E,31,,,Timonier fluvial,Timonier fluvial,personal contractual,execuție,,,,,"M, G","c) Funcţii de execuţie pe nave portuare, tehnice, fluviale",1.564997127432006,1.564997127432006,1.564997127,gradația 0,0
2026-07-17,VIII,VIII CII E,32,,,Mecanic,Mecanic,personal contractual,execuție,,,,,M,"c) Funcţii de execuţie pe nave portuare, tehnice, fluviale",1.564997127432006,1.564997127432006,1.564997127,gradația 0,0
2026-07-17,VIII,VIII CII E,33,,,Marinar stagiar,Marinar stagiar,personal contractual,execuție,,,,,"M, G","c) Funcţii de execuţie pe nave portuare, tehnice, fluviale",1.134549210553122,1.134549210553122,1.134549211,gradația 0,0
2026-07-17,VIII,VIII CII E,34,,,Mecanic stagiar,Mecanic stagiar,personal contractual,execuție,,,,,G,"c) Funcţii de execuţie pe nave portuare, tehnice, fluviale",1.1002420291331363,1.1002420291331363,1.100242029,gradația 0,0
2026-07-17,VIII,VIII CII E,36,,,Şef echipaj (nostrom) / Aj.of.mec/Șef timonier,Şef echipaj|Aj.of.mec|Șef timonier,personal contractual,execuție,,,,,M;G,d) Funcţii de execuţie comune pe nave,1.6949891820311704,1.6949891820311704,1.694989182,gradația 0,0
2026-07-17,VIII,VIII CII E,37,,,"Conducător şalupă, timonier maritim","Conducător şalupă, timonier maritim",personal contractual,execuție,,,,,"M,G",d) Funcţii de execuţie comune pe nave,1.6539813792400935,1.6539813792400935,1.653981379,gradația 0,0
2026-07-17,VIII,VIII CII E,38,,,Motorist; electrician de bord; fitter; pompagiu,Motorist|electrician de bord|fitter|pompagiu,personal contractual,execuție,,,,,M;G,d) Funcţii de execuţie comune pe nave,1.6539813792400935,1.6539813792400935,1.653981379,gradația 0,0
2026-07-17,VIII,VIII CII E,39,,,"Marinar, bucătar; macaragiu macarale plutitoare","Marinar, bucătar|macaragiu macarale plutitoare",personal contractual,execuție,,,,,M;G,d) Funcţii de execuţie comune pe nave,1.585635041254966,1.585635041254966,1.585635041,gradația 0,0
2026-07-17,VIII,VIII CII E,40,,,"Motorist; electrician de bord; fitter; pompagiu; marinar; bucătar; macaragiu macarale plutitoare, debutant","Motorist|electrician de bord|fitter|pompagiu|marinar|bucătar|macaragiu macarale plutitoare, debutant",personal contractual,execuție,,,,,M;G,d) Funcţii de execuţie comune pe nave,1.564997127432006,1.564997127432006,1.564997127,gradația 0,0
2026-07-17,VIII,VIII CII E,41,,,Scafandru salvator,Scafandru salvator,personal contractual,execuție,,,,,M;G,d) Funcţii de execuţie comune pe nave,1.596297069980646,1.596297069980646,1.59629707,gradația 0,0
2026-07-17,VIII,VIII CII E,42,,,Scafandru autonom,Scafandru autonom,personal contractual,execuție,,,,,M;G,d) Funcţii de execuţie comune pe nave,1.585635041254966,1.585635041254966,1.585635041,gradația 0,0
2026-07-17,VIII,VIII CII E,43,,,Scafandru greu (cu alimentare de la suprafață),Scafandru greu,personal contractual,execuție,,,,,M;G,d) Funcţii de execuţie comune pe nave,1.3669267597025567,1.3669267597025567,1.36692676,gradația 0,0
2026-07-17,VIII,VIII CII E,44,,,Scafandru debutant,Scafandru debutant,personal contractual,execuție,,,,,M;G,d) Funcţii de execuţie comune pe nave,1.1002420291331363,1.1002420291331363,1.100242029,gradația 0,0
2026-07-17,VIII,VIII CII F,11,,,Director general,Director general,personal contractual,conducere,,,,,S,a) Funcții de conducere,3.31056,3.31056,3.31056,Grad managerial,0
2026-07-17,VIII,VIII CII F,12,,,Director general adjunct,Director general adjunct,personal contractual,conducere,,,,,S,a) Funcții de conducere,2.979504,2.979504,2.979504,Grad managerial,0
2026-07-17,VIII,VIII CII F,14,,,Comandant detaşament de zbor; Șef pregatire activități aeronautice; Șef birou piloți aeronave,Comandant detaşament de zbor|Șef pregatire activități aeronautice|Șef birou piloți aeronave,personal contractual,conducere,,,,,S,a.1) Funcţiile de conducere specifice activităţii de zbor,2.6312,2.6312,2.6312,Grad managerial,0
2026-07-17,VIII,VIII CII F,15,,,Comandant aeroclub teritorial; Şef serviciu aerodrom,Comandant aeroclub teritorial|Şef serviciu aerodrom,personal contractual,conducere,,,,,S,a.1) Funcţiile de conducere specifice activităţii de zbor,2.6312,2.6312,2.6312,Grad managerial,0
2026-07-17,VIII,VIII CII F,16,,,Comandant adjunct aeroclub teritorial; Instructor șef de zbor; Instructor șef zbor sintetic,Comandant adjunct aeroclub teritorial|Instructor șef de zbor|Instructor șef zbor sintetic,personal contractual,conducere,,,,,S,a.1) Funcţiile de conducere specifice activităţii de zbor,2.4797408450704226,2.4797408450704226,2.479740845,Grad managerial,0
2026-07-17,VIII,VIII CII F,17,,,Şef zbor aeroclub teritorial; Şef pregătire la sol,Şef zbor aeroclub teritorial|Şef pregătire la sol,personal contractual,conducere,,,,,S,a.1) Funcţiile de conducere specifice activităţii de zbor,2.3557538028169014,2.3557538028169014,2.355753803,Grad managerial,0
2026-07-17,VIII,VIII CII F,19,,,Şef secție întreținere și reparații de bază; Şef serviciu întreţinere aeronave,Şef secție întreținere și reparații de bază|Şef serviciu întreţinere aeronave,personal contractual,conducere,,,,,S,a.2) Funcţiile de conducere specifice activităţii tehnic-aeronautice,2.4797408450704226,2.4797408450704226,2.479740845,Grad managerial,0
2026-07-17,VIII,VIII CII F,20,,,Şef sector tehnic,Şef sector tehnic,personal contractual,conducere,,,,,S,a.2) Funcţiile de conducere specifice activităţii tehnic-aeronautice,1.7997262499999997,1.7997262499999997,1.79972625,Grad managerial,0
2026-07-17,VIII,VIII CII F,21,,,Şef birou proiecte şi componente aeronautice; Şef birou tehnic tehnologic;,Şef birou proiecte şi componente aeronautice|Şef birou tehnic tehnologic,personal contractual,conducere,,,,,S,a.2) Funcţiile de conducere specifice activităţii tehnic-aeronautice,1.7997262499999997,1.7997262499999997,1.79972625,Grad managerial,0
2026-07-17,VIII,VIII CII F,23,,,Director zbor; Director,Director zbor|Director,personal contractual,conducere,,,,,S,a.3) Funcţiile de conducere specifice activităţii operativ-aeronautice,2.979504,2.979504,2.979504,Grad managerial,0
2026-07-17,VIII,VIII CII F,24,,,Director tehnic; Director,Director tehnic|Director,personal contractual,conducere,,,,,S,a.3) Funcţiile de conducere specifice activităţii operativ-aeronautice,2.979504,2.979504,2.979504,Grad managerial,0
2026-07-17,VIII,VIII CII F,25,,,Şef serviciu certificare personal şi tehnică aeronautică; Şef serviciu aeronave ultrauşoare; Şef serviciu; Şef serviciu continuitatea navigabilităţii;,Şef serviciu certificare personal şi tehnică aeronautică|Şef serviciu aeronave ultrauşoare|Şef serviciu|Şef serviciu continuitatea navigabilităţii,personal contractual,conducere,,,,,S,a.3) Funcţiile de conducere specifice activităţii operativ-aeronautice,2.6312,2.6312,2.6312,Grad managerial,0
2026-07-17,VIII,VIII CII F,26,,,Şef serviciu informare zboruri-navigaţie; Şef serviciu dispecerat zbor,Şef serviciu informare zboruri-navigaţie|Şef serviciu dispecerat zbor,personal contractual,conducere,,,,,S,a.3) Funcţiile de conducere specifice activităţii operativ-aeronautice,2.4797408450704226,2.4797408450704226,2.479740845,Grad managerial,0
2026-07-17,VIII,VIII CII F,27,,,Şef birou managementul calităţii,Şef birou managementul calităţii,personal contractual,conducere,,,,,S,a.3) Funcţiile de conducere specifice activităţii operativ-aeronautice,2.6312,2.6312,2.6312,Grad managerial,0
2026-07-17,VIII,VIII CII F,28,,,Şef birou securitate aeronautică;Şef birou siguranţă aeronautică,Şef birou securitate aeronautică|Şef birou siguranţă aeronautică,personal contractual,conducere,,,,,S,a.3) Funcţiile de conducere specifice activităţii operativ-aeronautice,2.4797408450704226,2.4797408450704226,2.479740845,Grad managerial,0
2026-07-17,VIII,VIII CII F,29,,,Şef birou demonstraţii aeriene; Șef birou pregătire personal navigant,Şef birou demonstraţii aeriene|Șef birou pregătire personal navigant,personal contractual,conducere,,,,,S,a.3) Funcţiile de conducere specifice activităţii operativ-aeronautice,2.1849696000000005,2.1849696000000005,2.1849696,Grad managerial,0
2026-07-17,VIII,VIII CII F,32,,,Pilot instructor,Pilot instructor,personal contractual,conducere,,,clasa I,,S,b.1) Funcții execuție,2.9004183999999995,2.9004183999999995,2.9004184,Gradația 0,0
2026-07-17,VIII,VIII CII F,33,,,Pilot instructor,Pilot instructor,personal contractual,conducere,,,clasa a II-a,,S,b.1) Funcții execuție,2.6538052847058817,2.6538052847058817,2.653805285,Gradația 0,0
2026-07-17,VIII,VIII CII F,34,,,Pilot instructor,Pilot instructor,personal contractual,conducere,,,clasa a III-a,,S,b.1) Funcții execuție,2.2955183058823527,2.2955183058823527,2.295518306,Gradația 0,0
2026-07-17,VIII,VIII CII F,35,,,Pilot aeronavă,Pilot aeronavă,personal contractual,conducere,,,clasa a I-a,,S,b.1) Funcții execuție,2.193926110588235,2.193926110588235,2.193926111,Gradația 0,0
2026-07-17,VIII,VIII CII F,36,,,Pilot aeronavă,Pilot aeronavă,personal contractual,conducere,,,clasa a II-a,,S,b.1) Funcții execuție,1.9484762647058822,1.9484762647058822,1.948476265,Gradația 0,0
2026-07-17,VIII,VIII CII F,37,,,Pilot aeronavă,Pilot aeronavă,personal contractual,conducere,,,clasa a III-a,,S,b.1) Funcții execuție,1.8759658047058818,1.8759658047058818,1.875965805,Gradația 0,0
2026-07-17,VIII,VIII CII F,38,,,Instructor paraşutism,Instructor paraşutism,personal contractual,conducere,,,clasa I,,S,b.1) Funcții execuție,2.9004183999999986,2.9004183999999986,2.9004184,Gradația 0,0
2026-07-17,VIII,VIII CII F,39,,,Instructor paraşutism,Instructor paraşutism,personal contractual,conducere,,,clasa a II-a,,S,b.1) Funcții execuție,2.6538052847058817,2.6538052847058817,2.653805285,Gradația 0,0
2026-07-17,VIII,VIII CII F,40,,,Instructor paraşutism,Instructor paraşutism,personal contractual,conducere,,,clasa a III-a,,S,b.1) Funcții execuție,2.2955183058823527,2.2955183058823527,2.295518306,Gradația 0,0
2026-07-17,VIII,VIII CII F,41,,,Mecanic navigant instructor,Mecanic navigant instructor,personal contractual,conducere,,,clasa I,,S,b.1) Funcții execuție,2.6809482376470584,2.6809482376470584,2.680948238,Gradația 0,0
2026-07-17,VIII,VIII CII F,42,,,Mecanic navigant instructor,Mecanic navigant instructor,personal contractual,conducere,,,clasa a II-a,,S,b.1) Funcții execuție,2.2955183058823527,2.2955183058823527,2.295518306,Gradația 0,0
2026-07-17,VIII,VIII CII F,43,,,Mecanic navigant instructor,Mecanic navigant instructor,personal contractual,conducere,,,clasa a III-a,,S,b.1) Funcții execuție,2.034945957647058,2.034945957647058,2.034945958,Gradația 0,0
2026-07-17,VIII,VIII CII F,44,,,Mecanic navigant,Mecanic navigant,personal contractual,conducere,,,clasa I,,S,b.1) Funcții execuție,2.448294355294117,2.448294355294117,2.448294355,Gradația 0,0
2026-07-17,VIII,VIII CII F,45,,,Mecanic navigant,Mecanic navigant,personal contractual,conducere,,,clasa a II-a,,S,b.1) Funcții execuție,2.1621300799999994,2.1621300799999994,2.16213008,Gradația 0,0
2026-07-17,VIII,VIII CII F,46,,,Mecanic navigant,Mecanic navigant,personal contractual,conducere,,,clasa a III-a,,S,b.1) Funcții execuție,1.8441697741176464,1.8441697741176464,1.844169774,Gradația 0,0
2026-07-17,VIII,VIII CII F,47,,,Inginer recepţie şi control,Inginer recepţie şi control,personal contractual,conducere,,,clasa I,,S,b.1) Funcții execuție,2.9004183999999986,2.9004183999999986,2.9004184,Gradația 0,0
2026-07-17,VIII,VIII CII F,48,,,Inginer recepţie şi control,Inginer recepţie şi control,personal contractual,conducere,,,clasa a II-a,,S,b.1) Funcții execuție,2.6809482376470584,2.6809482376470584,2.680948238,Gradația 0,0
2026-07-17,VIII,VIII CII F,49,,,Inginer recepţie şi control,Inginer recepţie şi control,personal contractual,conducere,,,clasa a III-a,,S,b.1) Funcții execuție,2.384702294117646,2.384702294117646,2.384702294,Gradația 0,0
2026-07-17,VIII,VIII CII F,50,,,Inspector pilotaj,Inspector pilotaj,personal contractual,conducere,,,clasa I,,S,b.1) Funcții execuție,2.9550920623529406,2.9550920623529406,2.955092062,Gradația 0,0
2026-07-17,VIII,VIII CII F,51,,,Inspector pilotaj,Inspector pilotaj,personal contractual,conducere,,,clasa a II-a,,S,b.1) Funcții execuție,2.790683318823529,2.790683318823529,2.790683319,Gradația 0,0
2026-07-17,VIII,VIII CII F,53,,,Inginer de aviaţie,Inginer de aviaţie,personal contractual,conducere,,,clasa I,,S + Licenţă,b.2) Personal tehnic aeronautic,2.9004183999999986,2.9004183999999986,2.9004184,Gradația 0,0
2026-07-17,VIII,VIII CII F,54,,,Inginer de aviaţie,Inginer de aviaţie,personal contractual,conducere,,,clasa a II-a,,S + Licenţă,b.2) Personal tehnic aeronautic,2.7360096564705874,2.7360096564705874,2.736009656,Gradația 0,0
2026-07-17,VIII,VIII CII F,55,,,Inginer de aviaţie,Inginer de aviaţie,personal contractual,conducere,,,clasa a III-a,,S + Licenţă,b.2) Personal tehnic aeronautic,2.6809482376470584,2.6809482376470584,2.680948238,Gradația 0,0
2026-07-17,VIII,VIII CII F,56,,,Inginer de aviaţie,Inginer de aviaţie,personal contractual,conducere,,,clasa a IV-a,,S + Licenţă,b.2) Personal tehnic aeronautic,2.626274575294117,2.626274575294117,2.626274575,Gradația 0,0
2026-07-17,VIII,VIII CII F,57,,,Inginer de aviaţie,Inginer de aviaţie,personal contractual,conducere,,,debutant,,S + Licenţă,b.2) Personal tehnic aeronautic,2.5118864164705874,2.5118864164705874,2.511886416,Gradația 0,0
2026-07-17,VIII,VIII CII F,58,,,Tehnician aviaţie,Tehnician aviaţie,personal contractual,conducere,,,clasa I,,M + Licenţă,b.2) Personal tehnic aeronautic,2.626274575294117,2.626274575294117,2.626274575,Gradația 0,0
2026-07-17,VIII,VIII CII F,59,,,Tehnician aviaţie,Tehnician aviaţie,personal contractual,conducere,,,clasa a II-a,,M + Licenţă,b.2) Personal tehnic aeronautic,2.5987438658823523,2.5987438658823523,2.598743866,Gradația 0,0
2026-07-17,VIII,VIII CII F,60,,,Tehnician aviaţie,Tehnician aviaţie,personal contractual,conducere,,,clasa a III-a,,M + Licenţă,b.2) Personal tehnic aeronautic,2.5118864164705874,2.5118864164705874,2.511886416,Gradația 0,0
2026-07-17,VIII,VIII CII F,61,,,Tehnician aviaţie,Tehnician aviaţie,personal contractual,conducere,,,clasa a IV-a,,M + Licenţă,b.2) Personal tehnic aeronautic,2.448294355294117,2.448294355294117,2.448294355,Gradația 0,0
2026-07-17,VIII,VIII CII F,62,,,Tehnician aviaţie,Tehnician aviaţie,personal contractual,conducere,,,debutant,,M + Licenţă,b.2) Personal tehnic aeronautic,2.2955183058823527,2.2955183058823527,2.295518306,Gradația 0,0
2026-07-17,VIII,VIII CII F,63,,,Mecanic de aviație,Mecanic de aviație,personal contractual,conducere,,,clasa I,,M + Licență sau Şcoală profesionala + Licenţă,b.2) Personal tehnic aeronautic,2.626274575294117,2.626274575294117,2.626274575,Gradația 0,0
2026-07-17,VIII,VIII CII F,64,,,Mecanic de aviație,Mecanic de aviație,personal contractual,conducere,,,clasa a II-a,,M + Licență sau Şcoală profesionala + Licenţă,b.2) Personal tehnic aeronautic,2.5991316223529406,2.5991316223529406,2.599131622,Gradația 0,0
2026-07-17,VIII,VIII CII F,65,,,Mecanic de aviație,Mecanic de aviație,personal contractual,conducere,,,clasa a III-a,,M + Licență sau Şcoală profesionala + Licenţă,b.2) Personal tehnic aeronautic,2.5118864164705874,2.5118864164705874,2.511886416,Gradația 0,0
2026-07-17,VIII,VIII CII F,66,,,Mecanic de aviație,Mecanic de aviație,personal contractual,conducere,,,clasa a IV-a,,M + Licență sau Şcoală profesionala + Licenţă,b.2) Personal tehnic aeronautic,2.448294355294117,2.448294355294117,2.448294355,Gradația 0,0
2026-07-17,VIII,VIII CII F,67,,,Mecanic de aviație,Mecanic de aviație,personal contractual,conducere,,,debutant,,M + Licență sau Şcoală profesionala + Licenţă,b.2) Personal tehnic aeronautic,2.2955183058823527,2.2955183058823527,2.295518306,Gradația 0,0
2026-07-17,VIII,VIII CII F,68,,,"Mecanic pentru întreţinerea aparatelor de lansare la zbor (turn de paraşutism, automosor)",Mecanic pentru întreţinerea aparatelor de lansare la zbor,personal contractual,conducere,,,clasa I,,Şcoală profesionala + Licenţă,b.2) Personal tehnic aeronautic,2.5987438658823523,2.5987438658823523,2.598743866,Gradația 0,0
2026-07-17,VIII,VIII CII F,69,,,"Mecanic pentru întreţinerea aparatelor de lansare la zbor (turn de paraşutism, automosor)",Mecanic pentru întreţinerea aparatelor de lansare la zbor,personal contractual,conducere,,,clasa a II-a,,Şcoală profesionala + Licenţă,b.2) Personal tehnic aeronautic,2.5118864164705874,2.5118864164705874,2.511886416,Gradația 0,0
2026-07-17,VIII,VIII CII F,70,,,"Mecanic pentru întreţinerea aparatelor de lansare la zbor (turn de paraşutism, automosor)",Mecanic pentru întreţinerea aparatelor de lansare la zbor,personal contractual,conducere,,,clasa a III-a,,Şcoală profesionala + Licenţă,b.2) Personal tehnic aeronautic,2.4800903858823524,2.4800903858823524,2.480090386,Gradația 0,0
2026-07-17,VIII,VIII CII F,71,,,"Mecanic pentru întreţinerea aparatelor de lansare la zbor (turn de paraşutism, automosor)",Mecanic pentru întreţinerea aparatelor de lansare la zbor,personal contractual,conducere,,,clasa a IV-a,,Şcoală profesionala + Licenţă,b.2) Personal tehnic aeronautic,2.384702294117646,2.384702294117646,2.384702294,Gradația 0,0
2026-07-17,VIII,VIII CII F,72,,,"Mecanic pentru întreţinerea aparatelor de lansare la zbor (turn de paraşutism, automosor)",Mecanic pentru întreţinerea aparatelor de lansare la zbor,personal contractual,conducere,,,debutant,,Şcoală profesionala + Licenţă,b.2) Personal tehnic aeronautic,2.2955183058823527,2.2955183058823527,2.295518306,Gradația 0,0
2026-07-17,VIII,VIII CII F,73,,,Maistru de aviaţie,Maistru de aviaţie,personal contractual,conducere,,,clasa I,,Şcoală maiştri + Licenţă,b.2) Personal tehnic aeronautic,2.6538052847058817,2.6538052847058817,2.653805285,Gradația 0,0
2026-07-17,VIII,VIII CII F,74,,,Maistru de aviaţie,Maistru de aviaţie,personal contractual,conducere,,,clasa a II-a,,Şcoală maiştri + Licenţă,b.2) Personal tehnic aeronautic,2.5118864164705874,2.5118864164705874,2.511886416,Gradația 0,0
2026-07-17,VIII,VIII CII F,75,,,Maistru de aviaţie,Maistru de aviaţie,personal contractual,conducere,,,clasa a III-a,,Şcoală maiştri + Licenţă,b.2) Personal tehnic aeronautic,2.448294355294117,2.448294355294117,2.448294355,Gradația 0,0
2026-07-17,VIII,VIII CII F,76,,,Inspector aeronautic,Inspector aeronautic,personal contractual,conducere,,,clasa I,,S+ Licenţă sau autorizaţie sau certificat,b.2) Personal tehnic aeronautic,2.708478947058823,2.708478947058823,2.708478947,Gradația 0,0
2026-07-17,VIII,VIII CII F,77,,,Inspector aeronautic,Inspector aeronautic,personal contractual,conducere,,,clasa a II-a,,S+ Licenţă sau autorizaţie sau certificat,b.2) Personal tehnic aeronautic,2.5118864164705874,2.5118864164705874,2.511886416,Gradația 0,0
2026-07-17,VIII,VIII CII F,79,,,Expert instruire sol,Expert instruire sol,personal contractual,conducere,,,clasa I,,S,b.3) Personal instruire sol,2.6538052847058817,2.6538052847058817,2.653805285,Gradația 0,0
2026-07-17,VIII,VIII CII F,80,,,Expert instruire sol,Expert instruire sol,personal contractual,conducere,,,clasa II-a,,S,b.3) Personal instruire sol,2.5987438658823523,2.5987438658823523,2.598743866,Gradația 0,0
2026-07-17,VIII,VIII CII F,81,,,Expert instruire sol,Expert instruire sol,personal contractual,conducere,,,clasa III-a,,S,b.3) Personal instruire sol,2.5118864164705874,2.5118864164705874,2.511886416,Gradația 0,0
2026-07-17,VIII,VIII CII F,83,,,Dispecer operaţiuni zbor,Dispecer operaţiuni zbor,personal contractual,conducere,,,treaptă I,,M + Curs de calificare + Licenţă,b.4) Personal operativ aeronautic,2.5118864164705874,2.5118864164705874,2.511886416,Gradația 0,0
2026-07-17,VIII,VIII CII F,84,,,Dispecer operaţiuni zbor,Dispecer operaţiuni zbor,personal contractual,conducere,,,treaptă II,,M + Curs de calificare + Licenţă,b.4) Personal operativ aeronautic,2.4800903858823524,2.4800903858823524,2.480090386,Gradația 0,0
2026-07-17,VIII,VIII CII F,85,,,Dispecer operaţiuni zbor,Dispecer operaţiuni zbor,personal contractual,conducere,,,treaptă III,,M + Curs de calificare + Licenţă,b.4) Personal operativ aeronautic,2.448294355294117,2.448294355294117,2.448294355,Gradația 0,0
2026-07-17,VIII,VIII CII F,86,,,Dispecer operaţiuni zbor,Dispecer operaţiuni zbor,personal contractual,conducere,,,debutant,,M + Curs de calificare + Licenţă,b.4) Personal operativ aeronautic,2.2955183058823527,2.2955183058823527,2.295518306,Gradația 0,0
2026-07-17,VIII,VIII CII F,87,,,Dispecer operaţiuni sol,Dispecer operaţiuni sol,personal contractual,conducere,,,treaptă I,,M + Curs de calificare + Licenţă,b.4) Personal operativ aeronautic,2.4800903858823524,2.4800903858823524,2.480090386,Gradația 0,0
2026-07-17,VIII,VIII CII F,88,,,Dispecer operaţiuni sol,Dispecer operaţiuni sol,personal contractual,conducere,,,treaptă II,,M + Curs de calificare + Licenţă,b.4) Personal operativ aeronautic,2.448294355294117,2.448294355294117,2.448294355,Gradația 0,0
2026-07-17,VIII,VIII CII F,89,,,Dispecer operaţiuni sol,Dispecer operaţiuni sol,personal contractual,conducere,,,treaptă III,,M + Curs de calificare + Licenţă,b.4) Personal operativ aeronautic,2.384702294117646,2.384702294117646,2.384702294,Gradația 0,0
2026-07-17,VIII,VIII CII F,90,,,Dispecer operaţiuni sol,Dispecer operaţiuni sol,personal contractual,conducere,,,debutant,,M + Curs de calificare + Licenţă,b.4) Personal operativ aeronautic,2.2955183058823527,2.2955183058823527,2.295518306,Gradația 0,0
2026-07-17,VIII,VIII CII G,12,,,Inginer*); chimist/biolog;,Inginer*)|chimist|biolog,personal contractual,,,,expert,,S,,1.7997262499999997,1.7997262499999997,1.79972625,Gradația 0,0
2026-07-17,VIII,VIII CII G,13,,,Inginer*); chimist/biolog;,Inginer*)|chimist|biolog,personal contractual,,,,gradul I,,S,,1.7384750624999998,1.7384750624999998,1.738475062,Gradația 0,0
2026-07-17,VIII,VIII CII G,14,,,Inginer*); chimist/biolog;,Inginer*)|chimist|biolog,personal contractual,,,,gradul II,,S,,1.580431875,1.580431875,1.580431875,Gradația 0,0
2026-07-17,VIII,VIII CII G,15,,,Inginer*); chimist/biolog;,Inginer*)|chimist|biolog,personal contractual,,,,debutant,,S,,1.522185,1.522185,1.522185,Gradația 0,0
2026-07-17,VIII,VIII CII G,16,,,"Subinginer; asistent veterinar; tehnician**), conductor tehnic;","Subinginer|asistent veterinar|tehnician**), conductor tehnic",personal contractual,,,,gradul I,,SSD,,1.5256395000000003,1.5256395000000003,1.5256395,Gradația 0,0
2026-07-17,VIII,VIII CII G,17,,,"Subinginer; asistent veterinar; tehnician**), conductor tehnic;","Subinginer|asistent veterinar|tehnician**), conductor tehnic",personal contractual,,,,gradul II,,SSD,,1.473716475,1.473716475,1.473716475,Gradația 0,0
2026-07-17,VIII,VIII CII G,18,,,"Subinginer; asistent veterinar; tehnician**), conductor tehnic;","Subinginer|asistent veterinar|tehnician**), conductor tehnic",personal contractual,,,,gradul III,,SSD,,1.39194,1.39194,1.39194,Gradația 0,0
2026-07-17,VIII,VIII CII G,19,,,"Subinginer; asistent veterinar; tehnician**), conductor tehnic;","Subinginer|asistent veterinar|tehnician**), conductor tehnic",personal contractual,,,,debutant,,SSD,,1.360305,1.360305,1.360305,Gradația 0,0
2026-07-17,VIII,VIII CII G,20,,,Tehnician**),Tehnician**),personal contractual,,,,treaptă I A,,M,,1.4722421175,1.4722421175,1.472242118,Gradația 0,0
2026-07-17,VIII,VIII CII G,21,,,Tehnician**),Tehnician**),personal contractual,,,,treaptă II,,M,,1.422136398375,1.422136398375,1.422136398,Gradația 0,0
2026-07-17,VIII,VIII CII G,22,,,Tehnician**),Tehnician**),personal contractual,,,,treaptă III,,M,,1.3432221,1.3432221,1.3432221,Gradația 0,0
2026-07-17,VIII,VIII CII G,23,,,Tehnician**),Tehnician**),personal contractual,,,,debutant,,M,,1.3058927999999999,1.3058927999999999,1.3058928,Gradația 0,0
2026-07-17,VIII,VIII CII H,10,,,"Inspector de specialitate, expert, inginer; *)","Inspector de specialitate, expert, inginer",personal contractual,,,,expert,,S,,1.7997262499999997,1.7997262499999997,1.79972625,,0
2026-07-17,VIII,VIII CII H,11,,,"Inspector de specialitate, expert, inginer; *)","Inspector de specialitate, expert, inginer",personal contractual,,,,gradul I,,S,,1.7384750624999998,1.7384750624999998,1.738475062,,0
2026-07-17,VIII,VIII CII H,12,,,"Inspector de specialitate, expert, inginer; *)","Inspector de specialitate, expert, inginer",personal contractual,,,,gradul II,,S,,1.580431875,1.580431875,1.580431875,,0
2026-07-17,VIII,VIII CII H,13,,,"Inspector de specialitate, expert, inginer; *)","Inspector de specialitate, expert, inginer",personal contractual,,,,debutant,,S,,1.522185,1.522185,1.522185,,0
2026-07-17,VIII,VIII CII H,14,,,Subinginer,Subinginer,personal contractual,,,,gradul I,,SSD,,1.5256395000000003,1.5256395000000003,1.5256395,,0
2026-07-17,VIII,VIII CII H,15,,,Subinginer,Subinginer,personal contractual,,,,gradul II,,SSD,,1.473716475,1.473716475,1.473716475,,0
2026-07-17,VIII,VIII CII H,16,,,Subinginer,Subinginer,personal contractual,,,,gradul III,,SSD,,1.39194,1.39194,1.39194,,0
2026-07-17,VIII,VIII CII H,17,,,Subinginer,Subinginer,personal contractual,,,,debutant debutant,,SSD,,1.360305,1.360305,1.360305,,0
2026-07-17,VIII,VIII CII H,18,,,"Tehnician, observator condiţii mediu **)","Tehnician, observator condiţii mediu **)",personal contractual,,,,treaptă IA,,M,,1.4722421175,1.4722421175,1.472242118,,0
2026-07-17,VIII,VIII CII H,19,,,"Tehnician, observator condiţii mediu **)","Tehnician, observator condiţii mediu **)",personal contractual,,,,treaptă I,,M,,1.422136398375,1.422136398375,1.422136398,,0
2026-07-17,VIII,VIII CII H,20,,,"Tehnician, observator condiţii mediu **)","Tehnician, observator condiţii mediu **)",personal contractual,,,,treaptă II,,M,,1.3432221,1.3432221,1.3432221,,0
2026-07-17,VIII,VIII CII H,21,,,"Tehnician, observator condiţii mediu **)","Tehnician, observator condiţii mediu **)",personal contractual,,,,debutant,,M,,1.3058927999999999,1.3058927999999999,1.3058928,,0
2026-07-17,VIII,VIII CII I,12,,,Specialist Securitate Cibernetica,Specialist Securitate Cibernetica,personal contractual,,,,2.4277456647398843,,,S4: Sisteme informatice de dimensiuni mici,2.4277456647398843,2.9375722543352603,2.427745665|2.670520231|2.937572254,Coeficienți de salarizare gradația 0|Grad II|,0
2026-07-17,VIII,VIII CII I,13,,,Specialist în furnizarea și suportul serviciilor TIC,Specialist în furnizarea și suportul serviciilor TIC,personal contractual,,,,2.0809248554913293,,,S4: Sisteme informatice de dimensiuni mici,2.0809248554913293,2.2890173410404624,2.080924855|2.289017341,Coeficienți de salarizare gradația 0|Grad II,0
2026-07-17,VIII,VIII CII I,14,,,Specialist în managementul serviciilor TIC și e-guvernare,Specialist în managementul serviciilor TIC și e-guvernare,personal contractual,,,,2.1965317919075145,,,S4: Sisteme informatice de dimensiuni mici,2.1965317919075145,2.6578034682080927,2.196531792|2.416184971|2.657803468,Coeficienți de salarizare gradația 0|Grad II|,0
2026-07-17,VIII,VIII CII I,15,,,Specialist în dezvoltare TIC și managementul datelor,Specialist în dezvoltare TIC și managementul datelor,personal contractual,,,,2.3121387283236996,,,S4: Sisteme informatice de dimensiuni mici,2.3121387283236996,2.7976878612716765,2.312138728|2.543352601|2.797687861,Coeficienți de salarizare gradația 0|Grad II|,0
2026-07-17,VIII,VIII CII I,17,,,Manager TIC,Manager TIC,personal contractual,,,,,,,S3: Sisteme informatice de dimensiuni medii,4.65,4.65,4.65,,1
2026-07-17,VIII,VIII CII I,19,,,Specialist Securitate Cibernetica,Specialist Securitate Cibernetica,personal contractual,,,,2.5895953757225434,,,S3: Sisteme informatice de dimensiuni medii,2.5895953757225434,3.7,2.589595376|2.848554913|3.2|3.7,Coeficienți de salarizare gradația 0|Grad II||,0
2026-07-17,VIII,VIII CII I,20,,,Specialist în furnizarea și suportul serviciilor TIC,Specialist în furnizarea și suportul serviciilor TIC,personal contractual,,,,2.2658959537572256,,,S3: Sisteme informatice de dimensiuni medii,2.2658959537572256,2.741734104046243,2.265895954|2.492485549|2.741734104,Coeficienți de salarizare gradația 0|Grad II|,0
2026-07-17,VIII,VIII CII I,21,,,Specialist în managementul serviciilor TIC și e-guvernare,Specialist în managementul serviciilor TIC și e-guvernare,personal contractual,,,,2.3815028901734103,,,S3: Sisteme informatice de dimensiuni medii,2.3815028901734103,3.1697109826589593,2.38150289|2.619653179|2.881618497|3.169710983,Coeficienți de salarizare gradația 0|Grad II||,0
2026-07-17,VIII,VIII CII I,22,,,Specialist în dezvoltare TIC și managementul datelor,Specialist în dezvoltare TIC și managementul datelor,personal contractual,,,,2.4277456647398843,,,S3: Sisteme informatice de dimensiuni medii,2.4277456647398843,3.2314450867052025,2.427745665|2.670520231|2.937572254|3.231445087,Coeficienți de salarizare gradația 0|Grad II||,0
2026-07-17,VIII,VIII CII I,24,,,Manager TIC,Manager TIC,personal contractual,,,,,,,S2: Sisteme informatice de dimensiuni mari,5.78,6.65,5.78|6.65,|,1
2026-07-17,VIII,VIII CII I,25,,,Arhitect TIC,Arhitect TIC,personal contractual,,,,,,,S2: Sisteme informatice de dimensiuni mari,4.7749999999999995,5.45,4.775|5.45,|,1
2026-07-17,VIII,VIII CII I,26,,,Specialist Securitate Cibernetica,Specialist Securitate Cibernetica,personal contractual,,,,3.55,,,S2: Sisteme informatice de dimensiuni mari,3.55,5,3.55|3.98|4.66|5,Coeficienți de salarizare gradația 0|Grad II||,0
2026-07-17,VIII,VIII CII I,27,,,Specialist în furnizarea și suportul serviciilor TIC,Specialist în furnizarea și suportul serviciilor TIC,personal contractual,,,,2.727745664739884,,,S2: Sisteme informatice de dimensiuni mari,2.727745664739884,4.1,2.727745665|3.051907514|3.480635838|4.1,Coeficienți de salarizare gradația 0|Grad II||,0
2026-07-17,VIII,VIII CII I,28,,,Specialist în managementul serviciilor TIC și e-guvernare,Specialist în managementul serviciilor TIC și e-guvernare,personal contractual,,,,2.8221098265895956,,,S2: Sisteme informatice de dimensiuni mari,2.8221098265895956,4.235,2.822109827|3.161676301|3.557427746|4.235,Coeficienți de salarizare gradația 0|Grad II||,0
2026-07-17,VIII,VIII CII I,29,,,Specialist în dezvoltare TIC și managementul datelor,Specialist în dezvoltare TIC și managementul datelor,personal contractual,,,,3.24,,,S2: Sisteme informatice de dimensiuni mari,3.24,4.605,3.24|3.723699422|4.323696532|4.605,Coeficienți de salarizare gradația 0|Grad II||,0
2026-07-17,VIII,VIII CII I,31,,,Manager TIC,Manager TIC,personal contractual,,,,,,,S1 (S0): Sisteme informatice de dimensiuni foarte mari si critice,6.7,7.3919075144508675,6.7|7.391907514,|,1
2026-07-17,VIII,VIII CII I,32,,,Arhitect TIC,Arhitect TIC,personal contractual,,,,,,,S1 (S0): Sisteme informatice de dimensiuni foarte mari si critice,5.33,5.9,5.33|5.9,|,1
2026-07-17,VIII,VIII CII I,33,,,Specialist Securitate Cibernetica,Specialist Securitate Cibernetica,personal contractual,,,,4.3,,,S1 (S0): Sisteme informatice de dimensiuni foarte mari si critice,4.3,5.8,4.3|4.91|5.24|5.8,Coeficienți de salarizare gradația 0|Grad II||,0
2026-07-17,VIII,VIII CII I,34,,,Specialist în furnizarea și suportul serviciilor TIC,Specialist în furnizarea și suportul serviciilor TIC,personal contractual,,,,3.33,,,S1 (S0): Sisteme informatice de dimensiuni foarte mari si critice,3.33,4.51,3.33|3.65|4.125|4.51,Coeficienți de salarizare gradația 0|Grad II||,0
2026-07-17,VIII,VIII CII I,35,,,Specialist în managementul serviciilor TIC și e-guvernare,Specialist în managementul serviciilor TIC și e-guvernare,personal contractual,,,,3.2,,,S1 (S0): Sisteme informatice de dimensiuni foarte mari si critice,3.2,4.658,3.2|3.79|4.19|4.658,Coeficienți de salarizare gradația 0|Grad II||,0
2026-07-17,VIII,VIII CII I,36,,,Specialist în dezvoltare TIC și managementul datelor,Specialist în dezvoltare TIC și managementul datelor,personal contractual,,,,3.74,,,S1 (S0): Sisteme informatice de dimensiuni foarte mari si critice,3.74,5.51,3.74|4.28867052|4.895028902|5.51,Coeficienți de salarizare gradația 0|Grad II||,0
2026-07-17,IX,IX A,10,,,Preşedintele României,Preşedintele României,,,,,,,,Preşedinţia României,6.470243902439025,8,6.470243902|6.852682927|7.235121951|7.617560976|8,||||,0
2026-07-17,IX,IX A,12,,,Preşedintele Senatului şi Preşedintele Camerei Deputaţilor,Preşedintele Senatului şi Preşedintele Camerei Deputaţilor,,,,,,,,Parlamentul României,6.167317073170731,7.5,6.167317073|6.500487805|6.833658537|7.166829268|7.5,||||,0
2026-07-17,IX,IX A,13,,,Vicepreşedinţii Senatului şi ai Camerei Deputaţilor,Vicepreşedinţii Senatului şi ai Camerei Deputaţilor,,,,,,,,Parlamentul României,5.6426341463414635,6.5,5.642634146|5.85697561|6.071317073|6.285658537|6.5,||||,0
2026-07-17,IX,IX A,14,,,Secretarii şi Chestorii Senatului şi ai Camerei Deputaţilor,Secretarii şi Chestorii Senatului şi ai Camerei Deputaţilor,,,,,,,,Parlamentul României,5.551463414634147,6.45,5.551463415|5.776097561|6.000731707|6.225365854|6.45,||||,0
2026-07-17,IX,IX A,15,,,Liderii grupurilor parlamentare ale Senatului şi Camerei Deputaţilor,Liderii grupurilor parlamentare ale Senatului şi Camerei Deputaţilor,,,,,,,,Parlamentul României,5.3585365853658535,6.5,5.358536585|5.643902439|5.929268293|6.214634146|6.5,||||,0
2026-07-17,IX,IX A,16,,,Preşedinţii comisiilor permanente ale Senatului şi Camerei Deputaţilor,Preşedinţii comisiilor permanente ale Senatului şi Camerei Deputaţilor,,,,,,,,Parlamentul României,5.196780487804878,6.3,5.196780488|5.472585366|5.748390244|6.024195122|6.3,||||,0
2026-07-17,IX,IX A,17,,,Vicepreşedinţii comisiilor permanente ale Senatului şi Camerei Deputaţilor,Vicepreşedinţii comisiilor permanente ale Senatului şi Camerei Deputaţilor,,,,,,,,Parlamentul României,5.0550243902439025,6.2,5.05502439|5.341268293|5.627512195|5.913756098|6.2,||||,0
2026-07-17,IX,IX A,18,,,Secretarii comisiilor permanente ale Senatului şi Camerei Deputaţilor,Secretarii comisiilor permanente ale Senatului şi Camerei Deputaţilor,,,,,,,,Parlamentul României,4.9638536585365856,6.15,4.963853659|5.260390244|5.556926829|5.853463415|6.15,||||,0
2026-07-17,IX,IX A,19,,,"Senatori, deputaţi","Senatori, deputaţi",,,,,,,,Parlamentul României,4.852682926829268,6,4.852682927|5.139512195|5.426341463|5.713170732|6,||||,0
2026-07-17,IX,IX B,9,,,Prim-ministru,Prim-ministru,,,,,,,,,6.167317073170731,7.5,6.167317073|6.500487805|6.833658537|7.166829268|7.5,||||,0
2026-07-17,IX,IX B,10,,,Viceprim-ministru,Viceprim-ministru,,,,,,,,,5.662634146341464,6.6,5.662634146|5.89697561|6.131317073|6.365658537|6.6,||||,0
2026-07-17,IX,IX B,11,,,Ministru,Ministru,,,,,,,,,5.561463414634146,6.5,5.561463415|5.796097561|6.030731707|6.265365854|6.5,||||,0
2026-07-17,IX,IX B,12,,,Ministru delegat,Ministru delegat,,,,,,,,,5.379999999999998,6.3,5.38|5.61|5.84|6.07|6.3,||||,0
2026-07-17,IX,IX B,13,,,Secretar de stat,Secretar de stat,,,,,,,,,4.366829268292683,5.6,4.366829268|4.675121951|4.983414634|5.291707317|5.6,||||,0
2026-07-17,IX,IX B,14,,,Subsecretar de stat,Subsecretar de stat,,,,,,,,,3.8609756097560974,5.1,3.86097561|4.170731707|4.480487805|4.790243902|5.1,||||,0
2026-07-17,IX,IX B,16,,,Preşedinte,Preşedinte,,,,,,,,,5.521463414634146,6.3,5.521463415|5.716097561|5.910731707|6.105365854|6.3,||||,0
2026-07-17,IX,IX B,17,,,Vicepreşedinte,Vicepreşedinte,,,,,,,,,4.346829268292683,5.5,4.346829268|4.635121951|4.923414634|5.211707317|5.5,||||,0
2026-07-17,IX,IX B,18,,,Secretar general,Secretar general,,,,,,,,,4.346829268292683,5.5,4.346829268|4.635121951|4.923414634|5.211707317|5.5,||||,0
2026-07-17,IX,IX B,20,,,Preşedinte consiliu,Preşedinte consiliu,,,,,,,,Consiliul Legislativ,5.561463414634146,6.5,5.561463415|5.796097561|6.030731707|6.265365854|6.5,||||,0
2026-07-17,IX,IX B,21,,,Preşedinte de secţie,Preşedinte de secţie,,,,,,,,Consiliul Legislativ,4.398829268292683,5.760000000000001,4.398829268|4.739121951|5.079414634|5.419707317|5.76,||||,0
2026-07-17,IX,IX B,23,,,Avocatul poporului,Avocatul poporului,,,,,,,,Consiliul Legislativ,5.561463414634146,6.5,5.561463415|5.796097561|6.030731707|6.265365854|6.5,||||,0
2026-07-17,IX,IX B,24,,,Adjunct al Avocatului poporului,Adjunct al Avocatului poporului,,,,,,,,Consiliul Legislativ,4.398829268292683,5.760000000000001,4.398829268|4.739121951|5.079414634|5.419707317|5.76,||||,0
2026-07-17,IX,IX B,26,,,Preşedinte,Preşedinte,,,,,,,,Curtea de Conturi a României *),5.987317073170732,6.6,5.987317073|6.140487805|6.293658537|6.446829268|6.6,||||,0
2026-07-17,IX,IX B,27,,,Vicepreşedinte,Vicepreşedinte,,,,,,,,Curtea de Conturi a României *),5.572634146341464,6.15,5.572634146|5.71697561|5.861317073|6.005658537|6.15,||||,0
2026-07-17,IX,IX B,28,,,Preşedinte Autoritatea de audit,Preşedinte Autoritatea de audit,,,,,,,,Curtea de Conturi a României *),5.572634146341464,6.15,5.572634146|5.71697561|5.861317073|6.005658537|6.15,||||,0
2026-07-17,IX,IX B,29,,,Vicepreşedinte Autoritatea de audit,Vicepreşedinte Autoritatea de audit,,,,,,,,Curtea de Conturi a României *),5.461463414634147,6,5.461463415|5.596097561|5.730731707|5.865365854|6,||||,0
2026-07-17,IX,IX B,30,,,Consilier conturi,Consilier conturi,,,,,,,,Curtea de Conturi a României *),5.461463414634147,6,5.461463415|5.596097561|5.730731707|5.865365854|6,||||,0
2026-07-17,IX,IX B,32,,,Preşedinte,Preşedinte,,,,,,,,Autoritatea Națională pentru Administrare și Reglementare în Comunicații,5.561463414634146,6.5,5.561463415|5.796097561|6.030731707|6.265365854|6.5,||||,0
2026-07-17,IX,IX B,33,,,Vicepreşedinte,Vicepreşedinte,,,,,,,,Autoritatea Națională pentru Administrare și Reglementare în Comunicații,4.366829268292683,5.6,4.366829268|4.675121951|4.983414634|5.291707317|5.6,||||,0
2026-07-17,IX,IX B,35,,,Secretar general al Guvernului,Secretar general al Guvernului,,,,,,,,Secretariatul General al Guvernului,5.561463414634146,6.5,5.561463415|5.796097561|6.030731707|6.265365854|6.5,||||,0
2026-07-17,IX,IX B,36,,,Secretar general adjunct al Guvernului,Secretar general adjunct al Guvernului,,,,,,,,Secretariatul General al Guvernului,4.366829268292683,5.6,4.366829268|4.675121951|4.983414634|5.291707317|5.6,||||,0
2026-07-17,IX,IX B,37,,,Consilier de stat,Consilier de stat,,,,,,,,Secretariatul General al Guvernului,4.366829268292683,5.6,4.366829268|4.675121951|4.983414634|5.291707317|5.6,||||,0
2026-07-17,IX,IX B,38,,,Șeful Cancelariei Prim-ministrului,Șeful Cancelariei Prim-ministrului,,,,,,,,Secretariatul General al Guvernului,5.561463414634146,6.5,5.561463415|5.796097561|6.030731707|6.265365854|6.5,||||,0
2026-07-17,IX,IX B,40,,,Consilier prezidenţial,Consilier prezidenţial,,,,,,,,Administraţia Prezidenţială,5.561463414634146,6.5,5.561463415|5.796097561|6.030731707|6.265365854|6.5,||||,0
2026-07-17,IX,IX B,41,,,Consilier de stat,Consilier de stat,,,,,,,,Administraţia Prezidenţială,4.366829268292683,5.6,4.366829268|4.675121951|4.983414634|5.291707317|5.6,||||,0
2026-07-17,IX,IX B,43,,,Preşedinte,Preşedinte,,,,,,,,Consiliul Concurenţei,5.561463414634146,6.5,5.561463415|5.796097561|6.030731707|6.265365854|6.5,||||,0
2026-07-17,IX,IX B,44,,,Vicepreşedinte,Vicepreşedinte,,,,,,,,Consiliul Concurenţei,5.055609756097561,6,5.055609756|5.291707317|5.527804878|5.763902439|6,||||,0
2026-07-17,IX,IX B,45,,,Consilier de concurenţă,Consilier de concurenţă,,,,,,,,Consiliul Concurenţei,4.366829268292683,5.6,4.366829268|4.675121951|4.983414634|5.291707317|5.6,||||,0
2026-07-17,IX,IX B,47,,,Preşedinte,Preşedinte,,,,,,,,Consiliul Naţional al Audiovizualului,5.561463414634146,6.5,5.561463415|5.796097561|6.030731707|6.265365854|6.5,||||,0
2026-07-17,IX,IX B,48,,,Membri,Membri,,,,,,,,Consiliul Naţional al Audiovizualului,4.366829268292683,5.6,4.366829268|4.675121951|4.983414634|5.291707317|5.6,||||,0
2026-07-17,IX,IX B,50,,,Preşedinte,Preşedinte,,,,,,,,Consiliul Naţional pentru Studierea Arhivelor Securităţii,5.561463414634146,6.5,5.561463415|5.796097561|6.030731707|6.265365854|6.5,||||,0
2026-07-17,IX,IX B,51,,,Vicepreşedinte,Vicepreşedinte,,,,,,,,Consiliul Naţional pentru Studierea Arhivelor Securităţii,5.025609756097561,5.85,5.025609756|5.231707317|5.437804878|5.643902439|5.85,||||,0
2026-07-17,IX,IX B,52,,,Secretar al Consiliului,Secretar al Consiliului,,,,,,,,Consiliul Naţional pentru Studierea Arhivelor Securităţii,4.772682926829268,5.6,4.772682927|4.979512195|5.186341463|5.393170732|5.6,||||,0
2026-07-17,IX,IX B,53,,,Membri,Membri,,,,,,,,Consiliul Naţional pentru Studierea Arhivelor Securităţii,4.366829268292683,5.6,4.366829268|4.675121951|4.983414634|5.291707317|5.6,||||,0
2026-07-17,IX,IX B,55,,,Preşedinte,Preşedinte,,,,,,,,Autoritatea Electorală Permanentă,5.561463414634146,6.5,5.561463415|5.796097561|6.030731707|6.265365854|6.5,||||,0
2026-07-17,IX,IX B,56,,,Vicepreşedinte,Vicepreşedinte,,,,,,,,Autoritatea Electorală Permanentă,4.366829268292683,5.6,4.366829268|4.675121951|4.983414634|5.291707317|5.6,||||,0
2026-07-17,IX,IX B,58,,,Preşedinte,Preşedinte,,,,,,,,Agenţia Naţională de Integritate,4.772682926829268,5.6,4.772682927|4.979512195|5.186341463|5.393170732|5.6,||||,0
2026-07-17,IX,IX B,59,,,Vicepreşedinte,Vicepreşedinte,,,,,,,,Agenţia Naţională de Integritate,4.346829268292683,5.5,4.346829268|4.635121951|4.923414634|5.211707317|5.5,||||,0
2026-07-17,IX,IX B,61,,,Preşedinte,Preşedinte,,,,,,,,Oficiul Naţional de Prevenire şi Combatere a Spălării Banilor,4.772682926829268,5.6,4.772682927|4.979512195|5.186341463|5.393170732|5.6,||||,0
2026-07-17,IX,IX B,62,,,Vicepreședinte,Vicepreședinte,,,,,,,,Oficiul Naţional de Prevenire şi Combatere a Spălării Banilor,4.346829268292683,5.5,4.346829268|4.635121951|4.923414634|5.211707317|5.5,||||,0
2026-07-17,IX,IX B,64,,,Director general,Director general,,,,,,,,Oficiul Registrului Naţional al Informaţiilor Secrete de Stat,4.772682926829268,5.6,4.772682927|4.979512195|5.186341463|5.393170732|5.6,||||,0
2026-07-17,IX,IX B,66,,,Preşedinte,Preşedinte,,,,,,,,Institutul Național de Statistică,4.366829268292683,5.6,4.366829268|4.675121951|4.983414634|5.291707317|5.6,||||,0
2026-07-17,IX,IX B,67,,,Vicepreşedinte,Vicepreşedinte,,,,,,,,Institutul Național de Statistică,3.8609756097560974,5.1,3.86097561|4.170731707|4.480487805|4.790243902|5.1,||||,0
2026-07-17,IX,IX B,69,,,Prefect,Prefect,,,,,,,,Instituţia Prefectului,4.702682926829268,5.25,4.702682927|4.839512195|4.976341463|5.113170732|5.25,||||,0
2026-07-17,IX,IX B,70,,,Subprefect,Subprefect,,,,,,,,Instituţia Prefectului,3.9839024390243902,4.7,3.983902439|4.162926829|4.34195122|4.52097561|4.7,||||,0
2026-07-17,IX,IX C,11,,,Primar general al Capitalei,Primar general al Capitalei,,,,,,,,PRIMĂRII ŞI CONSILII,6.01219512195122,6.5,6.012195122|6.134146341|6.256097561|6.37804878|6.5,||||,0
2026-07-17,IX,IX C,12,,,Viceprimar al Capitalei,Viceprimar al Capitalei,,,,,,,,PRIMĂRII ŞI CONSILII,5.440975609756097,6,5.44097561|5.580731707|5.720487805|5.860243902|6,||||,0
2026-07-17,IX,IX C,13,,,Preşedinte al consiliului judeţean,Preşedinte al consiliului judeţean,,,,,,,,PRIMĂRII ŞI CONSILII,5.440975609756097,6,5.44097561|5.580731707|5.720487805|5.860243902|6,||||,0
2026-07-17,IX,IX C,14,,,Vicepreşedinte al consiliului judeţean,Vicepreşedinte al consiliului judeţean,,,,,,,,PRIMĂRII ŞI CONSILII,4.829756097560975,5.3,4.829756098|4.947317073|5.064878049|5.182439024|5.3,||||,0
2026-07-17,IX,IX C,15,,,Primar municipiu resedinta de judet,Primar municipiu resedinta de judet,,,,,,,,PRIMĂRII ŞI CONSILII,5.440975609756097,6,5.44097561|5.580731707|5.720487805|5.860243902|6,||||,0
2026-07-17,IX,IX C,16,,,Primar al sectoarelor mun. București,Primar al sectoarelor mun. București,,,,,,,,PRIMĂRII ŞI CONSILII,5.440975609756097,6,5.44097561|5.580731707|5.720487805|5.860243902|6,||||,0
2026-07-17,IX,IX C,17,,,Primar unităţi administrativ-teritoriale cu 50.001 pana la 200.000 locuitori,Primar unităţi administrativ-teritoriale cu 50.001 pana la 200.000 locuitori,,,,,,,,PRIMĂRII ŞI CONSILII,4.4959999999999996,4.8,4.496|4.572|4.648|4.724|4.8,||||,0
2026-07-17,IX,IX C,18,,,Primar unităţi administrativ-teritoriale cu 10.001 pana la 50.000 locuitori,Primar unităţi administrativ-teritoriale cu 10.001 pana la 50.000 locuitori,,,,,,,,PRIMĂRII ŞI CONSILII,3.8600000000000003,4.5,3.86|4.02|4.18|4.34|4.5,||||,0
2026-07-17,IX,IX C,19,,,Primar unităţi administrativ-teritoriale pana la 10.000 locuitori,Primar unităţi administrativ-teritoriale pana la 10.000 locuitori,,,,,,,,PRIMĂRII ŞI CONSILII,3.302,4.35,3.302|3.564|3.826|4.088|4.35,||||,0
2026-07-17,IX,IX C,20,,,Viceprimar municipiu resedinta de judet,Viceprimar municipiu resedinta de judet,,,,,,,,PRIMĂRII ŞI CONSILII,4.829756097560975,5.3,4.829756098|4.947317073|5.064878049|5.182439024|5.3,||||,0
2026-07-17,IX,IX C,21,,,Viceprimar al sectoarelor mun. București,Viceprimar al sectoarelor mun. București,,,,,,,,PRIMĂRII ŞI CONSILII,4.829756097560975,5.3,4.829756098|4.947317073|5.064878049|5.182439024|5.3,||||,0
2026-07-17,IX,IX C,22,,,Viceprimar unităţi administrativ-teritoriale cu 50.001 pana la 200.000 locuitori,Viceprimar unităţi administrativ-teritoriale cu 50.001 pana la 200.000 locuitori,,,,,,,,PRIMĂRII ŞI CONSILII,3.55,4.35,3.55|3.75|3.95|4.15|4.35,||||,0
2026-07-17,IX,IX C,23,,,Viceprimar unităţi administrativ-teritoriale cu 10.001 pana la 50.000 locuitori,Viceprimar unităţi administrativ-teritoriale cu 10.001 pana la 50.000 locuitori,,,,,,,,PRIMĂRII ŞI CONSILII,3.25,3.75,3.25|3.37|3.5|3.62|3.75,||||,0
2026-07-17,IX,IX C,24,,,Viceprimar unităţi administrativ-teritoriale pana la 10.000 locuitori,Viceprimar unităţi administrativ-teritoriale pana la 10.000 locuitori,,,,,,,,PRIMĂRII ŞI CONSILII,2.66,3.5,2.66|2.87|3.08|3.29|3.5,||||,0
2026-07-17,IX,IX D,9,,,"Conducătorul instituţiei (preşedinte, director general, şef oficiu, etc.)",Conducătorul instituţiei,,,,,,,,Instituţii publice din subordinea Guvernului *),4.864000000000001,5.120000000000001,4.864|5.12,|,0
2026-07-17,IX,IX D,10,,,"Adjunctul conducătorului instituţiei (vicepreşedinte, director general adjunct, etc.)",Adjunctul conducătorului instituţiei,,,,,,,,Instituţii publice din subordinea Guvernului *),4.608,4.864000000000001,4.608|4.864,|,0
