cod_cor,denumire,denumire_normalizata,grupa_majora,subgrupa_majora,grupa_minora,isco_grupa_de_baza
111101,adjunct al procurorului general,adjunct al procurorului general,1,11,111,1111
111102,ambasador,ambasador,1,11,111,1111
111103,chestor Parlament,chestor parlament,1,11,111,1111
111104,comandant unic aviație,comandant unic aviatie,1,11,111,1111
111105,comisar general,comisar general,1,11,111,1111
111106,comisar general adjunct,comisar general adjunct,1,11,111,1111
111107,senator,senator,1,11,111,1111
111108,guvernator,guvernator,1,11,111,1111
111109,președinte Academie,presedinte academie,1,11,111,1111
111110,președinte Înalta Curte de Casație și Justiție,presedinte inalta curte de casatie si justitie,1,11,111,1111
111111,președinte curte de apel,presedinte curte de apel,1,11,111,1111
111112,președinte Curtea de Conturi a României,presedinte curtea de conturi a romaniei,1,11,111,1111
111113,președinte de judecătorie,presedinte de judecatorie,1,11,111,1111
111114,președinte Camera Deputaților,presedinte camera deputatilor,1,11,111,1111
111115,"președinte secție (la Înalta Curte de Casație și Justiție, la curtea de apel, tribunale și judecătorii)",presedinte sectie la inalta curte de casatie si justitie la curtea de apel tribunale si judecatorii,1,11,111,1111
111116,președinte tribunal,presedinte tribunal,1,11,111,1111
111117,Președintele României,presedintele romaniei,1,11,111,1111
111118,prim-procuror,prim procuror,1,11,111,1111
111119,prim-procuror adjunct,prim procuror adjunct,1,11,111,1111
111120,prim-adjunct al procurorului general,prim adjunct al procurorului general,1,11,111,1111
111121,prim-ministru,prim ministru,1,11,111,1111
111122,procuror general,procuror general,1,11,111,1111
111123,procuror șef de secție,procuror sef de sectie,1,11,111,1111
111124,procuror șef de secție adjunct,procuror sef de sectie adjunct,1,11,111,1111
111125,secretar general al Guvernului,secretar general al guvernului,1,11,111,1111
111126,secretar Parlament,secretar parlament,1,11,111,1111
111127,secretar de stat,secretar de stat,1,11,111,1111
111128,"vicepreședinte (la Înalta Curte de Casație și Justiție, Curtea de Apel, tribunale și judecătorii)",vicepresedinte la inalta curte de casatie si justitie curtea de apel tribunale si judecatorii,1,11,111,1111
111129,inspector-șef al Inspecției Judiciare de pe lângă Plenul Consiliului Superior al Magistraturii,inspector sef al inspectiei judiciare de pe langa plenul consiliului superior al magistraturii,1,11,111,1111
111130,membru al Consiliului Superior al Magistraturii,membru al consiliului superior al magistraturii,1,11,111,1111
111131,secretar general adjunct al Consiliului Superior al Magistraturii,secretar general adjunct al consiliului superior al magistraturii,1,11,111,1111
111132,inspector în cadrul Inspecției Judiciare pentru judecători/ procurori de pe lângă Plenul Consiliului Superior al Magistraturii,inspector in cadrul inspectiei judiciare pentru judecatori procurori de pe langa plenul consiliului superior al magistraturii,1,11,111,1111
111133,inspector general judecătoresc șef,inspector general judecatoresc sef,1,11,111,1111
111134,ministru,ministru,1,11,111,1111
111135,ministru consilier,ministru consilier,1,11,111,1111
111136,ministru de stat,ministru de stat,1,11,111,1111
111137,ministru plenipotențiar,ministru plenipotentiar,1,11,111,1111
111138,deputat,deputat,1,11,111,1111
111139,președinte Senat,presedinte senat,1,11,111,1111
111140,subsecretar de stat,subsecretar de stat,1,11,111,1111
111201,consilier diplomatic,consilier diplomatic,1,11,111,1112
111202,consilier guvernamental,consilier guvernamental,1,11,111,1112
111203,consilier și consultant juridic,consilier si consultant juridic,1,11,111,1112
111204,consilier instituții publice,consilier institutii publice,1,11,111,1112
111205,consilier al ministrului,consilier al ministrului,1,11,111,1112
111206,consul general,consul general,1,11,111,1112
111207,director instituție publică,director institutie publica,1,11,111,1112
111208,director adjunct instituție publică,director adjunct institutie publica,1,11,111,1112
111209,director de cabinet,director de cabinet,1,11,111,1112
111210,director general instituție publică,director general institutie publica,1,11,111,1112
111211,consilier economic,consilier economic,1,11,111,1112
111212,inspector de stat șef,inspector de stat sef,1,11,111,1112
111213,inspector-șef în administrația publică,inspector sef in administratia publica,1,11,111,1112
111214,magistrat-asistent-șef,magistrat asistent sef,1,11,111,1112
111215,notar-șef,notar sef,1,11,111,1112
111216,notar-șef adjunct,notar sef adjunct,1,11,111,1112
111217,secretar-șef notariat,secretar sef notariat,1,11,111,1112
111218,prefect,prefect,1,11,111,1112
111219,secretar general,secretar general,1,11,111,1112
111220,șef birou instituție publică,sef birou institutie publica,1,11,111,1112
111221,șef cabinet,sef cabinet,1,11,111,1112
111222,șef birou senatorial,sef birou senatorial,1,11,111,1112
111223,șef departament,sef departament,1,11,111,1112
111224,șef protocol de stat,sef protocol de stat,1,11,111,1112
111225,șef serviciu instituție publică,sef serviciu institutie publica,1,11,111,1112
111226,subprefect,subprefect,1,11,111,1112
111227,viceguvernator,viceguvernator,1,11,111,1112
111228,președinte instituție publică,presedinte institutie publica,1,11,111,1112
111229,consilier prezidențial,consilier prezidential,1,11,111,1112
111230,consilier parlamentar,consilier parlamentar,1,11,111,1112
111231,vicepreședinte instituție publică,vicepresedinte institutie publica,1,11,111,1112
111232,atașat diplomatic,atasat diplomatic,1,11,111,1112
111233,consul,consul,1,11,111,1112
111234,secretar diplomatic,secretar diplomatic,1,11,111,1112
111235,viceconsul,viceconsul,1,11,111,1112
111236,consultant prezidențial și guvernamental,consultant prezidential si guvernamental,1,11,111,1112
111237,secretar general Academie,secretar general academie,1,11,111,1112
111238,director general adjunct,director general adjunct,1,11,111,1112
111239,investigator șef,investigator sef,1,11,111,1112
111240,inspector șef teritorial,inspector sef teritorial,1,11,111,1112
111241,consilier de stat,consilier de stat,1,11,111,1112
111301,primar,primar,1,11,111,1113
111302,"secretar primărie, prefectură",secretar primarie prefectura,1,11,111,1113
111303,viceprimar,viceprimar,1,11,111,1113
111401,consilier organizație politică,consilier organizatie politica,1,11,111,1114
111402,președinte consilier organizație politică,presedinte consilier organizatie politica,1,11,111,1114
111403,vicepreședinte organizație politică,vicepresedinte organizatie politica,1,11,111,1114
111404,secretar organizație politică,secretar organizatie politica,1,11,111,1114
111405,"conducător de asociații, filiale și organizații obștești",conducator de asociatii filiale si organizatii obstesti,1,11,111,1114
111406,"locțiitor al conducătorului de asociații, filiale și organizații obștești",loctiitor al conducatorului de asociatii filiale si organizatii obstesti,1,11,111,1114
111407,"secretar și secretar adjunct ai asociațiilor, filialelor și organizațiilor obștești",secretar si secretar adjunct ai asociatiilor filialelor si organizatiilor obstesti,1,11,111,1114
111408,președinte organizație sindicală,presedinte organizatie sindicala,1,11,111,1114
111409,vicepreședinte organizație sindicală,vicepresedinte organizatie sindicala,1,11,111,1114
111410,secretar organizație sindicală,secretar organizatie sindicala,1,11,111,1114
111411,delegat sindical,delegat sindical,1,11,111,1114
111412,președinte asociație națională cooperatistă,presedinte asociatie nationala cooperatista,1,11,111,1114
111413,vicepreședinte asociație națională cooperatistă,vicepresedinte asociatie nationala cooperatista,1,11,111,1114
111414,secretar general asociație națională cooperatistă,secretar general asociatie nationala cooperatista,1,11,111,1114
111415,președinte asociație teritorială de organizații cooperatiste,presedinte asociatie teritoriala de organizatii cooperatiste,1,11,111,1114
111416,vicepreședinte asociație teritorială de organizații cooperatiste,vicepresedinte asociatie teritoriala de organizatii cooperatiste,1,11,111,1114
111417,secretar asociație teritorială de organizații cooperatiste,secretar asociatie teritoriala de organizatii cooperatiste,1,11,111,1114
111418,șef departament organizație sindicală,sef departament organizatie sindicala,1,11,111,1114
111419,președinte organizație cooperatistă,presedinte organizatie cooperatista,1,11,111,1114
111420,vicepreședinte organizație cooperatistă,vicepresedinte organizatie cooperatista,1,11,111,1114
111421,președinte asociație patronală,presedinte asociatie patronala,1,11,111,1114
111422,vicepreședinte asociație patronală,vicepresedinte asociatie patronala,1,11,111,1114
111423,președinte organizație profesională națională,presedinte organizatie profesionala nationala,1,11,111,1114
111424,vicepreședinte organizație profesională națională,vicepresedinte organizatie profesionala nationala,1,11,111,1114
111425,secretar național organizație profesională națională,secretar national organizatie profesionala nationala,1,11,111,1114
111426,"președinte organizație profesională, filială județeană/ municipiu",presedinte organizatie profesionala filiala judeteana municipiu,1,11,111,1114
111427,"vicepreședinte organizație profesională, filială județeană/ municipiu",vicepresedinte organizatie profesionala filiala judeteana municipiu,1,11,111,1114
111428,"secretar organizație profesională, filială județeană/ municipiu",secretar organizatie profesionala filiala judeteana municipiu,1,11,111,1114
111429,consilier președinte organizație profesională națională,consilier presedinte organizatie profesionala nationala,1,11,111,1114
111430,"consilier președinte organizație profesională, filială județeană/ municipiu",consilier presedinte organizatie profesionala filiala judeteana municipiu,1,11,111,1114
111431,"șef departament/ compartiment/ președinte comisie organizație profesională, filială județeană/ municipiu",sef departament compartiment presedinte comisie organizatie profesionala filiala judeteana municipiu,1,11,111,1114
111432,delegat sindical local,delegat sindical local,1,11,111,1114
111433,conducător de organizații umanitare,conducator de organizatii umanitare,1,11,111,1114
111434,secretar al organizațiilor umanitare,secretar al organizatiilor umanitare,1,11,111,1114
112001,comandant/ comandant adjunct aviație,comandant comandant adjunct aviatie,1,11,112,1120
112002,"comandant port, flotă",comandant port flota,1,11,112,1120
112003,"decan, rector, prorector, prodecan",decan rector prorector prodecan,1,11,112,1120
112004,director societate comercială,director societate comerciala,1,11,112,1120
112005,director adjunct societate comercială,director adjunct societate comerciala,1,11,112,1120
112006,inspector general școlar,inspector general scolar,1,11,112,1120
112007,director științific cercetare-dezvoltare,director stiintific cercetare dezvoltare,1,11,112,1120
112008,inspector sanitar șef,inspector sanitar sef,1,11,112,1120
112009,medic (farmacist) director,medic farmacist director,1,11,112,1120
112010,medic (farmacist) director adjunct,medic farmacist director adjunct,1,11,112,1120
112011,director general societate comercială,director general societate comerciala,1,11,112,1120
112012,director general adjunct societate comercială,director general adjunct societate comerciala,1,11,112,1120
112013,director de program,director de program,1,11,112,1120
112014,director general regie autonomă,director general regie autonoma,1,11,112,1120
112015,director general adjunct regie autonomă,director general adjunct regie autonoma,1,11,112,1120
112016,director control risc,director control risc,1,11,112,1120
112017,director comercial,director comercial,1,11,112,1120
112018,director vânzări,director vanzari,1,11,112,1120
112019,"director/ director adjunct, inspector-șef",director director adjunct inspector sef,1,11,112,1120
112020,director economic,director economic,1,11,112,1120
112021,director magazin,director magazin,1,11,112,1120
112022,șef corp executori bancari,sef corp executori bancari,1,11,112,1120
112023,director sucursală,director sucursala,1,11,112,1120
112024,director tehnic,director tehnic,1,11,112,1120
112025,director general institut național de cercetare-dezvoltare,director general institut national de cercetare dezvoltare,1,11,112,1120
112026,director incubator tehnologic de afaceri,director incubator tehnologic de afaceri,1,11,112,1120
112027,director departament cercetare-dezvoltare,director departament cercetare dezvoltare,1,11,112,1120
112028,manager general,manager general,1,11,112,1120
112029,manager,manager,1,11,112,1120
112030,șef cancelarie,sef cancelarie,1,11,112,1120
112031,director de societate comercială agricolă,director de societate comerciala agricola,1,11,112,1120
112032,antreprenor în economia socială,antreprenor in economia sociala,1,11,112,1120
112033,director resurse umane,director resurse umane,1,11,112,1120
112034,inspector școlar general adjunct,inspector scolar general adjunct,1,11,112,1120
112035,director casa corpului didactic,director casa corpului didactic,1,11,112,1120
112036,manager de întreprindere socială,manager de intreprindere sociala,1,11,112,1120
112037,producător general,producator general,1,11,112,1120
112038,director dezvoltare afacere în domeniul agroalimentar,director dezvoltare afacere in domeniul agroalimentar,1,11,112,1120
112039,manager în servicii sociale,manager in servicii sociale,1,11,112,1120
112040,director executiv cooperativă agricolă,director executiv cooperativa agricola,1,11,112,1120
121101,președinte bancă/ vicepreședinte/ prim-vicepreședinte,presedinte banca vicepresedinte prim vicepresedinte,1,12,121,1211
121102,economist-șef,economist sef,1,12,121,1211
121103,director general/ director general adjunct bancă/ societate de leasing,director general director general adjunct banca societate de leasing,1,12,121,1211
121104,director executiv bancă/ director/director adjunct,director executiv banca director director adjunct,1,12,121,1211
121105,șef departament  bancă/ șef-adjunct departament,sef departament banca sef adjunct departament,1,12,121,1211
121106,șef proiect bancă,sef proiect banca,1,12,121,1211
121107,șef serviciu/ șef birou/ bancă/ societate de leasing,sef serviciu sef birou banca societate de leasing,1,12,121,1211
121108,coordonator compartiment/ colectiv bancă,coordonator compartiment colectiv banca,1,12,121,1211
121109,dealer-șef (arbitragist bancă),dealer sef arbitragist banca,1,12,121,1211
121110,director unitate bancară operațională/ director adjunct unitate bancară  operațională,director unitate bancara operationala director adjunct unitate bancara operationala,1,12,121,1211
121111,șef agenție bancară,sef agentie bancara,1,12,121,1211
121112,contabil-șef/ director financiar/ bancă/ societate de leasing,contabil sef director financiar banca societate de leasing,1,12,121,1211
121113,director de arhivă bancă,director de arhiva banca,1,12,121,1211
121114,director/ director adjunct divizie/ direcție de leasing,director director adjunct divizie directie de leasing,1,12,121,1211
121116,director/ director executiv conformitate,director director executiv conformitate,1,12,121,1211
121117,coordonator conformitate,coordonator conformitate,1,12,121,1211
121118,manager securitatea informației (Chief Information Security Officer -CISO),manager securitatea informatiei chief information security officer ciso,1,12,121,1211
121119,comisar șef divizie Garda Financiară,comisar sef divizie garda financiara,1,12,121,1211
121120,contabil-șef,contabil sef,1,12,121,1211
121121,controlor financiar,controlor financiar,1,12,121,1211
121122,șef agenție CEC,sef agentie cec,1,12,121,1211
121123,șef birou/ serviciu/ secție circumscripție financiară,sef birou serviciu sectie circumscriptie financiara,1,12,121,1211
121124,șef birou/ serviciu financiar-contabilitate,sef birou serviciu financiar contabilitate,1,12,121,1211
121125,manager financiar,manager financiar,1,12,121,1211
121126,manager relații financiare externe,manager relatii financiare externe,1,12,121,1211
121127,controlor revizor financiar,controlor revizor financiar,1,12,121,1211
121128,șef birou financiar,sef birou financiar,1,12,121,1211
121129,șef birou contabilitate,sef birou contabilitate,1,12,121,1211
121130,șef birou analize economice,sef birou analize economice,1,12,121,1211
121131,auditor public extern,auditor public extern,1,12,121,1211
121201,șef birou calificare și recalificare,sef birou calificare si recalificare,1,12,121,1212
121202,șef birou pensii,sef birou pensii,1,12,121,1212
121203,șef birou șomaj,sef birou somaj,1,12,121,1212
121204,șef oficiu șomaj,sef oficiu somaj,1,12,121,1212
121205,șef serviciu resurse umane,sef serviciu resurse umane,1,12,121,1212
121206,șef serviciu evaluarea resurselor de muncă,sef serviciu evaluarea resurselor de munca,1,12,121,1212
121207,manager resurse umane,manager resurse umane,1,12,121,1212
121208,șef centru perfecționare,sef centru perfectionare,1,12,121,1212
121209,șef birou resurse umane,sef birou resurse umane,1,12,121,1212
121301,"șef birou organizație politică, obștească, umanitară",sef birou organizatie politica obsteasca umanitara,1,12,121,1213
121302,"șef serviciu organizație politică, obștească, umanitară",sef serviciu organizatie politica obsteasca umanitara,1,12,121,1213
121303,inspector protecție civilă,inspector protectie civila,1,12,121,1213
121304,șef executiv audit intern,sef executiv audit intern,1,12,121,1213
121306,manager de securitate,manager de securitate,1,12,121,1213
121307,manager energetic,manager energetic,1,12,121,1213
121308,manager informații pentru afaceri,manager informatii pentru afaceri,1,12,121,1213
121309,manager pentru ordine și siguranță publică,manager pentru ordine si siguranta publica,1,12,121,1213
121310,șef birou corp control,sef birou corp control,1,12,121,1213
121311,manager comunicare guvernamentală,manager comunicare guvernamentala,1,12,121,1213
121901,șef serviciu,sef serviciu,1,12,121,1219
121902,șef atelier,sef atelier,1,12,121,1219
121903,șef secție,sef sectie,1,12,121,1219
121904,șef birou,sef birou,1,12,121,1219
121905,procuror șef birou/ serviciu,procuror sef birou serviciu,1,12,121,1219
121906,șef birou/ serviciu administrativ,sef birou serviciu administrativ,1,12,121,1219
121907,registrator coordonator,registrator coordonator,1,12,121,1219
121908,registrator-șef,registrator sef,1,12,121,1219
121909,"grefier-șef (judecătorie, parchet)",grefier sef judecatorie parchet,1,12,121,1219
121910,"grefier șef de secție (curte de apel, tribunal, parchete)",grefier sef de sectie curte de apel tribunal parchete,1,12,121,1219
121911,prim-grefier,prim grefier,1,12,121,1219
121912,șef laborator criminalistică,sef laborator criminalistica,1,12,121,1219
121913,șef proces fabricație,sef proces fabricatie,1,12,121,1219
121914,șef secțiune tehnică,sef sectiune tehnica,1,12,121,1219
121915,șef linie fabricație,sef linie fabricatie,1,12,121,1219
121916,responsabil industrializare produs,responsabil industrializare produs,1,12,121,1219
121917,șef grup funcțional tehnic,sef grup functional tehnic,1,12,121,1219
121918,șef sucursală (studii superioare),sef sucursala studii superioare,1,12,121,1219
121919,șef compartiment (studii superioare),sef compartiment studii superioare,1,12,121,1219
121920,director pentru relația cu investitorii,director pentru relatia cu investitorii,1,12,121,1219
122101,șef serviciu marketing,sef serviciu marketing,1,12,122,1221
122102,șef birou marketing,sef birou marketing,1,12,122,1221
122103,șef licitație,sef licitatie,1,12,122,1221
122104,director operații tranzacții,director operatii tranzactii,1,12,122,1221
122105,șef casă compensație,sef casa compensatie,1,12,122,1221
122106,șef agenție bursieră,sef agentie bursiera,1,12,122,1221
122107,"manager marketing (tarife, contracte, achiziții)",manager marketing tarife contracte achizitii,1,12,122,1221
122108,"conducător firmă mică - patron (girant) în afaceri, intermedieri și alte servicii comerciale",conducator firma mica patron girant in afaceri intermedieri si alte servicii comerciale,1,12,122,1221
122109,responsabil produs,responsabil produs,1,12,122,1221
122110,manager clienți strategici,manager clienti strategici,1,12,122,1221
122201,șef agenție reclamă publicitară,sef agentie reclama publicitara,1,12,122,1222
122202,șef birou reclamă publicitară,sef birou reclama publicitara,1,12,122,1222
122203,șef serviciu reclamă publicitară,sef serviciu reclama publicitara,1,12,122,1222
122301,arhitect-șef,arhitect sef,1,12,122,1223
122302,geolog-șef,geolog sef,1,12,122,1223
122303,secretar științific,secretar stiintific,1,12,122,1223
122304,șef formație lucrări geologice,sef formatie lucrari geologice,1,12,122,1223
122305,șef formație cercetare-dezvoltare,sef formatie cercetare dezvoltare,1,12,122,1223
122306,meteorolog-șef,meteorolog sef,1,12,122,1223
122307,director filială cercetare-proiectare,director filiala cercetare proiectare,1,12,122,1223
122308,"șef atelier ediție, multiplicare, expediție",sef atelier editie multiplicare expeditie,1,12,122,1223
122309,șef proiect cercetare-proiectare,sef proiect cercetare proiectare,1,12,122,1223
122310,șef secție cercetare-proiectare,sef sectie cercetare proiectare,1,12,122,1223
122311,șef atelier cercetare-proiectare,sef atelier cercetare proiectare,1,12,122,1223
122312,responsabil CTE (control tehnic-economic) în cercetare-proiectare,responsabil cte control tehnic economic in cercetare proiectare,1,12,122,1223
122313,director proiect,director proiect,1,12,122,1223
122314,șef proiect/ program,sef proiect program,1,12,122,1223
122315,inspector-șef inspecția meteorologică națională,inspector sef inspectia meteorologica nationala,1,12,122,1223
131101,hidrometeorolog-șef,hidrometeorolog sef,1,13,131,1311
131102,inginer-șef agricultură și silvicultură,inginer sef agricultura si silvicultura,1,13,131,1311
131103,inspector general vânătoare,inspector general vanatoare,1,13,131,1311
131104,medic veterinar șef,medic veterinar sef,1,13,131,1311
131105,șef centru protecția plantelor și mediului,sef centru protectia plantelor si mediului,1,13,131,1311
131106,șef centru reproducția și selecția animalelor,sef centru reproductia si selectia animalelor,1,13,131,1311
131107,"șef district, centru, ocol silvic",sef district centru ocol silvic,1,13,131,1311
131108,șef circumscripție sanitar-veterinară și control al alimentelor,sef circumscriptie sanitar veterinara si control al alimentelor,1,13,131,1311
131109,șef complex zootehnic,sef complex zootehnic,1,13,131,1311
131110,șef fazanerie,sef fazanerie,1,13,131,1311
131111,șef fermă agricolă (agrozootehnică),sef ferma agricola agrozootehnica,1,13,131,1311
131112,șef laborator analize pedologice,sef laborator analize pedologice,1,13,131,1311
131114,șef parchet,sef parchet,1,13,131,1311
131115,"șef pepinieră silvicolă, pomicolă, viticolă",sef pepiniera silvicola pomicola viticola,1,13,131,1311
131116,"șef stație hidrologică, meteorologică și incubație",sef statie hidrologica meteorologica si incubatie,1,13,131,1311
131117,"șef stație producție, exploatare, întreținere în agricultură",sef statie productie exploatare intretinere in agricultura,1,13,131,1311
131118,șef stație vinificație,sef statie vinificatie,1,13,131,1311
131119,șef stație lucrări de irigație și ameliorare a solului,sef statie lucrari de irigatie si ameliorare a solului,1,13,131,1311
131120,inspector veterinar șef,inspector veterinar sef,1,13,131,1311
131121,șef secție mecanizare,sef sectie mecanizare,1,13,131,1311
131122,conducător întreprindere mică - patron (girant) în agricultură și silvicultură,conducator intreprindere mica patron girant in agricultura si silvicultura,1,13,131,1311
131123,președinte cooperativă agricolă,presedinte cooperativa agricola,1,13,131,1311
131201,șef păstrăvărie,sef pastravarie,1,13,131,1312
131202,inginer-șef piscicultură și vânătoare,inginer sef piscicultura si vanatoare,1,13,131,1312
131203,conducător întreprindere mică - patron (girant) în piscicultură și vânătoare,conducator intreprindere mica patron girant in piscicultura si vanatoare,1,13,131,1312
132101,inginer-șef industria prelucrătoare,inginer sef industria prelucratoare,1,13,132,1321
132102,șef atelier industria prelucrătoare,sef atelier industria prelucratoare,1,13,132,1321
132103,șef sector industria prelucrătoare,sef sector industria prelucratoare,1,13,132,1321
132104,șef laborator în industria prelucrătoare,sef laborator in industria prelucratoare,1,13,132,1321
132105,șef modul în industria prelucrătoare,sef modul in industria prelucratoare,1,13,132,1321
132106,șef secție industrie prelucrătoare,sef sectie industrie prelucratoare,1,13,132,1321
132107,șef serviciu industrie prelucrătoare,sef serviciu industrie prelucratoare,1,13,132,1321
132108,șef birou industrie prelucrătoare,sef birou industrie prelucratoare,1,13,132,1321
132109,manager securitate instalații industria prelucrătoare,manager securitate instalatii industria prelucratoare,1,13,132,1321
132110,conducător întreprindere mică - patron (girant) industrie prelucrătoare,conducator intreprindere mica patron girant industrie prelucratoare,1,13,132,1321
132111,șef birou tehnic,sef birou tehnic,1,13,132,1321
132112,șef birou calitate,sef birou calitate,1,13,132,1321
132113,șef serviciu plan producție,sef serviciu plan productie,1,13,132,1321
132114,șef structura de securitate,sef structura de securitate,1,13,132,1321
132201,inginer-șef industria extractivă,inginer sef industria extractiva,1,13,132,1322
132202,șef atelier industria extractivă,sef atelier industria extractiva,1,13,132,1322
132203,șef sector industria extractivă,sef sector industria extractiva,1,13,132,1322
132204,șef modul în industria extractivă,sef modul in industria extractiva,1,13,132,1322
132205,șef secție industrie extractivă,sef sectie industrie extractiva,1,13,132,1322
132206,șef serviciu industrie extractivă,sef serviciu industrie extractiva,1,13,132,1322
132207,șef birou industrie extractivă,sef birou industrie extractiva,1,13,132,1322
132208,manager securitate instalații industria extractivă,manager securitate instalatii industria extractiva,1,13,132,1322
132209,conducător întreprindere mică - patron (girant) industrie extractivă,conducator intreprindere mica patron girant industrie extractiva,1,13,132,1322
132210,inginer- șef exploatare nucleară,inginer sef exploatare nucleara,1,13,132,1322
132211,inginer- șef radioprotecție,inginer sef radioprotectie,1,13,132,1322
132212,șef unități miniere,sef unitati miniere,1,13,132,1322
132213,șef brigadă exploatare minieră,sef brigada exploatare miniera,1,13,132,1322
132214,inspector- șef conservarea energiei,inspector sef conservarea energiei,1,13,132,1322
132215,șef centru prelucrare,sef centru prelucrare,1,13,132,1322
132216,șef laborator control tehnic de calitate a combustibilului nuclear,sef laborator control tehnic de calitate a combustibilului nuclear,1,13,132,1322
132217,șef serviciu tehnic și componente nucleare,sef serviciu tehnic si componente nucleare,1,13,132,1322
132218,șef serviciu termochimic,sef serviciu termochimic,1,13,132,1322
132219,"șef uzină, centrală electrică, gaze, apă",sef uzina centrala electrica gaze apa,1,13,132,1322
132220,"șef centrală electrică, gaze și apă",sef centrala electrica gaze si apa,1,13,132,1322
132221,șef atelier reparații capitale,sef atelier reparatii capitale,1,13,132,1322
132222,inspector general industria petrolieră,inspector general industria petroliera,1,13,132,1322
132223,șef formație industria petrolieră/ petrochimică,sef formatie industria petroliera petrochimica,1,13,132,1322
132224,șef instalație petrolieră,sef instalatie petroliera,1,13,132,1322
132225,șef laborator industria petrolieră,sef laborator industria petroliera,1,13,132,1322
132226,șef stație epurare ape reziduale,sef statie epurare ape reziduale,1,13,132,1322
132227,supervizor geolog și foraj,supervizor geolog si foraj,1,13,132,1322
132228,șef formație în industria de mașini și echipamente,sef formatie in industria de masini si echipamente,1,13,132,1322
132229,șef/ șef adjunct stație electrică,sef sef adjunct statie electrica,1,13,132,1322
132230,șef/ șef adjunct centru exploatare rețele electrice,sef sef adjunct centru exploatare retele electrice,1,13,132,1322
132231,șef dispecer energetic central (DEC),sef dispecer energetic central dec,1,13,132,1322
132232,șef dispecer energetic teritorial (DET),sef dispecer energetic teritorial det,1,13,132,1322
132233,șef formație la fabricarea armamentului și muniției,sef formatie la fabricarea armamentului si munitiei,1,13,132,1322
132234,șef schimb,sef schimb,1,13,132,1322
132235,șef formație,sef formatie,1,13,132,1322
132301,ajutor șef brigadă în construcții,ajutor sef brigada in constructii,1,13,132,1323
132302,inginer- șef în construcții,inginer sef in constructii,1,13,132,1323
132303,conducător antrepriză construcții-montaj,conducator antrepriza constructii montaj,1,13,132,1323
132304,șef atelier în construcții,sef atelier in constructii,1,13,132,1323
132305,șef brigadă complexă sau specializată,sef brigada complexa sau specializata,1,13,132,1323
132306,șef laborator în construcții,sef laborator in constructii,1,13,132,1323
132307,șef lot,sef lot,1,13,132,1323
132308,șef șantier,sef santier,1,13,132,1323
132309,șef sector (secție) drumuri-poduri,sef sector sectie drumuri poduri,1,13,132,1323
132310,"șef secție producție, exploatare, întreținere, reparații în construcții și lucrări publice",sef sectie productie exploatare intretinere reparatii in constructii si lucrari publice,1,13,132,1323
132311,șef serviciu în construcții,sef serviciu in constructii,1,13,132,1323
132312,șef birou în construcții,sef birou in constructii,1,13,132,1323
132313,șef sector exploatare îmbunătățiri funciare,sef sector exploatare imbunatatiri funciare,1,13,132,1323
132314,șef sistem exploatare îmbunătățiri funciare,sef sistem exploatare imbunatatiri funciare,1,13,132,1323
132315,conducător întreprindere mică - patron (girant) în construcții,conducator intreprindere mica patron girant in constructii,1,13,132,1323
132401,căpitan- șef port,capitan sef port,1,13,132,1324
132402,comandant nave maritime,comandant nave maritime,1,13,132,1324
132403,comandant coordonator grup mare pescuit oceanic,comandant coordonator grup mare pescuit oceanic,1,13,132,1324
132404,conducător (director și director adjunct) Administrația Filială Dunărea de Jos (AFDJ),conducator director si director adjunct administratia filiala dunarea de jos afdj,1,13,132,1324
132405,director zbor,director zbor,1,13,132,1324
132406,inginer- șef transporturi,inginer sef transporturi,1,13,132,1324
132407,picher șef district,picher sef district,1,13,132,1324
132408,revizor general siguranța circulației,revizor general siguranta circulatiei,1,13,132,1324
132409,șef agenție navală,sef agentie navala,1,13,132,1324
132410,șef atelier aeroport,sef atelier aeroport,1,13,132,1324
132411,șef atelier transporturi,sef atelier transporturi,1,13,132,1324
132412,șef autobază,sef autobaza,1,13,132,1324
132413,șef birou aeroport,sef birou aeroport,1,13,132,1324
132414,șef birou/ serviciu relații internaționale,sef birou serviciu relatii internationale,1,13,132,1324
132415,șef birou/ serviciu transport maritim și fluvial,sef birou serviciu transport maritim si fluvial,1,13,132,1324
132416,șef coloană auto,sef coloana auto,1,13,132,1324
132417,șef depou/ adjunct,sef depou adjunct,1,13,132,1324
132418,"șef district căi ferate, poduri, drumuri",sef district cai ferate poduri drumuri,1,13,132,1324
132419,șef divizie căi ferate,sef divizie cai ferate,1,13,132,1324
132420,șef laborator aeroport,sef laborator aeroport,1,13,132,1324
132421,șef port,sef port,1,13,132,1324
132422,șef regulator circulație căi ferate,sef regulator circulatie cai ferate,1,13,132,1324
132423,"șef revizie locomotive, automotoare",sef revizie locomotive automotoare,1,13,132,1324
132424,șef revizie vagoane,sef revizie vagoane,1,13,132,1324
132425,șef secție/ adjunct (sector) transporturi,sef sectie adjunct sector transporturi,1,13,132,1324
132426,"șef serviciu, centru, stație, aeroport",sef serviciu centru statie aeroport,1,13,132,1324
132427,șef serviciu filială Administrația Filială Dunărea de Jos,sef serviciu filiala administratia filiala dunarea de jos,1,13,132,1324
132428,șef stație căi ferate,sef statie cai ferate,1,13,132,1324
132429,șef stație teleferic,sef statie teleferic,1,13,132,1324
132430,șef agenție pilotaj,sef agentie pilotaj,1,13,132,1324
132431,șef cart,sef cart,1,13,132,1324
132432,diriginte oficiu transporturi,diriginte oficiu transporturi,1,13,132,1324
132433,șef garaj,sef garaj,1,13,132,1324
132434,comandant instructor,comandant instructor,1,13,132,1324
132435,șef mecanic instructor,sef mecanic instructor,1,13,132,1324
132436,șef mecanic maritim/ fluvial,sef mecanic maritim fluvial,1,13,132,1324
132437,șef electrician maritim,sef electrician maritim,1,13,132,1324
132438,șef atelier reparații,sef atelier reparatii,1,13,132,1324
132439,conducător activitate de transport rutier,conducator activitate de transport rutier,1,13,132,1324
132440,șef trafic auto intern,sef trafic auto intern,1,13,132,1324
132441,șef trafic curierat intern,sef trafic curierat intern,1,13,132,1324
132442,șef departament logistică,sef departament logistica,1,13,132,1324
132443,șef birou aprovizionare-desfacere,sef birou aprovizionare desfacere,1,13,132,1324
132444,șef depozit,sef depozit,1,13,132,1324
132445,șef serviciu aprovizionare-desfacere,sef serviciu aprovizionare desfacere,1,13,132,1324
132446,șef siloz,sef siloz,1,13,132,1324
132447,șef stație uscare-condiționare cereale,sef statie uscare conditionare cereale,1,13,132,1324
132448,manager achiziții,manager achizitii,1,13,132,1324
132449,manager farmacii,manager farmacii,1,13,132,1324
132450,manager aprovizionare,manager aprovizionare,1,13,132,1324
132451,manager relația cu furnizorii,manager relatia cu furnizorii,1,13,132,1324
132452,conducător întreprindere mică - patron (girant) în transporturi,conducator intreprindere mica patron girant in transporturi,1,13,132,1324
132453,șef birou import-export,sef birou import export,1,13,132,1324
132454,manager sisteme de transport,manager sisteme de transport,1,13,132,1324
132455,șef stație OTF (operator transport feroviar),sef statie otf operator transport feroviar,1,13,132,1324
132456,"director import export cafea, ceai, cacao și mirodenii",director import export cafea ceai cacao si mirodenii,1,13,132,1324
132457,manager logistică și distribuție,manager logistica si distributie,1,13,132,1324
133001,director centru de calcul,director centru de calcul,1,13,133,1330
133002,șef oficiu de calcul,sef oficiu de calcul,1,13,133,1330
133003,șef atelier informatică,sef atelier informatica,1,13,133,1330
133004,șef laborator informatică,sef laborator informatica,1,13,133,1330
133005,director divizie informatică,director divizie informatica,1,13,133,1330
133006,director departament informatică,director departament informatica,1,13,133,1330
133007,manager tehnologia informațiilor și comunicații,manager tehnologia informatiilor si comunicatii,1,13,133,1330
133009,conducător de întreprindere mică - patron (girant) în informatică,conducator de intreprindere mica patron girant in informatica,1,13,133,1330
133010,șef atelier telecomunicații,sef atelier telecomunicatii,1,13,133,1330
133011,șef birou exploatare poștală,sef birou exploatare postala,1,13,133,1330
133012,șef birou radiotelecomunicații,sef birou radiotelecomunicatii,1,13,133,1330
133013,șef centrală telefonică,sef centrala telefonica,1,13,133,1330
133014,șef centru control calitate emisie radiofonică,sef centru control calitate emisie radiofonica,1,13,133,1330
133015,șef centru control calitate emisie televiziune,sef centru control calitate emisie televiziune,1,13,133,1330
133016,șef centru control local comunicații,sef centru control local comunicatii,1,13,133,1330
133017,șef centru dirijare zbor,sef centru dirijare zbor,1,13,133,1330
133018,șef centru poștal,sef centru postal,1,13,133,1330
133019,"șef centru (secție, sector) radiodifuziune",sef centru sectie sector radiodifuziune,1,13,133,1330
133020,"șef centru (secție, sector) telecomunicații",sef centru sectie sector telecomunicatii,1,13,133,1330
133021,șef centru zonal intervenții radiorelee,sef centru zonal interventii radiorelee,1,13,133,1330
133022,șef centru zonal de intervenții translatare TV,sef centru zonal de interventii translatare tv,1,13,133,1330
133023,șef formație comunicații,sef formatie comunicatii,1,13,133,1330
133024,șef formație operațională telecomunicații,sef formatie operationala telecomunicatii,1,13,133,1330
133025,șef laborator măsurători telecomunicații,sef laborator masuratori telecomunicatii,1,13,133,1330
133026,șef laborator radioteleviziune,sef laborator radioteleviziune,1,13,133,1330
133027,șef laborator telecomunicații,sef laborator telecomunicatii,1,13,133,1330
133028,șef lot telecomunicații,sef lot telecomunicatii,1,13,133,1330
133029,șef rețea telecomunicații,sef retea telecomunicatii,1,13,133,1330
133030,șef serviciu control zonal comunicații,sef serviciu control zonal comunicatii,1,13,133,1330
133031,șef serviciu exploatare poștală,sef serviciu exploatare postala,1,13,133,1330
133032,șef serviciu informare zbor,sef serviciu informare zbor,1,13,133,1330
133033,șef serviciu navigație,sef serviciu navigatie,1,13,133,1330
133034,șef serviciu radiotelecomunicații,sef serviciu radiotelecomunicatii,1,13,133,1330
133035,șef stație comunicații prin satelit,sef statie comunicatii prin satelit,1,13,133,1330
133036,șef stație radiorelee,sef statie radiorelee,1,13,133,1330
133037,șef stație televiziune,sef statie televiziune,1,13,133,1330
133038,șef studio,sef studio,1,13,133,1330
133039,telefonist- șef,telefonist sef,1,13,133,1330
133040,telegrafist- șef,telegrafist sef,1,13,133,1330
133041,șef oficiu zonal poștă,sef oficiu zonal posta,1,13,133,1330
133042,șef oficiu special poștă,sef oficiu special posta,1,13,133,1330
133043,diriginte oficiu telecomunicații,diriginte oficiu telecomunicatii,1,13,133,1330
133044,șef turn telecomunicații,sef turn telecomunicatii,1,13,133,1330
133045,șef stație radiotelegrafie (RTG),sef statie radiotelegrafie rtg,1,13,133,1330
133046,șef Centru Național de Telecomunicații Aeronautice Aviație Civilă,sef centru national de telecomunicatii aeronautice aviatie civila,1,13,133,1330
133047,conducător întreprindere mică - patron (girant) în comunicații,conducator intreprindere mica patron girant in comunicatii,1,13,133,1330
134201,asistent medical șef,asistent medical sef,1,13,134,1342
134202,"biochimist șef secție, laborator",biochimist sef sectie laborator,1,13,134,1342
134203,"biolog șef secție, laborator",biolog sef sectie laborator,1,13,134,1342
134204,"chimist șef secție, laborator",chimist sef sectie laborator,1,13,134,1342
134205,"farmacist șef secție, laborator",farmacist sef sectie laborator,1,13,134,1342
134206,farmacist diriginte,farmacist diriginte,1,13,134,1342
134207,laborant medical șef,laborant medical sef,1,13,134,1342
134208,"medic- șef (policlinică, stație de salvare, centru de recoltare sânge)",medic sef policlinica statie de salvare centru de recoltare sange,1,13,134,1342
134209,"medic șef secție, laborator",medic sef sectie laborator,1,13,134,1342
134210,moașă-șefă,moasa sefa,1,13,134,1342
134211,oficiant medical șef,oficiant medical sef,1,13,134,1342
134212,"psiholog șef secție, laborator",psiholog sef sectie laborator,1,13,134,1342
134213,soră medicală șefă,sora medicala sefa,1,13,134,1342
134214,tehnician sanitar șef,tehnician sanitar sef,1,13,134,1342
134401,șef serviciu de reintegrare socială și supraveghere,sef serviciu de reintegrare sociala si supraveghere,1,13,134,1344
134402,conducător de întreprindere mică - patron (girant) în sănătate,conducator de intreprindere mica patron girant in sanatate,1,13,134,1344
134501,conducător tabără școlară,conducator tabara scolara,1,13,134,1345
134502,director unitate de învățământ,director unitate de invatamant,1,13,134,1345
134503,"secretar științific învățământ, cercetare",secretar stiintific invatamant cercetare,1,13,134,1345
134504,șef lectorat,sef lectorat,1,13,134,1345
134505,șef catedră,sef catedra,1,13,134,1345
134506,conducător de întreprindere mică - patron (girant) în învățământ,conducator de intreprindere mica patron girant in invatamant,1,13,134,1345
134507,director palate și cluburi ale elevilor,director palate si cluburi ale elevilor,1,13,134,1345
134508,director club sportiv școlar,director club sportiv scolar,1,13,134,1345
134601,șef serviciu/ șef birou asigurări,sef serviciu sef birou asigurari,1,13,134,1346
134602,șef serviciu/ șef birou daune,sef serviciu sef birou daune,1,13,134,1346
134901,șef expoziții și târguri,sef expozitii si targuri,1,13,134,1349
134902,șef vamă,sef vama,1,13,134,1349
134903,"inginer- șef întreprinderi de reparații obiecte de uz casnic, curățătorii și alte servicii pentru populație",inginer sef intreprinderi de reparatii obiecte de uz casnic curatatorii si alte servicii pentru populatie,1,13,134,1349
134904,"șef atelier reparații obiecte de uz casnic, curățătorii și alte servicii pentru populație",sef atelier reparatii obiecte de uz casnic curatatorii si alte servicii pentru populatie,1,13,134,1349
134905,șef centru reparații,sef centru reparatii,1,13,134,1349
134906,"șef centru dezinfecție, deratizare și dezinsecție",sef centru dezinfectie deratizare si dezinsectie,1,13,134,1349
134907,coordonator presă,coordonator presa,1,13,134,1349
134908,librar – șef,librar sef,1,13,134,1349
134909,conducător întreprindere mică - patron (girant) în prestări servicii,conducator intreprindere mica patron girant in prestari servicii,1,13,134,1349
134910,"redactor- șef presă, editură",redactor sef presa editura,1,13,134,1349
134911,"secretar general agenție presă, editură",secretar general agentie presa editura,1,13,134,1349
134912,secretar general redacție,secretar general redactie,1,13,134,1349
134913,"șef birou exploatare, coordonare presă",sef birou exploatare coordonare presa,1,13,134,1349
134914,șef birou redacție,sef birou redactie,1,13,134,1349
134915,șef birou relații unități presă,sef birou relatii unitati presa,1,13,134,1349
134916,șef oficiu juridic,sef oficiu juridic,1,13,134,1349
134917,"șef oficiu, serviciu, secție, redacție",sef oficiu serviciu sectie redactie,1,13,134,1349
134918,producător executiv TV,producator executiv tv,1,13,134,1349
134919,manager servicii private de securitate,manager servicii private de securitate,1,13,134,1349
134920,director departament securitate,director departament securitate,1,13,134,1349
134921,manager cultural,manager cultural,1,13,134,1349
141101,conducător întreprindere mică - patron (girant) în activitatea hotelieră și restaurante,conducator intreprindere mica patron girant in activitatea hoteliera si restaurante,1,14,141,1411
141102,șef complex hotelier,sef complex hotelier,1,14,141,1411
141103,șef unitate balneoclimaterică,sef unitate balneoclimaterica,1,14,141,1411
141104,administrator hotel,administrator hotel,1,14,141,1411
141105,director de hotel,director de hotel,1,14,141,1411
141106,director de motel,director de motel,1,14,141,1411
141107,director de hotel pentru tineret,director de hotel pentru tineret,1,14,141,1411
141108,director de camping,director de camping,1,14,141,1411
141109,director de sat de vacanță,director de sat de vacanta,1,14,141,1411
141110,director de popas turistic,director de popas turistic,1,14,141,1411
141111,director restaurant,director restaurant,1,14,141,1411
141112,director rotiserie,director rotiserie,1,14,141,1411
141113,director cramă,director crama,1,14,141,1411
141114,director braserie,director braserie,1,14,141,1411
141115,director berărie,director berarie,1,14,141,1411
141116,director grădină de vară,director gradina de vara,1,14,141,1411
141117,director bar,director bar,1,14,141,1411
141118,director cafenea,director cafenea,1,14,141,1411
141119,director disco-bar,director disco bar,1,14,141,1411
141120,director unități tip fast-food,director unitati tip fast food,1,14,141,1411
141121,"director cofetărie, patiserie",director cofetarie patiserie,1,14,141,1411
141122,director de club (hotelier),director de club hotelier,1,14,141,1411
141123,director de cazare,director de cazare,1,14,141,1411
141201,șef restaurant,sef restaurant,1,14,141,1412
141202,director de departament alimentație,director de departament alimentatie,1,14,141,1412
141203,director de departament catering,director de departament catering,1,14,141,1412
142001,președinte cooperativă de consum,presedinte cooperativa de consum,1,14,142,1420
142002,șef bază recepție,sef baza receptie,1,14,142,1420
142003,șef serviciu comerț cu ridicata și cu amănuntul,sef serviciu comert cu ridicata si cu amanuntul,1,14,142,1420
142004,șef birou comerț cu ridicata și cu amănuntul,sef birou comert cu ridicata si cu amanuntul,1,14,142,1420
142005,vicepreședinte cooperativă de consum,vicepresedinte cooperativa de consum,1,14,142,1420
142006,șef stație PECO,sef statie peco,1,14,142,1420
142007,șef departament mărfuri alimentare/ nealimentare,sef departament marfuri alimentare nealimentare,1,14,142,1420
142008,manager de zonă,manager de zona,1,14,142,1420
142009,inginer șef firme de afaceri și alte servicii comerciale,inginer sef firme de afaceri si alte servicii comerciale,1,14,142,1420
142010,șef agenție comercială,sef agentie comerciala,1,14,142,1420
142011,conducător întreprindere mică - patron (girant) în comerț,conducator intreprindere mica patron girant in comert,1,14,142,1420
143101,antrenor federație sportivă,antrenor federatie sportiva,1,14,143,1431
143102,comandant aeroclub,comandant aeroclub,1,14,143,1431
143103,consilier teritorial șef inspectoratul pentru cultură,consilier teritorial sef inspectoratul pentru cultura,1,14,143,1431
143104,director așezământ cultural,director asezamant cultural,1,14,143,1431
143105,manager al organizației culturale,manager al organizatiei culturale,1,14,143,1431
143106,președinte federație sportivă,presedinte federatie sportiva,1,14,143,1431
143107,"președinte complex, club sportiv",presedinte complex club sportiv,1,14,143,1431
143108,secretar general federație sport,secretar general federatie sport,1,14,143,1431
143109,șef agenție concursuri hipice,sef agentie concursuri hipice,1,14,143,1431
143110,șef producție film,sef productie film,1,14,143,1431
143111,șef secție producție film,sef sectie productie film,1,14,143,1431
143112,șef atelier producție film,sef atelier productie film,1,14,143,1431
143113,șef oficiu interjudețean difuzare film,sef oficiu interjudetean difuzare film,1,14,143,1431
143114,conducător de întreprindere mică - patron (girant) în sport,conducator de intreprindere mica patron girant in sport,1,14,143,1431
143115,administrator structuri sportive,administrator structuri sportive,1,14,143,1431
143901,șef atelier decorator,sef atelier decorator,1,14,143,1439
143902,șef agenție/ oficiu turism,sef agentie oficiu turism,1,14,143,1439
143903,șef unitate elementară de lucru,sef unitate elementara de lucru,1,14,143,1439
143904,șef atelier presă,sef atelier presa,1,14,143,1439
143905,șef laborator conservare-restaurare opere de artă,sef laborator conservare restaurare opere de arta,1,14,143,1439
143906,șef serviciu control tehnic presă,sef serviciu control tehnic presa,1,14,143,1439
143907,conducător de întreprindere mică - patron (girant) în turism,conducator de intreprindere mica patron girant in turism,1,14,143,1439
143908,manager în activitatea de turism,manager in activitatea de turism,1,14,143,1439
143909,director de agenție de turism tour-operatoare/ detailistă/ filială/ sucursală,director de agentie de turism tour operatoare detailista filiala sucursala,1,14,143,1439
143910,director centru informare turistică,director centru informare turistica,1,14,143,1439
143911,director de departament organizare evenimente,director de departament organizare evenimente,1,14,143,1439
143912,"conducător de pensiune turistică (rurală, agroturistică, montană)",conducator de pensiune turistica rurala agroturistica montana,1,14,143,1439
143913,"șef serviciu stație, tură meteo",sef serviciu statie tura meteo,1,14,143,1439
143914,șef centru meteo aeronautic,sef centru meteo aeronautic,1,14,143,1439
143915,șef birou/ stație/ tură meteo aeronautic/ de aerodrom,sef birou statie tura meteo aeronautic de aerodrom,1,14,143,1439
143916,șef Centru Național pentru Protecția Meteorologică a Navigației Aeriene,sef centru national pentru protectia meteorologica a navigatiei aeriene,1,14,143,1439
143917,șef echipă intervenții și supraveghere echipamente în serviciile de trafic aerian,sef echipa interventii si supraveghere echipamente in serviciile de trafic aerian,1,14,143,1439
143918,director de departament ticketing,director de departament ticketing,1,14,143,1439
143919,manager destinație turistică,manager destinatie turistica,1,14,143,1439
211101,fizician,fizician,2,21,211,2111
211102,cercetător în fizică,cercetator in fizica,2,21,211,2111
211103,asistent de cercetare în fizică,asistent de cercetare in fizica,2,21,211,2111
211104,cercetător în fizică-chimie,cercetator in fizica chimie,2,21,211,2111
211105,asistent de cercetare în fizică-chimie,asistent de cercetare in fizica chimie,2,21,211,2111
211106,cercetător în fizică tehnologică,cercetator in fizica tehnologica,2,21,211,2111
211107,asistent de cercetare în fizică tehnologică,asistent de cercetare in fizica tehnologica,2,21,211,2111
211108,cercetător în astronomie,cercetator in astronomie,2,21,211,2111
211109,asistent de cercetare în astronomie,asistent de cercetare in astronomie,2,21,211,2111
211110,cercetător de aeronave,cercetator de aeronave,2,21,211,2111
211111,inginer de cercetare de aeronave,inginer de cercetare de aeronave,2,21,211,2111
211112,asistent de cercetare de aeronave,asistent de cercetare de aeronave,2,21,211,2111
211113,cercetător în construcții aerospațiale,cercetator in constructii aerospatiale,2,21,211,2111
211114,inginer de cercetare în construcții aerospațiale,inginer de cercetare in constructii aerospatiale,2,21,211,2111
211115,asistent de cercetare în construcții aerospațiale,asistent de cercetare in constructii aerospatiale,2,21,211,2111
211201,meteorolog (studii superioare),meteorolog studii superioare,2,21,211,2112
211202,meteorolog previzionist,meteorolog previzionist,2,21,211,2112
211203,climatolog,climatolog,2,21,211,2112
211204,meteorolog aeronautic,meteorolog aeronautic,2,21,211,2112
211205,consilier/ expert în meteorologie și domenii conexe,consilier expert in meteorologie si domenii conexe,2,21,211,2112
211206,asistent meteorolog,asistent meteorolog,2,21,211,2112
211207,meteorolog aeronautic prognozist,meteorolog aeronautic prognozist,2,21,211,2112
211208,coordonator intervenții active în atmosferă,coordonator interventii active in atmosfera,2,21,211,2112
211209,cercetător în meteorologie,cercetator in meteorologie,2,21,211,2112
211210,asistent de cercetare în meteorologie,asistent de cercetare in meteorologie,2,21,211,2112
211301,chimist,chimist,2,21,211,2113
211302,consilier chimist,consilier chimist,2,21,211,2113
211303,expert chimist,expert chimist,2,21,211,2113
211304,inspector de specialitate chimist,inspector de specialitate chimist,2,21,211,2113
211305,referent de specialitate chimist,referent de specialitate chimist,2,21,211,2113
211306,cercetător în chimie,cercetator in chimie,2,21,211,2113
211307,asistent de cercetare în chimie,asistent de cercetare in chimie,2,21,211,2113
211308,cercetător în biochimie tehnologică,cercetator in biochimie tehnologica,2,21,211,2113
211309,asistent de cercetare în biochimie tehnologică,asistent de cercetare in biochimie tehnologica,2,21,211,2113
211310,cercetător în chimie fizică,cercetator in chimie fizica,2,21,211,2113
211311,asistent de cercetare în chimie fizică,asistent de cercetare in chimie fizica,2,21,211,2113
211312,chimist analist,chimist analist,2,21,211,2113
211401,consilier geolog,consilier geolog,2,21,211,2114
211402,expert geolog,expert geolog,2,21,211,2114
211403,inspector de specialitate geolog,inspector de specialitate geolog,2,21,211,2114
211404,referent de specialitate geolog,referent de specialitate geolog,2,21,211,2114
211405,consilier geofizician,consilier geofizician,2,21,211,2114
211406,expert geofizician,expert geofizician,2,21,211,2114
211407,inspector de specialitate geofizician,inspector de specialitate geofizician,2,21,211,2114
211408,referent de specialitate geofizician,referent de specialitate geofizician,2,21,211,2114
211409,consilier hidrogeolog,consilier hidrogeolog,2,21,211,2114
211410,expert hidrogeolog,expert hidrogeolog,2,21,211,2114
211411,inspector de specialitate hidrogeolog,inspector de specialitate hidrogeolog,2,21,211,2114
211412,referent de specialitate hidrogeolog,referent de specialitate hidrogeolog,2,21,211,2114
211413,consilier hidrolog,consilier hidrolog,2,21,211,2114
211414,expert hidrolog,expert hidrolog,2,21,211,2114
211415,inspector de specialitate hidrolog,inspector de specialitate hidrolog,2,21,211,2114
211416,referent de specialitate hidrolog,referent de specialitate hidrolog,2,21,211,2114
211417,consilier pedolog,consilier pedolog,2,21,211,2114
211418,expert pedolog,expert pedolog,2,21,211,2114
211419,inspector de specialitate pedolog,inspector de specialitate pedolog,2,21,211,2114
211420,referent de specialitate pedolog,referent de specialitate pedolog,2,21,211,2114
211421,inginer geolog,inginer geolog,2,21,211,2114
211422,geolog,geolog,2,21,211,2114
211423,geofizician,geofizician,2,21,211,2114
211424,hidrolog,hidrolog,2,21,211,2114
211425,pedolog,pedolog,2,21,211,2114
211426,cercetător în geologie,cercetator in geologie,2,21,211,2114
211427,asistent de cercetare în geologie,asistent de cercetare in geologie,2,21,211,2114
211428,cercetător în geologie tehnică,cercetator in geologie tehnica,2,21,211,2114
211429,asistent de cercetare în geologie tehnică,asistent de cercetare in geologie tehnica,2,21,211,2114
211430,cercetător în geofizică,cercetator in geofizica,2,21,211,2114
211431,asistent de cercetare în geofizică,asistent de cercetare in geofizica,2,21,211,2114
211432,cercetător în mineralogia tehnică și experimentală,cercetator in mineralogia tehnica si experimentala,2,21,211,2114
211433,asistent de cercetare în mineralogia tehnică și experimentală,asistent de cercetare in mineralogia tehnica si experimentala,2,21,211,2114
211434,cercetător în geochimie,cercetator in geochimie,2,21,211,2114
211435,asistent de cercetare în geochimie,asistent de cercetare in geochimie,2,21,211,2114
211436,cercetător în geologie petrolieră,cercetator in geologie petroliera,2,21,211,2114
211437,asistent de cercetare în geologie petrolieră,asistent de cercetare in geologie petroliera,2,21,211,2114
211438,cercetător în geodezie,cercetator in geodezie,2,21,211,2114
211439,inginer de cercetare în geodezie,inginer de cercetare in geodezie,2,21,211,2114
211440,asistent de cercetare în geodezie,asistent de cercetare in geodezie,2,21,211,2114
211441,geomorfolog,geomorfolog,2,21,211,2114
211444,"cercetător științific în domeniul hidrologiei, hidrogeologiei și gospodăririi apelor",cercetator stiintific in domeniul hidrologiei hidrogeologiei si gospodaririi apelor,2,21,211,2114
211445,"asistent de cercetare științifică în domeniul hidrologiei, hidrogeologiei și gospodăririi apelor",asistent de cercetare stiintifica in domeniul hidrologiei hidrogeologiei si gospodaririi apelor,2,21,211,2114
211446,hidrogeolog,hidrogeolog,2,21,211,2114
212001,consilier matematician,consilier matematician,2,21,212,2120
212002,expert matematician,expert matematician,2,21,212,2120
212003,inspector de specialitate matematician,inspector de specialitate matematician,2,21,212,2120
212004,referent de specialitate matematician,referent de specialitate matematician,2,21,212,2120
212005,consilier actuar,consilier actuar,2,21,212,2120
212006,expert actuar,expert actuar,2,21,212,2120
212007,inspector de specialitate actuar,inspector de specialitate actuar,2,21,212,2120
212008,referent de specialitate actuar,referent de specialitate actuar,2,21,212,2120
212009,matematician,matematician,2,21,212,2120
212010,actuar (studii superioare),actuar studii superioare,2,21,212,2120
212011,consilier statistician,consilier statistician,2,21,212,2120
212012,expert statistician,expert statistician,2,21,212,2120
212013,inspector de specialitate statistician,inspector de specialitate statistician,2,21,212,2120
212014,referent de specialitate statistician,referent de specialitate statistician,2,21,212,2120
212015,cercetător în matematică,cercetator in matematica,2,21,212,2120
212016,asistent de cercetare în matematică,asistent de cercetare in matematica,2,21,212,2120
212017,cercetător în matematică mecanică,cercetator in matematica mecanica,2,21,212,2120
212018,asistent de cercetare în matematică-mecanică,asistent de cercetare in matematica mecanica,2,21,212,2120
212019,cercetător în matematică aplicată,cercetator in matematica aplicata,2,21,212,2120
212020,asistent de cercetare în matematică aplicată,asistent de cercetare in matematica aplicata,2,21,212,2120
212021,cercetător în matematică-fizică,cercetator in matematica fizica,2,21,212,2120
212022,asistent de cercetare în matematică-fizică,asistent de cercetare in matematica fizica,2,21,212,2120
212023,cercetător în matematică informatică,cercetator in matematica informatica,2,21,212,2120
212024,asistent de cercetare în matematică-informatică,asistent de cercetare in matematica informatica,2,21,212,2120
212025,cercetător în statistică,cercetator in statistica,2,21,212,2120
212026,asistent de cercetare în statistică,asistent de cercetare in statistica,2,21,212,2120
212027,cercetător în demografie,cercetator in demografie,2,21,212,2120
212028,asistent de cercetare în demografie,asistent de cercetare in demografie,2,21,212,2120
213101,consilier biolog,consilier biolog,2,21,213,2131
213102,expert biolog,expert biolog,2,21,213,2131
213103,inspector de specialitate biolog,inspector de specialitate biolog,2,21,213,2131
213104,referent de specialitate biolog,referent de specialitate biolog,2,21,213,2131
213105,consilier botanist,consilier botanist,2,21,213,2131
213106,expert botanist,expert botanist,2,21,213,2131
213107,inspector de specialitate botanist,inspector de specialitate botanist,2,21,213,2131
213108,referent de specialitate botanist,referent de specialitate botanist,2,21,213,2131
213109,consilier zoolog,consilier zoolog,2,21,213,2131
213110,expert zoolog,expert zoolog,2,21,213,2131
213111,inspector de specialitate zoolog,inspector de specialitate zoolog,2,21,213,2131
213112,referent de specialitate zoolog,referent de specialitate zoolog,2,21,213,2131
213114,biolog,biolog,2,21,213,2131
213115,zoolog,zoolog,2,21,213,2131
213116,botanist,botanist,2,21,213,2131
213117,consilier bacteriolog,consilier bacteriolog,2,21,213,2131
213118,expert bacteriolog,expert bacteriolog,2,21,213,2131
213119,inspector de specialitate bacteriolog,inspector de specialitate bacteriolog,2,21,213,2131
213120,referent de specialitate bacteriolog,referent de specialitate bacteriolog,2,21,213,2131
213121,consilier biochimist,consilier biochimist,2,21,213,2131
213122,expert biochimist,expert biochimist,2,21,213,2131
213123,inspector de specialitate biochimist,inspector de specialitate biochimist,2,21,213,2131
213124,referent de specialitate biochimist,referent de specialitate biochimist,2,21,213,2131
213125,consilier farmacolog,consilier farmacolog,2,21,213,2131
213126,expert farmacolog,expert farmacolog,2,21,213,2131
213127,inspector de specialitate farmacolog,inspector de specialitate farmacolog,2,21,213,2131
213128,referent de specialitate farmacolog,referent de specialitate farmacolog,2,21,213,2131
213129,consilier microbiolog,consilier microbiolog,2,21,213,2131
213130,expert microbiolog,expert microbiolog,2,21,213,2131
213131,inspector de specialitate microbiolog,inspector de specialitate microbiolog,2,21,213,2131
213132,referent de specialitate microbiolog,referent de specialitate microbiolog,2,21,213,2131
213133,farmacolog,farmacolog,2,21,213,2131
213134,bacteriolog,bacteriolog,2,21,213,2131
213135,microbiolog,microbiolog,2,21,213,2131
213136,cercetător în biologie,cercetator in biologie,2,21,213,2131
213137,asistent de cercetare în biologie,asistent de cercetare in biologie,2,21,213,2131
213138,cercetător în microbiologie-bacteriologie,cercetator in microbiologie bacteriologie,2,21,213,2131
213139,asistent de cercetare în microbiologie-bacteriologie,asistent de cercetare in microbiologie bacteriologie,2,21,213,2131
213140,cercetător în biologie chimie,cercetator in biologie chimie,2,21,213,2131
213141,asistent de cercetare în biologie chimie,asistent de cercetare in biologie chimie,2,21,213,2131
213142,cercetător în botanică,cercetator in botanica,2,21,213,2131
213143,asistent de cercetare în botanică,asistent de cercetare in botanica,2,21,213,2131
213144,cercetător în domeniul zoologic,cercetator in domeniul zoologic,2,21,213,2131
213145,asistent de cercetare în domeniul zoologic,asistent de cercetare in domeniul zoologic,2,21,213,2131
213146,cercetător în ecologie și protecția mediului,cercetator in ecologie si protectia mediului,2,21,213,2131
213147,asistent de cercetare în ecologie și protecția mediului,asistent de cercetare in ecologie si protectia mediului,2,21,213,2131
213148,cercetător în ingineria genetică,cercetator in ingineria genetica,2,21,213,2131
213149,asistent de cercetare în ingineria genetică,asistent de cercetare in ingineria genetica,2,21,213,2131
213150,cercetător în antropologie biologică,cercetator in antropologie biologica,2,21,213,2131
213151,asistent de cercetare în antropologie biologică,asistent de cercetare in antropologie biologica,2,21,213,2131
213152,inginer biotehnolog,inginer biotehnolog,2,21,213,2131
213201,consilier inginer agronom,consilier inginer agronom,2,21,213,2132
213202,expert inginer agronom,expert inginer agronom,2,21,213,2132
213203,inspector de specialitate inginer agronom,inspector de specialitate inginer agronom,2,21,213,2132
213204,referent de specialitate inginer agronom,referent de specialitate inginer agronom,2,21,213,2132
213205,consilier inginer horticol,consilier inginer horticol,2,21,213,2132
213206,expert inginer horticol,expert inginer horticol,2,21,213,2132
213207,inspector de specialitate inginer horticol,inspector de specialitate inginer horticol,2,21,213,2132
213208,referent de specialitate inginer horticol,referent de specialitate inginer horticol,2,21,213,2132
213209,consilier inginer zootehnist,consilier inginer zootehnist,2,21,213,2132
213210,expert inginer zootehnist,expert inginer zootehnist,2,21,213,2132
213211,inspector de specialitate inginer zootehnist,inspector de specialitate inginer zootehnist,2,21,213,2132
213212,referent de specialitate inginer zootehnist,referent de specialitate inginer zootehnist,2,21,213,2132
213213,subinginer agronom,subinginer agronom,2,21,213,2132
213214,subinginer zootehnist,subinginer zootehnist,2,21,213,2132
213215,inginer tehnolog în zootehnie,inginer tehnolog in zootehnie,2,21,213,2132
213216,proiectant inginer în agricultură,proiectant inginer in agricultura,2,21,213,2132
213217,proiectant inginer în zootehnie,proiectant inginer in zootehnie,2,21,213,2132
213218,proiectant inginer în silvicultură,proiectant inginer in silvicultura,2,21,213,2132
213219,consilier inginer silvic,consilier inginer silvic,2,21,213,2132
213220,expert inginer silvic,expert inginer silvic,2,21,213,2132
213221,inspector de specialitate inginer silvic,inspector de specialitate inginer silvic,2,21,213,2132
213222,referent de specialitate inginer silvic,referent de specialitate inginer silvic,2,21,213,2132
213223,inginer îmbunătățiri funciare,inginer imbunatatiri funciare,2,21,213,2132
213224,inginer/ subinginer silvic,inginer subinginer silvic,2,21,213,2132
213225,inginer agronom,inginer agronom,2,21,213,2132
213226,inginer zootehnist,inginer zootehnist,2,21,213,2132
213227,"consultant tehnic în producția de cereale, plante tehnice și furaje",consultant tehnic in productia de cereale plante tehnice si furaje,2,21,213,2132
213228,subinginer îmbunătățiri funciare,subinginer imbunatatiri funciare,2,21,213,2132
213229,agent agricol,agent agricol,2,21,213,2132
213230,inginer horticultor,inginer horticultor,2,21,213,2132
213232,tehnician agronom – exploatare,tehnician agronom exploatare,2,21,213,2132
213233,tehnician zootehnist - exploatare,tehnician zootehnist exploatare,2,21,213,2132
213234,tehnician silvic – exploatare,tehnician silvic exploatare,2,21,213,2132
213236,bonitor la animalele de fermă,bonitor la animalele de ferma,2,21,213,2132
213237,administrator bunuri agricole,administrator bunuri agricole,2,21,213,2132
213238,consultant afaceri în agricultură,consultant afaceri in agricultura,2,21,213,2132
213239,cercetător în agricultură,cercetator in agricultura,2,21,213,2132
213240,inginer de cercetare în agricultură,inginer de cercetare in agricultura,2,21,213,2132
213241,asistent de cercetare în agricultură,asistent de cercetare in agricultura,2,21,213,2132
213242,inginer de cercetare în pedologie-agrochimie,inginer de cercetare in pedologie agrochimie,2,21,213,2132
213243,asistent de cercetare în pedologie-agrochimie,asistent de cercetare in pedologie agrochimie,2,21,213,2132
213244,cercetător în pedologie-agrochimie,cercetator in pedologie agrochimie,2,21,213,2132
213245,cercetător în horticultură,cercetator in horticultura,2,21,213,2132
213246,inginer de cercetare în horticultură,inginer de cercetare in horticultura,2,21,213,2132
213247,asistent de cercetare în horticultură,asistent de cercetare in horticultura,2,21,213,2132
213248,cercetător în agromontanologie,cercetator in agromontanologie,2,21,213,2132
213249,inginer de cercetare în agromontanologie,inginer de cercetare in agromontanologie,2,21,213,2132
213250,asistent de cercetare în agromontanologie,asistent de cercetare in agromontanologie,2,21,213,2132
213251,cercetător în silvicultură,cercetator in silvicultura,2,21,213,2132
213252,inginer de cercetare în silvicultură,inginer de cercetare in silvicultura,2,21,213,2132
213253,asistent de cercetare în silvicultură,asistent de cercetare in silvicultura,2,21,213,2132
213254,cercetător în zootehnie,cercetator in zootehnie,2,21,213,2132
213255,asistent de cercetare în zootehnie,asistent de cercetare in zootehnie,2,21,213,2132
213256,cercetător în biotehnologie pentru agricultură,cercetator in biotehnologie pentru agricultura,2,21,213,2132
213257,asistent de cercetare în biotehnologie pentru agricultură,asistent de cercetare in biotehnologie pentru agricultura,2,21,213,2132
213301,expert ecolog,expert ecolog,2,21,213,2133
213302,inspector de specialitate ecolog,inspector de specialitate ecolog,2,21,213,2133
213303,referent de specialitate ecolog,referent de specialitate ecolog,2,21,213,2133
213304,inginer ecolog,inginer ecolog,2,21,213,2133
213305,ecolog,ecolog,2,21,213,2133
213306,specialist arii protejate,specialist arii protejate,2,21,213,2133
213307,inspector de specialitate în gospodărirea apelor,inspector de specialitate in gospodarirea apelor,2,21,213,2133
213308,consilier ecolog,consilier ecolog,2,21,213,2133
213309,specialist în management și remediere situri contaminate,specialist in management si remediere situri contaminate,2,21,213,2133
213310,specialist în managementul deșeurilor,specialist in managementul deseurilor,2,21,213,2133
213311,auditor de mediu,auditor de mediu,2,21,213,2133
213312,manager al sistemelor de management de mediu,manager al sistemelor de management de mediu,2,21,213,2133
214101,inginer confecții piele și înlocuitori,inginer confectii piele si inlocuitori,2,21,214,2141
214102,"inginer textile, pielărie",inginer textile pielarie,2,21,214,2141
214103,"inginer tricotaje, confecții",inginer tricotaje confectii,2,21,214,2141
214104,"subinginer textile, pielărie",subinginer textile pielarie,2,21,214,2141
214105,"proiectant inginer textile, pielărie",proiectant inginer textile pielarie,2,21,214,2141
214106,"consilier inginer textile, pielărie",consilier inginer textile pielarie,2,21,214,2141
214107,"expert inginer textile, pielărie",expert inginer textile pielarie,2,21,214,2141
214108,"inspector specialitate inginer textile, pielărie",inspector specialitate inginer textile pielarie,2,21,214,2141
214109,"referent de specialitate inginer textile, pielărie",referent de specialitate inginer textile pielarie,2,21,214,2141
214110,conceptor/ conceptor CAO,conceptor conceptor cao,2,21,214,2141
214111,specialist încercări componente vehicule/ grup motopropulsor/ optimizare energetică/ sisteme de măsurare,specialist incercari componente vehicule grup motopropulsor optimizare energetica sisteme de masurare,2,21,214,2141
214112,specialist documentație studii,specialist documentatie studii,2,21,214,2141
214113,instructor sistem de producție,instructor sistem de productie,2,21,214,2141
214114,metodist,metodist,2,21,214,2141
214115,responsabil afacere,responsabil afacere,2,21,214,2141
214116,manager de clădire,manager de cladire,2,21,214,2141
214117,inginer industrializarea lemnului,inginer industrializarea lemnului,2,21,214,2141
214118,subinginer industrializarea lemnului,subinginer industrializarea lemnului,2,21,214,2141
214119,consilier inginer industrializarea lemnului,consilier inginer industrializarea lemnului,2,21,214,2141
214120,expert inginer industrializarea lemnului,expert inginer industrializarea lemnului,2,21,214,2141
214121,inspector de specialitate inginer industrializarea lemnului,inspector de specialitate inginer industrializarea lemnului,2,21,214,2141
214122,referent de specialitate inginer industrializarea lemnului,referent de specialitate inginer industrializarea lemnului,2,21,214,2141
214123,cercetător în tehnologia prelucrării produselor agricole,cercetator in tehnologia prelucrarii produselor agricole,2,21,214,2141
214124,inginer de cercetare în tehnologia prelucrării produselor agricole,inginer de cercetare in tehnologia prelucrarii produselor agricole,2,21,214,2141
214125,asistent de cercetare în tehnologia prelucrării produselor agricole,asistent de cercetare in tehnologia prelucrarii produselor agricole,2,21,214,2141
214126,cercetător în pescuit și acvacultură,cercetator in pescuit si acvacultura,2,21,214,2141
214127,inginer de cercetare în pescuit și acvacultură,inginer de cercetare in pescuit si acvacultura,2,21,214,2141
214128,asistent de cercetare în pescuit și acvacultură,asistent de cercetare in pescuit si acvacultura,2,21,214,2141
214129,specialist în domeniul calității,specialist in domeniul calitatii,2,21,214,2141
214130,auditor în domeniul calității,auditor in domeniul calitatii,2,21,214,2141
214131,analist calitate,analist calitate,2,21,214,2141
214132,analist măsurători metrologice,analist masuratori metrologice,2,21,214,2141
214133,analist studiul materialelor,analist studiul materialelor,2,21,214,2141
214134,consultant sistem de calitate,consultant sistem de calitate,2,21,214,2141
214135,logistician gestiune flux,logistician gestiune flux,2,21,214,2141
214136,programator fabricație/ lansator fabricație,programator fabricatie lansator fabricatie,2,21,214,2141
214137,documentarist ordonanțare logistică,documentarist ordonantare logistica,2,21,214,2141
214138,auditor energetic pentru clădiri,auditor energetic pentru cladiri,2,21,214,2141
214139,auditor în managementul riscului,auditor in managementul riscului,2,21,214,2141
214140,specialist în managementul riscului,specialist in managementul riscului,2,21,214,2141
214141,auditor / evaluator sisteme de management de securitate,auditor evaluator sisteme de management de securitate,2,21,214,2141
214142,inginer în producția alimentară,inginer in productia alimentara,2,21,214,2141
214143,inginer mentenanță și reparații,inginer mentenanta si reparatii,2,21,214,2141
214144,inginer transporturi rutiere de mărfuri,inginer transporturi rutiere de marfuri,2,21,214,2141
214145,inginer transporturi rutiere de persoane,inginer transporturi rutiere de persoane,2,21,214,2141
214201,"inginer construcții civile, industriale și agricole",inginer constructii civile industriale si agricole,2,21,214,2142
214202,"subinginer construcții civile, industriale și agricole",subinginer constructii civile industriale si agricole,2,21,214,2142
214203,inginer instalații pentru construcții,inginer instalatii pentru constructii,2,21,214,2142
214204,"inginer căi ferate, drumuri și poduri",inginer cai ferate drumuri si poduri,2,21,214,2142
214205,inginer construcții hidrotehnice,inginer constructii hidrotehnice,2,21,214,2142
214206,inginer constructor instalații,inginer constructor instalatii,2,21,214,2142
214207,proiectant inginer instalații,proiectant inginer instalatii,2,21,214,2142
214208,proiectant inginer construcții,proiectant inginer constructii,2,21,214,2142
214209,consilier inginer construcții,consilier inginer constructii,2,21,214,2142
214210,expert inginer construcții,expert inginer constructii,2,21,214,2142
214211,inspector de specialitate inginer construcții,inspector de specialitate inginer constructii,2,21,214,2142
214212,referent de specialitate inginer construcții,referent de specialitate inginer constructii,2,21,214,2142
214213,conducător de lucrări civile,conducator de lucrari civile,2,21,214,2142
214214,diriginte șantier (studii superioare),diriginte santier studii superioare,2,21,214,2142
214215,"cercetător în construcții civile, industriale și agricole",cercetator in constructii civile industriale si agricole,2,21,214,2142
214216,"inginer de cercetare în construcții civile, industriale și agricole",inginer de cercetare in constructii civile industriale si agricole,2,21,214,2142
214217,"asistent de cercetare în construcții civile, industriale și agricole",asistent de cercetare in constructii civile industriale si agricole,2,21,214,2142
214218,"cercetător în construcții de căi ferate, drumuri și poduri",cercetator in constructii de cai ferate drumuri si poduri,2,21,214,2142
214219,"inginer de cercetare în construcții de căi ferate, drumuri și poduri",inginer de cercetare in constructii de cai ferate drumuri si poduri,2,21,214,2142
214220,"asistent de cercetare în construcții de căi ferate, drumuri și poduri",asistent de cercetare in constructii de cai ferate drumuri si poduri,2,21,214,2142
214221,cercetător în construcții hidrotehnice,cercetator in constructii hidrotehnice,2,21,214,2142
214222,inginer de cercetare în construcții hidrotehnice,inginer de cercetare in constructii hidrotehnice,2,21,214,2142
214223,asistent de cercetare în construcții hidrotehnice,asistent de cercetare in constructii hidrotehnice,2,21,214,2142
214224,inginer de cercetare în ingineria sanitară și protecția mediului,inginer de cercetare in ingineria sanitara si protectia mediului,2,21,214,2142
214225,cercetător în construcții miniere,cercetator in constructii miniere,2,21,214,2142
214226,inginer de cercetare în construcții miniere,inginer de cercetare in constructii miniere,2,21,214,2142
214227,asistent de cercetare în construcții miniere,asistent de cercetare in constructii miniere,2,21,214,2142
214228,cercetător în instalații,cercetator in instalatii,2,21,214,2142
214229,inginer de cercetare în instalații,inginer de cercetare in instalatii,2,21,214,2142
214230,asistent de cercetare în instalații,asistent de cercetare in instalatii,2,21,214,2142
214231,cercetător în știința și ingineria materialelor oxidice,cercetator in stiinta si ingineria materialelor oxidice,2,21,214,2142
214232,inginer de cercetare în ingineria materialelor oxidice,inginer de cercetare in ingineria materialelor oxidice,2,21,214,2142
214233,asistent de cercetare în ingineria materialelor oxidice,asistent de cercetare in ingineria materialelor oxidice,2,21,214,2142
214234,responsabil tehnic cu urmărirea curentă a comportării construcțiilor,responsabil tehnic cu urmarirea curenta a comportarii constructiilor,2,21,214,2142
214235,specialist în urmărirea comportării construcțiilor,specialist in urmarirea comportarii constructiilor,2,21,214,2142
214236,expert în monitorizarea comportării construcțiilor,expert in monitorizarea comportarii constructiilor,2,21,214,2142
214237,specialist în iluminat,specialist in iluminat,2,21,214,2142
214238,administrator port,administrator port,2,21,214,2142
214239,responsabil tehnic cu execuția,responsabil tehnic cu executia,2,21,214,2142
214301,cercetător în centrale hidroelectrice în ingineria mediului,cercetator in centrale hidroelectrice in ingineria mediului,2,21,214,2143
214302,inginer de cercetare în centrale hidroelectrice în ingineria mediului,inginer de cercetare in centrale hidroelectrice in ingineria mediului,2,21,214,2143
214303,asistent de cercetare în centrale hidroelectrice în ingineria mediului,asistent de cercetare in centrale hidroelectrice in ingineria mediului,2,21,214,2143
214304,inginer protecția mediului în energetică,inginer protectia mediului in energetica,2,21,214,2143
214305,inginer tehnolog în protecția mediului,inginer tehnolog in protectia mediului,2,21,214,2143
214306,inginer pentru controlul poluării mediului,inginer pentru controlul poluarii mediului,2,21,214,2143
214307,inginer în gestiunea integrată a deșeurilor municipale/industriale,inginer in gestiunea integrata a deseurilor municipale industriale,2,21,214,2143
214308,inginer tehnologii informatice în protecția mediului,inginer tehnologii informatice in protectia mediului,2,21,214,2143
214309,inginer de cercetare în protecția mediului,inginer de cercetare in protectia mediului,2,21,214,2143
214310,inginer sisteme informatice pentru instalații și procese de depoluare,inginer sisteme informatice pentru instalatii si procese de depoluare,2,21,214,2143
214311,inginer auditor/evaluator sisteme de management de mediu,inginer auditor evaluator sisteme de management de mediu,2,21,214,2143
214312,specialist în reciclarea deșeurilor,specialist in reciclarea deseurilor,2,21,214,2143
214401,inginer mecanic,inginer mecanic,2,21,214,2144
214402,subinginer mecanic,subinginer mecanic,2,21,214,2144
214403,inginer electromecanic minier,inginer electromecanic minier,2,21,214,2144
214404,inginer material rulant cale ferată,inginer material rulant cale ferata,2,21,214,2144
214405,inginer mecanică agricolă,inginer mecanica agricola,2,21,214,2144
214406,inginer aviație,inginer aviatie,2,21,214,2144
214407,inginer nave,inginer nave,2,21,214,2144
214408,inginer mașini-unelte,inginer masini unelte,2,21,214,2144
214409,inginer mecanică fină,inginer mecanica fina,2,21,214,2144
214410,inginer mașini termice,inginer masini termice,2,21,214,2144
214411,inginer mașini hidraulice și pneumatice,inginer masini hidraulice si pneumatice,2,21,214,2144
214412,inginer autovehicule rutiere,inginer autovehicule rutiere,2,21,214,2144
214413,inginer mecanic utilaj tehnologic chimic,inginer mecanic utilaj tehnologic chimic,2,21,214,2144
214414,inginer mecanic utilaj tehnologic petrolier,inginer mecanic utilaj tehnologic petrolier,2,21,214,2144
214415,inginer mecanic utilaj tehnologic mașini agricole,inginer mecanic utilaj tehnologic masini agricole,2,21,214,2144
214416,inginer mecanic utilaj tehnologic textil,inginer mecanic utilaj tehnologic textil,2,21,214,2144
214417,inginer mecanic utilaj tehnologic pentru construcții,inginer mecanic utilaj tehnologic pentru constructii,2,21,214,2144
214418,inginer mecanic utilaj tehnologic pentru prelucrare la cald,inginer mecanic utilaj tehnologic pentru prelucrare la cald,2,21,214,2144
214419,inginer mecanic mașini instalații miniere,inginer mecanic masini instalatii miniere,2,21,214,2144
214420,subinginer mecanic tehnologia construcțiilor de mașini,subinginer mecanic tehnologia constructiilor de masini,2,21,214,2144
214421,subinginer mecanic utilaje și tehnica sudurii,subinginer mecanic utilaje si tehnica sudurii,2,21,214,2144
214422,"subinginer mecanic, mecanică fină",subinginer mecanic mecanica fina,2,21,214,2144
214423,subinginer mecanic material rulant de cale ferată,subinginer mecanic material rulant de cale ferata,2,21,214,2144
214424,subinginer mecanic mecanică agricolă,subinginer mecanic mecanica agricola,2,21,214,2144
214425,subinginer mecanic utilaj tehnologic pentru chimie,subinginer mecanic utilaj tehnologic pentru chimie,2,21,214,2144
214426,subinginer mecanic utilaje pentru construcții,subinginer mecanic utilaje pentru constructii,2,21,214,2144
214427,subinginer mecanic avioane și motoare de aviație,subinginer mecanic avioane si motoare de aviatie,2,21,214,2144
214428,subinginer mecanic construcții corp de navă,subinginer mecanic constructii corp de nava,2,21,214,2144
214429,subinginer mecanic instalații navale de bord,subinginer mecanic instalatii navale de bord,2,21,214,2144
214430,subinginer mecanic automobile,subinginer mecanic automobile,2,21,214,2144
214431,subinginer mecanic utilaje pentru industria lemnului,subinginer mecanic utilaje pentru industria lemnului,2,21,214,2144
214432,subinginer mecanic utilaje pentru materiale de construcție,subinginer mecanic utilaje pentru materiale de constructie,2,21,214,2144
214433,consilier inginer mecanic,consilier inginer mecanic,2,21,214,2144
214434,expert inginer mecanic,expert inginer mecanic,2,21,214,2144
214435,inspector de specialitate inginer mecanic,inspector de specialitate inginer mecanic,2,21,214,2144
214436,referent de specialitate inginer mecanic,referent de specialitate inginer mecanic,2,21,214,2144
214437,proiectant inginer aeronave,proiectant inginer aeronave,2,21,214,2144
214438,proiectant inginer mecanic,proiectant inginer mecanic,2,21,214,2144
214439,inginer pilot de încercare,inginer pilot de incercare,2,21,214,2144
214440,subinginer proiectant mecanic,subinginer proiectant mecanic,2,21,214,2144
214441,specialist reglementări/ cărți de identitate vehicule/ verificări tehnice înmatriculare/ inspecții tehnice/ omologări oficiale,specialist reglementari carti de identitate vehicule verificari tehnice inmatriculare inspectii tehnice omologari oficiale,2,21,214,2144
214442,specialist prestații vehicule,specialist prestatii vehicule,2,21,214,2144
214443,specialist mentenanță mecanică echipamente industriale,specialist mentenanta mecanica echipamente industriale,2,21,214,2144
214444,inginer/ subinginer tehnolog prelucrări mecanice,inginer subinginer tehnolog prelucrari mecanice,2,21,214,2144
214445,inginer tehnolog în fabricarea armamentului și muniției,inginer tehnolog in fabricarea armamentului si munitiei,2,21,214,2144
214446,subinginer tehnolog în fabricarea armamentului și muniției,subinginer tehnolog in fabricarea armamentului si munitiei,2,21,214,2144
214447,"inginer pentru protecția navigației aeriene (comunicații, navigație, supraveghere)",inginer pentru protectia navigatiei aeriene comunicatii navigatie supraveghere,2,21,214,2144
214448,cercetător în sisteme de propulsie,cercetator in sisteme de propulsie,2,21,214,2144
214449,inginer de cercetare în sisteme de propulsie,inginer de cercetare in sisteme de propulsie,2,21,214,2144
214450,asistent de cercetare în sisteme de propulsie,asistent de cercetare in sisteme de propulsie,2,21,214,2144
214451,cercetător în echipamente și instalații de bord,cercetator in echipamente si instalatii de bord,2,21,214,2144
214452,inginer de cercetare în echipamente și instalații de bord,inginer de cercetare in echipamente si instalatii de bord,2,21,214,2144
214453,asistent de cercetare în echipamente și instalații de bord,asistent de cercetare in echipamente si instalatii de bord,2,21,214,2144
214454,cercetător în mașini și echipamente termice,cercetator in masini si echipamente termice,2,21,214,2144
214455,inginer de cercetare în mașini și echipamente termice,inginer de cercetare in masini si echipamente termice,2,21,214,2144
214456,asistent de cercetare în mașini și echipamente termice,asistent de cercetare in masini si echipamente termice,2,21,214,2144
214457,cercetător în mașini hidraulice și pneumatice,cercetator in masini hidraulice si pneumatice,2,21,214,2144
214458,inginer de cercetare în mașini hidraulice și pneumatice,inginer de cercetare in masini hidraulice si pneumatice,2,21,214,2144
214459,asistent de cercetare în mașini hidraulice și pneumatice,asistent de cercetare in masini hidraulice si pneumatice,2,21,214,2144
214460,cercetător în echipamente de proces,cercetator in echipamente de proces,2,21,214,2144
214461,inginer de cercetare în echipamente de proces,inginer de cercetare in echipamente de proces,2,21,214,2144
214462,asistent de cercetare în echipamente de proces,asistent de cercetare in echipamente de proces,2,21,214,2144
214463,cercetător în mecanică fină,cercetator in mecanica fina,2,21,214,2144
214464,inginer de cercetare în mecanică fină,inginer de cercetare in mecanica fina,2,21,214,2144
214465,asistent de cercetare în mecanică fină,asistent de cercetare in mecanica fina,2,21,214,2144
214466,cercetător în tehnologia construcțiilor de mașini,cercetator in tehnologia constructiilor de masini,2,21,214,2144
214467,inginer de cercetare în tehnologia construcțiilor de mașini,inginer de cercetare in tehnologia constructiilor de masini,2,21,214,2144
214468,asistent de cercetare în tehnologia construcțiilor de mașini,asistent de cercetare in tehnologia constructiilor de masini,2,21,214,2144
214469,cercetător în construcții de mașini agricole,cercetator in constructii de masini agricole,2,21,214,2144
214470,inginer de cercetare în construcții de mașini agricole,inginer de cercetare in constructii de masini agricole,2,21,214,2144
214471,asistent de cercetare în construcții de mașini agricole,asistent de cercetare in constructii de masini agricole,2,21,214,2144
214472,cercetător în autovehicule rutiere,cercetator in autovehicule rutiere,2,21,214,2144
214473,inginer de cercetare în autovehicule rutiere,inginer de cercetare in autovehicule rutiere,2,21,214,2144
214474,asistent de cercetare în autovehicule rutiere,asistent de cercetare in autovehicule rutiere,2,21,214,2144
214475,cercetător în utilaje și instalații portuare,cercetator in utilaje si instalatii portuare,2,21,214,2144
214476,inginer de cercetare în utilaje și instalații portuare,inginer de cercetare in utilaje si instalatii portuare,2,21,214,2144
214477,asistent de cercetare în utilaje și instalații portuare,asistent de cercetare in utilaje si instalatii portuare,2,21,214,2144
214478,cercetător în utilaje și tehnologia ambalării,cercetator in utilaje si tehnologia ambalarii,2,21,214,2144
214479,inginer de cercetare în utilaje și tehnologia ambalării,inginer de cercetare in utilaje si tehnologia ambalarii,2,21,214,2144
214480,asistent de cercetare în utilaje și tehnologia ambalării,asistent de cercetare in utilaje si tehnologia ambalarii,2,21,214,2144
214481,cercetător în creația tehnică în construcția de mașini,cercetator in creatia tehnica in constructia de masini,2,21,214,2144
214482,inginer de cercetare în creația tehnică în construcția de mașini,inginer de cercetare in creatia tehnica in constructia de masini,2,21,214,2144
214483,asistent de cercetare în creația tehnică în construcția de mașini,asistent de cercetare in creatia tehnica in constructia de masini,2,21,214,2144
214484,cercetător în mașini și instalații mecanice,cercetator in masini si instalatii mecanice,2,21,214,2144
214485,inginer de cercetare în mașini și instalații mecanice,inginer de cercetare in masini si instalatii mecanice,2,21,214,2144
214486,asistent de cercetare în mașini și instalații mecanice,asistent de cercetare in masini si instalatii mecanice,2,21,214,2144
214487,cercetător în instalații și utilaje pentru transportul și depozitarea produselor petroliere,cercetator in instalatii si utilaje pentru transportul si depozitarea produselor petroliere,2,21,214,2144
214489,ofițer mecanic,ofiter mecanic,2,21,214,2144
214490,inginer de proces în tratarea/epurarea apei,inginer de proces in tratarea epurarea apei,2,21,214,2144
214491,inginer mecatronist,inginer mecatronist,2,21,214,2144
214492,inginer utilaje gospodărie comunală și ecologizare/salubrizare,inginer utilaje gospodarie comunala si ecologizare salubrizare,2,21,214,2144
214493,inginer sisteme de transport operațional,inginer sisteme de transport operational,2,21,214,2144
214494,arhitect naval,arhitect naval,2,21,214,2144
214495,cercetător de nave,cercetator de nave,2,21,214,2144
214496,inginer sudor,inginer sudor,2,21,214,2144
214501,inginer petrochimist,inginer petrochimist,2,21,214,2145
214502,subinginer petrochimist,subinginer petrochimist,2,21,214,2145
214503,proiectant inginer chimist,proiectant inginer chimist,2,21,214,2145
214504,consilier inginer chimist,consilier inginer chimist,2,21,214,2145
214505,expert inginer chimist,expert inginer chimist,2,21,214,2145
214506,inspector de specialitate inginer chimist,inspector de specialitate inginer chimist,2,21,214,2145
214507,referent de specialitate inginer chimist,referent de specialitate inginer chimist,2,21,214,2145
214508,consilier inginer petrochimist,consilier inginer petrochimist,2,21,214,2145
214509,expert inginer petrochimist,expert inginer petrochimist,2,21,214,2145
214510,inspector de specialitate inginer petrochimist,inspector de specialitate inginer petrochimist,2,21,214,2145
214511,referent de specialitate petrochimist,referent de specialitate petrochimist,2,21,214,2145
214512,biochimist,biochimist,2,21,214,2145
214513,inginer chimist,inginer chimist,2,21,214,2145
214514,inginer în industria alimentară,inginer in industria alimentara,2,21,214,2145
214515,subinginer în industria alimentară,subinginer in industria alimentara,2,21,214,2145
214516,proiectant inginer produse alimentare,proiectant inginer produse alimentare,2,21,214,2145
214517,consilier inginer industria alimentară,consilier inginer industria alimentara,2,21,214,2145
214518,expert inginer industria alimentară,expert inginer industria alimentara,2,21,214,2145
214519,inspector de specialitate inginer industria alimentară,inspector de specialitate inginer industria alimentara,2,21,214,2145
214520,referent de specialitate inginer industria alimentară,referent de specialitate inginer industria alimentara,2,21,214,2145
214521,cercetător în tehnologia substanțelor anorganice,cercetator in tehnologia substantelor anorganice,2,21,214,2145
214522,inginer de cercetare în tehnologia substanțelor anorganice,inginer de cercetare in tehnologia substantelor anorganice,2,21,214,2145
214523,asistent de cercetare în tehnologia substanțelor anorganice,asistent de cercetare in tehnologia substantelor anorganice,2,21,214,2145
214524,cercetător în tehnologia substanțelor organice,cercetator in tehnologia substantelor organice,2,21,214,2145
214525,inginer de cercetare în tehnologia substanțelor organice,inginer de cercetare in tehnologia substantelor organice,2,21,214,2145
214526,asistent de cercetare în tehnologia substanțelor organice,asistent de cercetare in tehnologia substantelor organice,2,21,214,2145
214527,cercetător în petrochimie și carbochimie,cercetator in petrochimie si carbochimie,2,21,214,2145
214528,inginer de cercetare în petrochimie și carbochimie,inginer de cercetare in petrochimie si carbochimie,2,21,214,2145
214529,asistent de cercetare în petrochimie și carbochimie,asistent de cercetare in petrochimie si carbochimie,2,21,214,2145
214530,cercetător în tehnologia compușilor macromoleculari,cercetator in tehnologia compusilor macromoleculari,2,21,214,2145
214531,inginer de cercetare în tehnologia compușilor macromoleculari,inginer de cercetare in tehnologia compusilor macromoleculari,2,21,214,2145
214532,asistent de cercetare în tehnologia compușilor macromoleculari,asistent de cercetare in tehnologia compusilor macromoleculari,2,21,214,2145
214533,cercetător în controlul calității produselor alimentare,cercetator in controlul calitatii produselor alimentare,2,21,214,2145
214534,inginer de cercetare în controlul calității produselor alimentare,inginer de cercetare in controlul calitatii produselor alimentare,2,21,214,2145
214535,asistent de cercetare în controlul calității produselor alimentare,asistent de cercetare in controlul calitatii produselor alimentare,2,21,214,2145
214536,subinginer chimist,subinginer chimist,2,21,214,2145
214537,expert în prăjirea cafelei,expert in prajirea cafelei,2,21,214,2145
214538,specialist tehnologia alimentelor,specialist tehnologia alimentelor,2,21,214,2145
214601,inginer metalurgie extractivă,inginer metalurgie extractiva,2,21,214,2146
214602,inginer minier,inginer minier,2,21,214,2146
214603,subinginer metalurgist,subinginer metalurgist,2,21,214,2146
214604,subinginer minier,subinginer minier,2,21,214,2146
214605,inginer preparator minier,inginer preparator minier,2,21,214,2146
214606,consilier inginer metalurg,consilier inginer metalurg,2,21,214,2146
214607,expert inginer metalurg,expert inginer metalurg,2,21,214,2146
214608,inspector de specialitate inginer metalurg,inspector de specialitate inginer metalurg,2,21,214,2146
214609,referent de specialitate inginer metalurg,referent de specialitate inginer metalurg,2,21,214,2146
214610,consilier inginer minier,consilier inginer minier,2,21,214,2146
214611,expert inginer minier,expert inginer minier,2,21,214,2146
214612,inspector de specialitate inginer minier,inspector de specialitate inginer minier,2,21,214,2146
214613,referent de specialitate inginer minier,referent de specialitate inginer minier,2,21,214,2146
214614,inginer prelucrări metalurgice,inginer prelucrari metalurgice,2,21,214,2146
214615,inginer metalurgie neferoasă,inginer metalurgie neferoasa,2,21,214,2146
214616,inginer petrolist,inginer petrolist,2,21,214,2146
214617,subinginer petrolist,subinginer petrolist,2,21,214,2146
214618,consilier inginer petrolist,consilier inginer petrolist,2,21,214,2146
214619,expert inginer petrolist,expert inginer petrolist,2,21,214,2146
214620,referent inginer petrolist,referent inginer petrolist,2,21,214,2146
214621,proiectant inginer petrolist,proiectant inginer petrolist,2,21,214,2146
214622,inginer tehnolog metalurg,inginer tehnolog metalurg,2,21,214,2146
214623,proiectant inginer metalurg,proiectant inginer metalurg,2,21,214,2146
214624,proiectant inginer în minerit,proiectant inginer in minerit,2,21,214,2146
214625,inginer mineralurg,inginer mineralurg,2,21,214,2146
214626,cercetător în exploatări miniere,cercetator in exploatari miniere,2,21,214,2146
214627,inginer de cercetare în exploatări miniere,inginer de cercetare in exploatari miniere,2,21,214,2146
214628,asistent de cercetare în exploatări miniere,asistent de cercetare in exploatari miniere,2,21,214,2146
214629,cercetător în prepararea substanțelor minerale utile,cercetator in prepararea substantelor minerale utile,2,21,214,2146
214630,inginer de cercetare în prepararea substanțelor minerale utile,inginer de cercetare in prepararea substantelor minerale utile,2,21,214,2146
214631,asistent de cercetare în prepararea substanțelor minerale utile,asistent de cercetare in prepararea substantelor minerale utile,2,21,214,2146
214632,cercetător în petrol (extracție-prospecțiune),cercetator in petrol extractie prospectiune,2,21,214,2146
214633,inginer de cercetare în petrol (extracție-prospecțiune),inginer de cercetare in petrol extractie prospectiune,2,21,214,2146
214634,asistent de cercetare în petrol (extracție-prospecțiune),asistent de cercetare in petrol extractie prospectiune,2,21,214,2146
214635,cercetător în topografie minieră,cercetator in topografie miniera,2,21,214,2146
214636,inginer de cercetare în topografie minieră,inginer de cercetare in topografie miniera,2,21,214,2146
214637,asistent de cercetare în topografie minieră,asistent de cercetare in topografie miniera,2,21,214,2146
214638,cercetător în ingineria proceselor siderurgice,cercetator in ingineria proceselor siderurgice,2,21,214,2146
214639,inginer de cercetare în ingineria proceselor siderurgice,inginer de cercetare in ingineria proceselor siderurgice,2,21,214,2146
214640,asistent de cercetare în ingineria proceselor siderurgice,asistent de cercetare in ingineria proceselor siderurgice,2,21,214,2146
214641,cercetător în metalurgia neferoasă,cercetator in metalurgia neferoasa,2,21,214,2146
214642,inginer de cercetare în metalurgia neferoasă,inginer de cercetare in metalurgia neferoasa,2,21,214,2146
214643,asistent de cercetare în metalurgia neferoasă,asistent de cercetare in metalurgia neferoasa,2,21,214,2146
214644,cercetător în turnarea metalelor,cercetator in turnarea metalelor,2,21,214,2146
214645,inginer de cercetare în turnarea metalelor,inginer de cercetare in turnarea metalelor,2,21,214,2146
214646,asistent de cercetare în turnarea metalelor,asistent de cercetare in turnarea metalelor,2,21,214,2146
214647,cercetător în prelucrări plastice și tratamente termice,cercetator in prelucrari plastice si tratamente termice,2,21,214,2146
214648,inginer de cercetare în prelucrări plastice și tratamente termice,inginer de cercetare in prelucrari plastice si tratamente termice,2,21,214,2146
214649,asistent de cercetare în prelucrări plastice și tratamente termice,asistent de cercetare in prelucrari plastice si tratamente termice,2,21,214,2146
214650,cercetător în știința materialelor,cercetator in stiinta materialelor,2,21,214,2146
214651,inginer de cercetare în știința materialelor,inginer de cercetare in stiinta materialelor,2,21,214,2146
214652,asistent de cercetare în știința materialelor,asistent de cercetare in stiinta materialelor,2,21,214,2146
214653,cercetător în tehnologii carbochimice,cercetator in tehnologii carbochimice,2,21,214,2146
214654,inginer de cercetare în tehnologii carbochimice,inginer de cercetare in tehnologii carbochimice,2,21,214,2146
214655,asistent de cercetare în tehnologii carbochimice,asistent de cercetare in tehnologii carbochimice,2,21,214,2146
214656,inginer de cercetare în instalații și utilaje pentru transportul și depozitarea produselor petroliere,inginer de cercetare in instalatii si utilaje pentru transportul si depozitarea produselor petroliere,2,21,214,2146
214657,asistent de cercetare în instalații și utilaje pentru transportul și depozitarea produselor petroliere,asistent de cercetare in instalatii si utilaje pentru transportul si depozitarea produselor petroliere,2,21,214,2146
214658,inginer foraj,inginer foraj,2,21,214,2146
214901,inginer prelucrarea sticlei și ceramicii,inginer prelucrarea sticlei si ceramicii,2,21,214,2149
214902,subinginer prelucrarea sticlei și ceramicii,subinginer prelucrarea sticlei si ceramicii,2,21,214,2149
214903,inginer materiale de construcții,inginer materiale de constructii,2,21,214,2149
214904,subinginer materiale de construcții,subinginer materiale de constructii,2,21,214,2149
214905,consilier inginer prelucrarea sticlei și ceramicii,consilier inginer prelucrarea sticlei si ceramicii,2,21,214,2149
214906,expert inginer prelucrarea sticlei și ceramicii,expert inginer prelucrarea sticlei si ceramicii,2,21,214,2149
214907,inspector de specialitate inginer prelucrarea sticlei și ceramicii,inspector de specialitate inginer prelucrarea sticlei si ceramicii,2,21,214,2149
214908,referent de specialitate inginer prelucrarea sticlei și ceramicii,referent de specialitate inginer prelucrarea sticlei si ceramicii,2,21,214,2149
214909,"proiectant inginer ceramică, sticlă",proiectant inginer ceramica sticla,2,21,214,2149
214910,"chimist în materiale oxidice (sticlă, ceramică)",chimist in materiale oxidice sticla ceramica,2,21,214,2149
214911,subinginer tehnologia celulozei și hârtiei,subinginer tehnologia celulozei si hartiei,2,21,214,2149
214912,proiectant inginer celuloză și hârtie,proiectant inginer celuloza si hartie,2,21,214,2149
214913,consilier inginer tehnologia celulozei și hârtiei,consilier inginer tehnologia celulozei si hartiei,2,21,214,2149
214914,expert inginer tehnologia celulozei și hârtiei,expert inginer tehnologia celulozei si hartiei,2,21,214,2149
214915,inspector de specialitate inginer tehnologia celulozei și hârtiei,inspector de specialitate inginer tehnologia celulozei si hartiei,2,21,214,2149
214916,referent de specialitate inginer tehnologia celulozei și hârtiei,referent de specialitate inginer tehnologia celulozei si hartiei,2,21,214,2149
214917,cercetător în informatică,cercetator in informatica,2,21,214,2149
214918,asistent de cercetare în informatică,asistent de cercetare in informatica,2,21,214,2149
214919,cercetător în filatură-țesătorie,cercetator in filatura tesatorie,2,21,214,2149
214920,inginer de cercetare în filatură-țesătorie,inginer de cercetare in filatura tesatorie,2,21,214,2149
214921,asistent de cercetare în filatură-țesătorie,asistent de cercetare in filatura tesatorie,2,21,214,2149
214922,cercetător în tricotaje-confecții textile,cercetator in tricotaje confectii textile,2,21,214,2149
214923,inginer de cercetare în tricotaje-confecții textile,inginer de cercetare in tricotaje confectii textile,2,21,214,2149
214924,asistent de cercetare în tricotaje-confecții textile,asistent de cercetare in tricotaje confectii textile,2,21,214,2149
214925,"cercetător în tehnologia chimică a produselor textile, pieii, blănurilor și înlocuitorilor",cercetator in tehnologia chimica a produselor textile pieii blanurilor si inlocuitorilor,2,21,214,2149
214926,"inginer de cercetare în tehnologia chimică a produselor textile, pieii, blănurilor și înlocuitorilor",inginer de cercetare in tehnologia chimica a produselor textile pieii blanurilor si inlocuitorilor,2,21,214,2149
214927,"asistent de cercetare în tehnologia chimică a produselor textile, pieii, blănurilor și înlocuitorilor",asistent de cercetare in tehnologia chimica a produselor textile pieii blanurilor si inlocuitorilor,2,21,214,2149
214928,cercetător în confecții din piele și înlocuitori,cercetator in confectii din piele si inlocuitori,2,21,214,2149
214929,inginer de cercetare în confecții din piele și înlocuitori,inginer de cercetare in confectii din piele si inlocuitori,2,21,214,2149
214930,asistent de cercetare în confecții din piele și înlocuitori,asistent de cercetare in confectii din piele si inlocuitori,2,21,214,2149
214931,cercetător în exploatări forestiere,cercetator in exploatari forestiere,2,21,214,2149
214932,inginer de cercetare în exploatări forestiere,inginer de cercetare in exploatari forestiere,2,21,214,2149
214933,asistent de cercetare în exploatări forestiere,asistent de cercetare in exploatari forestiere,2,21,214,2149
214934,inginer de cercetare în proiectarea mobilei și produselor finite din lemn,inginer de cercetare in proiectarea mobilei si produselor finite din lemn,2,21,214,2149
214935,cercetător în prelucrarea lemnului,cercetator in prelucrarea lemnului,2,21,214,2149
214936,inginer de cercetare în prelucrarea lemnului,inginer de cercetare in prelucrarea lemnului,2,21,214,2149
214937,asistent de cercetare în prelucrarea lemnului,asistent de cercetare in prelucrarea lemnului,2,21,214,2149
214938,cercetător în tehnologie și echipamente neconvenționale,cercetator in tehnologie si echipamente neconventionale,2,21,214,2149
214939,inginer de cercetare în tehnologie și echipamente neconvenționale,inginer de cercetare in tehnologie si echipamente neconventionale,2,21,214,2149
214940,asistent de cercetare în tehnologie și echipamente neconvenționale,asistent de cercetare in tehnologie si echipamente neconventionale,2,21,214,2149
214941,"cercetător în tehnologia celulozei, hârtiei, poligrafiei și fibrelor",cercetator in tehnologia celulozei hartiei poligrafiei si fibrelor,2,21,214,2149
214942,"inginer de cercetare în tehnologia celulozei, hârtiei, poligrafiei și fibrelor",inginer de cercetare in tehnologia celulozei hartiei poligrafiei si fibrelor,2,21,214,2149
214943,"asistent de cercetare în tehnologia celulozei, hârtiei, poligrafiei și fibrelor",asistent de cercetare in tehnologia celulozei hartiei poligrafiei si fibrelor,2,21,214,2149
214944,corespondent securitate - confidențialitate produs,corespondent securitate confidentialitate produs,2,21,214,2149
214945,specialist operare sisteme de poziționare dinamică,specialist operare sisteme de pozitionare dinamica,2,21,214,2149
214947,expert elaborare documentații tehnice de montaj,expert elaborare documentatii tehnice de montaj,2,21,214,2149
214948,expert monitorizare și control lucrări de montaj,expert monitorizare si control lucrari de montaj,2,21,214,2149
214949,expert prevenire - reducere riscuri tehnologice,expert prevenire reducere riscuri tehnologice,2,21,214,2149
214950,expert urmărire comportare în exploatare lucrări montaj,expert urmarire comportare in exploatare lucrari montaj,2,21,214,2149
214951,expert tehnic extrajudiciar,expert tehnic extrajudiciar,2,21,214,2149
214952,auditor de siguranță rutieră,auditor de siguranta rutiera,2,21,214,2149
214953,inspector/ referent în gestiunea materialelor și mijloacelor fixe,inspector referent in gestiunea materialelor si mijloacelor fixe,2,21,214,2149
214954,inginer exploatare echipamente și instalații nucleare,inginer exploatare echipamente si instalatii nucleare,2,21,214,2149
214955,logistician în transporturi,logistician in transporturi,2,21,214,2149
214956,inginer în sisteme optice,inginer in sisteme optice,2,21,214,2149
214957,inginer biomedical,inginer biomedical,2,21,214,2149
214958,inginer punere în funcțiune,inginer punere in functiune,2,21,214,2149
214959,inginer specialist în robotică,inginer specialist in robotica,2,21,214,2149
214960,"inginer pentru inspecția și verificarea tehnică a cazanelor, instalațiilor de ridicat și recipientelor sub presiune",inginer pentru inspectia si verificarea tehnica a cazanelor instalatiilor de ridicat si recipientelor sub presiune,2,21,214,2149
215101,dispecer energetic feroviar,dispecer energetic feroviar,2,21,215,2151
215102,"dispecer centrală, hidrocentru, cascadă, dispecerate teritoriale",dispecer centrala hidrocentru cascada dispecerate teritoriale,2,21,215,2151
215103,dispecer rețea distribuție,dispecer retea distributie,2,21,215,2151
215104,dispecer rețele de înaltă tensiune,dispecer retele de inalta tensiune,2,21,215,2151
215105,inginer sisteme electroenergetice,inginer sisteme electroenergetice,2,21,215,2151
215106,radiochimist,radiochimist,2,21,215,2151
215107,subinginer electroenergetică,subinginer electroenergetica,2,21,215,2151
215108,inginer energetică industrială,inginer energetica industriala,2,21,215,2151
215109,inginer sisteme termoenergetice,inginer sisteme termoenergetice,2,21,215,2151
215110,proiectant inginer electrotehnic,proiectant inginer electrotehnic,2,21,215,2151
215111,proiectant inginer energetician,proiectant inginer energetician,2,21,215,2151
215112,inginer rețele electroenergetice,inginer retele electroenergetice,2,21,215,2151
215113,subinginer rețele electrice,subinginer retele electrice,2,21,215,2151
215114,inginer hidroenergetică,inginer hidroenergetica,2,21,215,2151
215115,inginer exploatare centrale nuclearoelectrice,inginer exploatare centrale nuclearoelectrice,2,21,215,2151
215116,subinginer centrale termoelectrice,subinginer centrale termoelectrice,2,21,215,2151
215117,inginer exploatare instalații nucleare,inginer exploatare instalatii nucleare,2,21,215,2151
215118,proiectant subinginer electrotehnic,proiectant subinginer electrotehnic,2,21,215,2151
215119,proiectant sisteme de securitate,proiectant sisteme de securitate,2,21,215,2151
215120,șef tură dispecer energetic,sef tura dispecer energetic,2,21,215,2151
215121,cercetător în electrotehnică,cercetator in electrotehnica,2,21,215,2151
215122,inginer de cercetare în electrotehnică,inginer de cercetare in electrotehnica,2,21,215,2151
215123,asistent de cercetare în electrotehnică,asistent de cercetare in electrotehnica,2,21,215,2151
215124,cercetător în electrofizică,cercetator in electrofizica,2,21,215,2151
215125,inginer de cercetare în electrofizică,inginer de cercetare in electrofizica,2,21,215,2151
215126,asistent de cercetare în electrofizică,asistent de cercetare in electrofizica,2,21,215,2151
215127,cercetător în metrologie,cercetator in metrologie,2,21,215,2151
215128,inginer de cercetare în metrologie,inginer de cercetare in metrologie,2,21,215,2151
215129,asistent de cercetare în metrologie,asistent de cercetare in metrologie,2,21,215,2151
215130,cercetător în electromecanică,cercetator in electromecanica,2,21,215,2151
215131,inginer de cercetare în electromecanică,inginer de cercetare in electromecanica,2,21,215,2151
215132,asistent de cercetare în electromecanică,asistent de cercetare in electromecanica,2,21,215,2151
215133,cercetător roboți industriali,cercetator roboti industriali,2,21,215,2151
215134,inginer de cercetare roboți industriali,inginer de cercetare roboti industriali,2,21,215,2151
215135,asistent de cercetare roboți industriali,asistent de cercetare roboti industriali,2,21,215,2151
215136,cercetător în centrale termoelectrice,cercetator in centrale termoelectrice,2,21,215,2151
215137,inginer de cercetare în centrale termoelectrice,inginer de cercetare in centrale termoelectrice,2,21,215,2151
215138,asistent de cercetare în centrale termoelectrice,asistent de cercetare in centrale termoelectrice,2,21,215,2151
215139,cercetător în centrale nuclearoelectrice,cercetator in centrale nuclearoelectrice,2,21,215,2151
215140,inginer de cercetare în centrale nuclearoelectrice,inginer de cercetare in centrale nuclearoelectrice,2,21,215,2151
215141,asistent de cercetare în centrale nuclearoelectrice,asistent de cercetare in centrale nuclearoelectrice,2,21,215,2151
215142,cercetător în electroenergetică,cercetator in electroenergetica,2,21,215,2151
215143,inginer de cercetare în electroenergetică,inginer de cercetare in electroenergetica,2,21,215,2151
215144,asistent de cercetare în electroenergetică,asistent de cercetare in electroenergetica,2,21,215,2151
215145,cercetător în energetică industrială,cercetator in energetica industriala,2,21,215,2151
215146,inginer de cercetare în energetică industrială,inginer de cercetare in energetica industriala,2,21,215,2151
215147,asistent de cercetare în energetică industrială,asistent de cercetare in energetica industriala,2,21,215,2151
215148,ofițer electrician,ofiter electrician,2,21,215,2151
215149,inginer electrician,inginer electrician,2,21,215,2151
215150,auditor electroenergetic,auditor electroenergetic,2,21,215,2151
215151,inginer centrale fotovoltaice,inginer centrale fotovoltaice,2,21,215,2151
215152,inginer centrale eoliene,inginer centrale eoliene,2,21,215,2151
215153,inginer exploatare centrale termoelectrice,inginer exploatare centrale termoelectrice,2,21,215,2151
215154,auditor termoenergetic,auditor termoenergetic,2,21,215,2151
215155,inginer securitate obiective nucleare,inginer securitate obiective nucleare,2,21,215,2151
215156,inginer exploatare centrale hidroelectrice,inginer exploatare centrale hidroelectrice,2,21,215,2151
215157,inginer echipamente și sisteme hidroenergetice,inginer echipamente si sisteme hidroenergetice,2,21,215,2151
215158,inginer management resurse de apă,inginer management resurse de apa,2,21,215,2151
215159,inginer energetica clădirilor,inginer energetica cladirilor,2,21,215,2151
215160,inginer programare și optimizare a instalațiilor și proceselor energetice,inginer programare si optimizare a instalatiilor si proceselor energetice,2,21,215,2151
215161,inginer tehnologii informatice în energetică,inginer tehnologii informatice in energetica,2,21,215,2151
215162,inginer conducere și control sisteme de utilități energetice,inginer conducere si control sisteme de utilitati energetice,2,21,215,2151
215163,inginer rețele și sisteme hidraulice,inginer retele si sisteme hidraulice,2,21,215,2151
215201,inginer electromecanic SCB,inginer electromecanic scb,2,21,215,2152
215202,inginer automatist,inginer automatist,2,21,215,2152
215203,inginer navigație,inginer navigatie,2,21,215,2152
215204,"inginer electronist transporturi, telecomunicații",inginer electronist transporturi telecomunicatii,2,21,215,2152
215205,inginer producție,inginer productie,2,21,215,2152
215206,instructor instalații,instructor instalatii,2,21,215,2152
215207,instructor linii,instructor linii,2,21,215,2152
215208,revizor siguranța circulației feroviare,revizor siguranta circulatiei feroviare,2,21,215,2152
215209,subinginer automatist,subinginer automatist,2,21,215,2152
215210,"subinginer electronist, transporturi, telecomunicații",subinginer electronist transporturi telecomunicatii,2,21,215,2152
215211,subinginer reglaje subansamble,subinginer reglaje subansamble,2,21,215,2152
215212,inginer de recepție și control aeronave,inginer de receptie si control aeronave,2,21,215,2152
215213,proiectant inginer electronist,proiectant inginer electronist,2,21,215,2152
215214,proiectant inginer de sisteme și calculatoare,proiectant inginer de sisteme si calculatoare,2,21,215,2152
215215,proiectant inginer electromecanic,proiectant inginer electromecanic,2,21,215,2152
215216,inginer electromecanic,inginer electromecanic,2,21,215,2152
215217,subinginer electromecanic,subinginer electromecanic,2,21,215,2152
215218,căpitan secund,capitan secund,2,21,215,2152
215219,căpitan port (studii superioare),capitan port studii superioare,2,21,215,2152
215220,specialist mentenanță electromecanică-automatică echipamente industriale,specialist mentenanta electromecanica automatica echipamente industriale,2,21,215,2152
215222,inginer sisteme de securitate,inginer sisteme de securitate,2,21,215,2152
215223,cercetător în electronică aplicată,cercetator in electronica aplicata,2,21,215,2152
215224,inginer de cercetare în electronică aplicată,inginer de cercetare in electronica aplicata,2,21,215,2152
215225,asistent de cercetare în electronică aplicată,asistent de cercetare in electronica aplicata,2,21,215,2152
215226,cercetător în comunicații,cercetator in comunicatii,2,21,215,2152
215227,inginer de cercetare în comunicații,inginer de cercetare in comunicatii,2,21,215,2152
215228,asistent de cercetare în comunicații,asistent de cercetare in comunicatii,2,21,215,2152
215229,cercetător în microelectronică,cercetator in microelectronica,2,21,215,2152
215230,inginer de cercetare în microelectronică,inginer de cercetare in microelectronica,2,21,215,2152
215231,asistent de cercetare în microelectronică,asistent de cercetare in microelectronica,2,21,215,2152
215232,cercetător în telecomenzi și electronică în transporturi,cercetator in telecomenzi si electronica in transporturi,2,21,215,2152
215233,inginer de cercetare în telecomenzi și electronică în transporturi,inginer de cercetare in telecomenzi si electronica in transporturi,2,21,215,2152
215234,asistent de cercetare în telecomenzi și electronică în transporturi,asistent de cercetare in telecomenzi si electronica in transporturi,2,21,215,2152
215235,cercetător în calculatoare,cercetator in calculatoare,2,21,215,2152
215236,inginer de cercetare în calculatoare,inginer de cercetare in calculatoare,2,21,215,2152
215237,asistent de cercetare în calculatoare,asistent de cercetare in calculatoare,2,21,215,2152
215238,cercetător în automatică,cercetator in automatica,2,21,215,2152
215239,inginer de cercetare în automatică,inginer de cercetare in automatica,2,21,215,2152
215240,asistent de cercetare în automatică,asistent de cercetare in automatica,2,21,215,2152
215241,ofițer punte,ofiter punte,2,21,215,2152
215242,inginer în instrumentație de măsură,inginer in instrumentatie de masura,2,21,215,2152
215301,inginer emisie,inginer emisie,2,21,215,2153
215302,inginer montaj,inginer montaj,2,21,215,2153
215303,inginer electrotehnist,inginer electrotehnist,2,21,215,2153
215304,inginer imagine,inginer imagine,2,21,215,2153
215305,inginer sunet,inginer sunet,2,21,215,2153
215306,inginer- șef car reportaj,inginer sef car reportaj,2,21,215,2153
215307,subinginer- șef car reportaj,subinginer sef car reportaj,2,21,215,2153
215308,inginer-șef schimb emisie,inginer sef schimb emisie,2,21,215,2153
215309,subinginer iluminat tehnologic,subinginer iluminat tehnologic,2,21,215,2153
215310,inginer proiectant comunicații,inginer proiectant comunicatii,2,21,215,2153
215311,subinginer proiectant comunicații,subinginer proiectant comunicatii,2,21,215,2153
215312,inginer/ inspector de specialitate/ referent de specialitate/ expert în serviciile de trafic aerian,inginer inspector de specialitate referent de specialitate expert in serviciile de trafic aerian,2,21,215,2153
215313,consilier tehnic,consilier tehnic,2,21,215,2153
215314,inginer iluminare,inginer iluminare,2,21,215,2153
215315,șef studio RTV,sef studio rtv,2,21,215,2153
215316,coordonator producție RTV,coordonator productie rtv,2,21,215,2153
216101,arhitect clădiri,arhitect cladiri,2,21,216,2161
216102,conductor arhitect,conductor arhitect,2,21,216,2161
216103,arhitect restaurări,arhitect restaurari,2,21,216,2161
216104,consilier arhitect,consilier arhitect,2,21,216,2161
216105,expert arhitect,expert arhitect,2,21,216,2161
216106,inspector de specialitate arhitect,inspector de specialitate arhitect,2,21,216,2161
216107,referent de specialitate arhitect,referent de specialitate arhitect,2,21,216,2161
216108,proiectant arhitect,proiectant arhitect,2,21,216,2161
216109,cercetător în arhitectură,cercetator in arhitectura,2,21,216,2161
216110,asistent de cercetare în arhitectură,asistent de cercetare in arhitectura,2,21,216,2161
216111,arhitect de interior,arhitect de interior,2,21,216,2161
216201,arhitect peisagistică și amenajarea teritoriului,arhitect peisagistica si amenajarea teritoriului,2,21,216,2162
216202,peisagist,peisagist,2,21,216,2162
216301,designer industrial,designer industrial,2,21,216,2163
216302,grafician industrial,grafician industrial,2,21,216,2163
216303,lucrător în ateliere de modele,lucrator in ateliere de modele,2,21,216,2163
216304,costumier,costumier,2,21,216,2163
216305,pictor creator costume,pictor creator costume,2,21,216,2163
216306,modelier confecții,modelier confectii,2,21,216,2163
216307,designer vestimentar,designer vestimentar,2,21,216,2163
216308,cercetător în arte plastice - design industrial,cercetator in arte plastice design industrial,2,21,216,2163
216309,asistent de cercetare în arte plastice - design industrial,asistent de cercetare in arte plastice design industrial,2,21,216,2163
216310,"cercetător în arte plastice - textile (tapiserie, contexturi, modă, imprimeuri)",cercetator in arte plastice textile tapiserie contexturi moda imprimeuri,2,21,216,2163
216311,"asistent de cercetare în arte plastice - textile (tapiserie, contexturi, modă, imprimeuri)",asistent de cercetare in arte plastice textile tapiserie contexturi moda imprimeuri,2,21,216,2163
216312,"cercetător în arte plastice-sticlă, ceramică, metal",cercetator in arte plastice sticla ceramica metal,2,21,216,2163
216313,"asistent de cercetare în arte plastice - sticlă, ceramică, metal",asistent de cercetare in arte plastice sticla ceramica metal,2,21,216,2163
216401,urbanist,urbanist,2,21,216,2164
216402,arhitect urbanism,arhitect urbanism,2,21,216,2164
216501,cartograf,cartograf,2,21,216,2165
216502,inginer geodez,inginer geodez,2,21,216,2165
216503,subinginer geodez,subinginer geodez,2,21,216,2165
216504,inginer topograf,inginer topograf,2,21,216,2165
216505,inginer topograf minier,inginer topograf minier,2,21,216,2165
216506,proiectant inginer geodez,proiectant inginer geodez,2,21,216,2165
216507,consilier cadastru,consilier cadastru,2,21,216,2165
216508,subinginer cadastru,subinginer cadastru,2,21,216,2165
216509,geomatician,geomatician,2,21,216,2165
216601,designer grafică (studii medii),designer grafica studii medii,2,21,216,2166
216602,animator film de animație (studii medii),animator film de animatie studii medii,2,21,216,2166
216603,intermediarist film desene animate (studii medii),intermediarist film desene animate studii medii,2,21,216,2166
216604,stilizator film desene animate (studii medii),stilizator film desene animate studii medii,2,21,216,2166
216605,asistent regizor studio,asistent regizor studio,2,21,216,2166
216606,asistent regizor emisie,asistent regizor emisie,2,21,216,2166
216607,designer florist,designer florist,2,21,216,2166
216609,art director,art director,2,21,216,2166
216610,designer pagini web (studii superioare),designer pagini web studii superioare,2,21,216,2166
216611,designer grafică (studii superioare),designer grafica studii superioare,2,21,216,2166
216612,grafician calculator (studii medii),grafician calculator studii medii,2,21,216,2166
216613,designer pagini web (studii medii),designer pagini web studii medii,2,21,216,2166
216614,designer jocuri digitale,designer jocuri digitale,2,21,216,2166
221101,medic medicină generală,medic medicina generala,2,22,221,2211
221102,medic rezident,medic rezident,2,22,221,2211
221103,consilier medic,consilier medic,2,22,221,2211
221104,expert medic,expert medic,2,22,221,2211
221105,inspector de specialitate medic,inspector de specialitate medic,2,22,221,2211
221106,referent de specialitate medic,referent de specialitate medic,2,22,221,2211
221107,medic primar,medic primar,2,22,221,2211
221108,medic medicină de familie,medic medicina de familie,2,22,221,2211
221109,cercetător în medicina generală,cercetator in medicina generala,2,22,221,2211
221110,asistent de cercetare în medicina generală,asistent de cercetare in medicina generala,2,22,221,2211
221201,medic specialist,medic specialist,2,22,221,2212
222101,asistent medical generalist,asistent medical generalist,2,22,222,2221
222102,asistent medical specializat,asistent medical specializat,2,22,222,2221
222201,moașă,moasa,2,22,222,2222
223001,cercetător în medicina tradițională,cercetator in medicina traditionala,2,22,223,2230
223002,asistent de cercetare în medicina tradițională,asistent de cercetare in medicina traditionala,2,22,223,2230
223003,instructor ergoterapie,instructor ergoterapie,2,22,223,2230
223004,tehnician homeopat,tehnician homeopat,2,22,223,2230
223005,instructor de educație sanitară,instructor de educatie sanitara,2,22,223,2230
223006,bioenergetician,bioenergetician,2,22,223,2230
223007,inforenergetician radiestezist,inforenergetician radiestezist,2,22,223,2230
223008,terapeut în terapii complementare,terapeut in terapii complementare,2,22,223,2230
225001,epizotolog,epizotolog,2,22,225,2250
225002,medic veterinar,medic veterinar,2,22,225,2250
225003,medic veterinar - oncologie comparată,medic veterinar oncologie comparata,2,22,225,2250
225004,cercetător în medicina veterinară,cercetator in medicina veterinara,2,22,225,2250
225005,asistent de cercetare în medicina veterinară,asistent de cercetare in medicina veterinara,2,22,225,2250
226101,medic stomatolog,medic stomatolog,2,22,226,2261
226102,medic stomatolog rezident,medic stomatolog rezident,2,22,226,2261
226103,medic stomatolog de specialitate,medic stomatolog de specialitate,2,22,226,2261
226104,cercetător în medicina stomatologică,cercetator in medicina stomatologica,2,22,226,2261
226105,asistent de cercetare în medicina stomatologică,asistent de cercetare in medicina stomatologica,2,22,226,2261
226201,farmacist,farmacist,2,22,226,2262
226202,farmacist rezident,farmacist rezident,2,22,226,2262
226203,farmacist de specialitate,farmacist de specialitate,2,22,226,2262
226204,asistent de farmacie licențiat,asistent de farmacie licentiat,2,22,226,2262
226205,farmacist primar,farmacist primar,2,22,226,2262
226301,inginer clinic,inginer clinic,2,22,226,2263
226302,specialist în domeniul securității și sănătății în muncă,specialist in domeniul securitatii si sanatatii in munca,2,22,226,2263
226303,coordonator în materie de securitate și sănătate în muncă (studii superioare),coordonator in materie de securitate si sanatate in munca studii superioare,2,22,226,2263
226304,"cercetător științific în bacteriologie, microbiochimie, farmacologie",cercetator stiintific in bacteriologie microbiochimie farmacologie,2,22,226,2263
226305,"asistent de cercetare în bacteriologie, microbiologie, biochimie, farmacologie",asistent de cercetare in bacteriologie microbiologie biochimie farmacologie,2,22,226,2263
226306,igienist,igienist,2,22,226,2263
226307,evaluator de risc și auditor în domeniul securității și sănătății în muncă,evaluator de risc si auditor in domeniul securitatii si sanatatii in munca,2,22,226,2263
226308,coordonator în materie de securitate și sănătate în muncă pentru logistică (studii superioare),coordonator in materie de securitate si sanatate in munca pentru logistica studii superioare,2,22,226,2263
226309,ergonomist,ergonomist,2,22,226,2263
226310,auditor de sistem de management al sănătății și securității în muncă,auditor de sistem de management al sanatatii si securitatii in munca,2,22,226,2263
226311,auditor în domeniul siguranței alimentare,auditor in domeniul sigurantei alimentare,2,22,226,2263
226312,manager în domeniul siguranței alimentare,manager in domeniul sigurantei alimentare,2,22,226,2263
226401,fiziokinetoterapeut,fiziokinetoterapeut,2,22,226,2264
226402,fizioterapeut,fizioterapeut,2,22,226,2264
226403,cercetător în fiziokinetoterapie,cercetator in fiziokinetoterapie,2,22,226,2264
226404,asistent de cercetare în fiziokinetoterapie,asistent de cercetare in fiziokinetoterapie,2,22,226,2264
226405,kinetoterapeut,kinetoterapeut,2,22,226,2264
226406,profesor de cultură fizică medicală,profesor de cultura fizica medicala,2,22,226,2264
226501,asistent de nutriție,asistent de nutritie,2,22,226,2265
226502,dietetician,dietetician,2,22,226,2265
226503,nutriționist și dietetician,nutritionist si dietetician,2,22,226,2265
226504,consultant nutriționist,consultant nutritionist,2,22,226,2265
226601,instructor logoped,instructor logoped,2,22,226,2266
226603,logoped,logoped,2,22,226,2266
226604,audiolog,audiolog,2,22,226,2266
226701,optometrist (studii superioare),optometrist studii superioare,2,22,226,2267
226901,medic igienist,medic igienist,2,22,226,2269
226902,medic expertiză a capacității de muncă,medic expertiza a capacitatii de munca,2,22,226,2269
226903,medic legist,medic legist,2,22,226,2269
226904,bioinginer medical,bioinginer medical,2,22,226,2269
226905,asistent medical (studii superioare),asistent medical studii superioare,2,22,226,2269
226906,fizician medical,fizician medical,2,22,226,2269
226907,medic specialist psihiatru,medic specialist psihiatru,2,22,226,2269
226908,medic de familie cu competențe în sănătatea mintală,medic de familie cu competente in sanatatea mintala,2,22,226,2269
226909,cercetător în educație fizică și sport,cercetator in educatie fizica si sport,2,22,226,2269
226910,asistent de cercetare în educație fizică și sport,asistent de cercetare in educatie fizica si sport,2,22,226,2269
226911,consilier sportiv,consilier sportiv,2,22,226,2269
226912,biochimist medical specialist,biochimist medical specialist,2,22,226,2269
226913,biolog medical specialist,biolog medical specialist,2,22,226,2269
226914,chimist medical specialist,chimist medical specialist,2,22,226,2269
226915,biochimist medical principal,biochimist medical principal,2,22,226,2269
226916,biolog medical principal,biolog medical principal,2,22,226,2269
226917,chimist medical principal,chimist medical principal,2,22,226,2269
226918,asistent medical nutriție dietetică,asistent medical nutritie dietetica,2,22,226,2269
226919,asistent medical radiologie,asistent medical radiologie,2,22,226,2269
226920,asistent medical laborator,asistent medical laborator,2,22,226,2269
226921,asistent medical igienă și sănătate publică,asistent medical igiena si sanatate publica,2,22,226,2269
226922,navigator de pacienți,navigator de pacienti,2,22,226,2269
226923,asistent medico-social,asistent medico social,2,22,226,2269
226924,"asistent medical balneofizioterapie, balneofiziokinetoterapie și recuperare",asistent medical balneofizioterapie balneofiziokinetoterapie si recuperare,2,22,226,2269
226925,tehnician perfuzionist,tehnician perfuzionist,2,22,226,2269
226926,podiatru,podiatru,2,22,226,2269
226927,analist comportamental,analist comportamental,2,22,226,2269
226928,tehnician de radiologie și imagistică licențiat,tehnician de radiologie si imagistica licentiat,2,22,226,2269
226929,terapeut în terapie asistată de animale,terapeut in terapie asistata de animale,2,22,226,2269
231001,asistent universitar,asistent universitar,2,23,231,2310
231002,conferențiar universitar,conferentiar universitar,2,23,231,2310
231003,lector universitar,lector universitar,2,23,231,2310
231004,preparator învățământul universitar,preparator invatamantul universitar,2,23,231,2310
231005,profesor universitar,profesor universitar,2,23,231,2310
231006,expert centre de perfecționare,expert centre de perfectionare,2,23,231,2310
232001,profesor în învățământul profesional și de maiștri,profesor in invatamantul profesional si de maistri,2,23,232,2320
233001,"profesor în învățământul liceal, postliceal",profesor in invatamantul liceal postliceal,2,23,233,2330
233002,profesor în învățământul gimnazial,profesor in invatamantul gimnazial,2,23,233,2330
234101,profesor în învățământul primar,profesor in invatamantul primar,2,23,234,2341
234102,învățător,invatator,2,23,234,2341
234103,institutor,institutor,2,23,234,2341
234201,profesor în învățământul preșcolar,profesor in invatamantul prescolar,2,23,234,2342
234202,educatoare,educatoare,2,23,234,2342
234203,educator puericultor,educator puericultor,2,23,234,2342
235101,cercetător în pedagogie,cercetator in pedagogie,2,23,235,2351
235102,asistent de cercetare în pedagogie,asistent de cercetare in pedagogie,2,23,235,2351
235103,consilier învățământ,consilier invatamant,2,23,235,2351
235104,expert învățământ,expert invatamant,2,23,235,2351
235105,inspector școlar,inspector scolar,2,23,235,2351
235106,referent de specialitate învățământ,referent de specialitate invatamant,2,23,235,2351
235201,defectolog,defectolog,2,23,235,2352
235203,educator în unități de handicapați,educator in unitati de handicapati,2,23,235,2352
235204,instructor-educator în unități de handicapați,instructor educator in unitati de handicapati,2,23,235,2352
235205,pedagog de recuperare,pedagog de recuperare,2,23,235,2352
235301,profesor de limbi străine,profesor de limbi straine,2,23,235,2353
235901,"secretar institut, facultate",secretar institut facultate,2,23,235,2359
235902,mentor,mentor,2,23,235,2359
235903,consilier școlar,consilier scolar,2,23,235,2359
235904,designer instrucțional,designer instructional,2,23,235,2359
235905,dezvoltator de e-learning,dezvoltator de e learning,2,23,235,2359
235906,laborant în învățământ,laborant in invatamant,2,23,235,2359
235907,maistru instructor,maistru instructor,2,23,235,2359
235908,pedagog școlar,pedagog scolar,2,23,235,2359
235909,secretar școală,secretar scoala,2,23,235,2359
235910,șef atelier școală,sef atelier scoala,2,23,235,2359
235911,mediator școlar,mediator scolar,2,23,235,2359
235912,inspector școlar pentru implementarea descentralizării instituționale,inspector scolar pentru implementarea descentralizarii institutionale,2,23,235,2359
235913,inspector școlar pentru managementul resurselor umane,inspector scolar pentru managementul resurselor umane,2,23,235,2359
235914,inspector școlar pentru mentorat,inspector scolar pentru mentorat,2,23,235,2359
235915,inspector școlar pentru dezvoltarea resursei umane,inspector scolar pentru dezvoltarea resursei umane,2,23,235,2359
235916,inspector școlar pentru educație permanentă,inspector scolar pentru educatie permanenta,2,23,235,2359
235917,inspector școlar pentru învățământ particular și alternative educaționale,inspector scolar pentru invatamant particular si alternative educationale,2,23,235,2359
235918,inspector școlar pentru învățământul special,inspector scolar pentru invatamantul special,2,23,235,2359
235919,director Centrul Județean de Resurse și Asistență Educațională (CJRAE),director centrul judetean de resurse si asistenta educationala cjrae,2,23,235,2359
235920,consilier pentru tineret,consilier pentru tineret,2,23,235,2359
235921,inspector școlar pentru proiecte educaționale,inspector scolar pentru proiecte educationale,2,23,235,2359
235922,consilier mediator,consilier mediator,2,23,235,2359
235923,profesor-antrenor,profesor antrenor,2,23,235,2359
235924,specialist în pregătire fizică,specialist in pregatire fizica,2,23,235,2359
235925,specialist sisteme de calificare,specialist sisteme de calificare,2,23,235,2359
241101,controlor tezaur,controlor tezaur,2,24,241,2411
241102,expert contabil-verificator,expert contabil verificator,2,24,241,2411
241103,revizor contabil,revizor contabil,2,24,241,2411
241104,referent de specialitate financiar-contabilitate,referent de specialitate financiar contabilitate,2,24,241,2411
241105,auditor intern,auditor intern,2,24,241,2411
241106,controlor de gestiune,controlor de gestiune,2,24,241,2411
241107,auditor financiar,auditor financiar,2,24,241,2411
241201,cenzor,cenzor,2,24,241,2412
241202,comisar Garda Financiară,comisar garda financiara,2,24,241,2412
241203,consilier financiar-bancar,consilier financiar bancar,2,24,241,2412
241204,expert financiar-bancar,expert financiar bancar,2,24,241,2412
241205,inspector financiar-bancar,inspector financiar bancar,2,24,241,2412
241206,inspector asigurări,inspector asigurari,2,24,241,2412
241207,comisar principal,comisar principal,2,24,241,2412
241208,consultant bugetar,consultant bugetar,2,24,241,2412
241209,dealer,dealer,2,24,241,2412
241210,evaluator,evaluator,2,24,241,2412
241211,analist investiții,analist investitii,2,24,241,2412
241212,manager de fond acțiuni/ obligațiuni,manager de fond actiuni obligatiuni,2,24,241,2412
241213,consultant plasamente valori mobiliare,consultant plasamente valori mobiliare,2,24,241,2412
241214,agent capital de risc,agent capital de risc,2,24,241,2412
241215,administrator credite,administrator credite,2,24,241,2412
241216,specialist control risc,specialist control risc,2,24,241,2412
241217,specialist evaluare daune,specialist evaluare daune,2,24,241,2412
241218,lichidator,lichidator,2,24,241,2412
241219,administrator judiciar,administrator judiciar,2,24,241,2412
241220,analist preț de revenire/ costuri,analist pret de revenire costuri,2,24,241,2412
241221,expert fiscal,expert fiscal,2,24,241,2412
241222,consultant fiscal,consultant fiscal,2,24,241,2412
241223,inspector general de bancă,inspector general de banca,2,24,241,2412
241224,economist bancă,economist banca,2,24,241,2412
241225,manager bancă,manager banca,2,24,241,2412
241226,manager de operațiuni/ produs,manager de operatiuni produs,2,24,241,2412
241227,manager relații cu clienții băncii/ societate de leasing,manager relatii cu clientii bancii societate de leasing,2,24,241,2412
241228,trezorier (studii superioare),trezorier studii superioare,2,24,241,2412
241229,analist bancar/ societate de leasing,analist bancar societate de leasing,2,24,241,2412
241230,"ofițer bancar (credite, marketing, produse și servicii bancare)",ofiter bancar credite marketing produse si servicii bancare,2,24,241,2412
241231,administrator bancar/ produs leasing,administrator bancar produs leasing,2,24,241,2412
241232,operator cifru (mesaje cifrate),operator cifru mesaje cifrate,2,24,241,2412
241233,proiectant produse bancare,proiectant produse bancare,2,24,241,2412
241234,consultant bancar,consultant bancar,2,24,241,2412
241235,agent compensare (interbancară),agent compensare interbancara,2,24,241,2412
241236,referent bancar/ societate de leasing,referent bancar societate de leasing,2,24,241,2412
241237,ofițer conformitate,ofiter conformitate,2,24,241,2412
241238,expert conformitate,expert conformitate,2,24,241,2412
241239,ofițer securitatea informației (Security Officer – SO),ofiter securitatea informatiei security officer so,2,24,241,2412
241240,administrator de risc,administrator de risc,2,24,241,2412
241241,analist credite,analist credite,2,24,241,2412
241242,inspector de specialitate asigurări,inspector de specialitate asigurari,2,24,241,2412
241243,inspector de specialitate subscriere,inspector de specialitate subscriere,2,24,241,2412
241244,referent de specialitate asigurări,referent de specialitate asigurari,2,24,241,2412
241245,consilier vânzări asigurări,consilier vanzari asigurari,2,24,241,2412
241246,inspector coordonator asigurări,inspector coordonator asigurari,2,24,241,2412
241247,inspector de risc,inspector de risc,2,24,241,2412
241248,inspector de specialitate daune,inspector de specialitate daune,2,24,241,2412
241249,inspector coordonator daune,inspector coordonator daune,2,24,241,2412
241250,specialist sistem asigurări,specialist sistem asigurari,2,24,241,2412
241251,evaluator autorizat,evaluator autorizat,2,24,241,2412
241255,planificator/ specialist plan sinteze,planificator specialist plan sinteze,2,24,241,2412
241256,expert în ingineria costurilor investiționale,expert in ingineria costurilor investitionale,2,24,241,2412
241257,expert contractare activități investiționale,expert contractare activitati investitionale,2,24,241,2412
241258,expert recepție investiții industriale,expert receptie investitii industriale,2,24,241,2412
241259,expert eficientizare investiții,expert eficientizare investitii,2,24,241,2412
241260,expert evaluare-actualizare devize generale investiții,expert evaluare actualizare devize generale investitii,2,24,241,2412
241261,expert elaborare-evaluare documentații achiziții investiționale,expert elaborare evaluare documentatii achizitii investitionale,2,24,241,2412
241262,expert în management activități investiționale,expert in management activitati investitionale,2,24,241,2412
241263,evaluator proiecte,evaluator proiecte,2,24,241,2412
241264,inspector casier,inspector casier,2,24,241,2412
241265,broker de tehnologii,broker de tehnologii,2,24,241,2412
241266,gemolog,gemolog,2,24,241,2412
241267,evaluator bunuri culturale,evaluator bunuri culturale,2,24,241,2412
241268,specialist piețe reglementate,specialist piete reglementate,2,24,241,2412
241269,consultant de investiții,consultant de investitii,2,24,241,2412
241270,specialist control intern în domeniul pieței de capital,specialist control intern in domeniul pietei de capital,2,24,241,2412
241271,specialist pentru piața de capital,specialist pentru piata de capital,2,24,241,2412
241272,specialist pentru relația cu investitorii,specialist pentru relatia cu investitorii,2,24,241,2412
241301,cercetător în finanțe-bănci,cercetator in finante banci,2,24,241,2413
241302,asistent de cercetare în finanțe-bănci,asistent de cercetare in finante banci,2,24,241,2413
241303,"cercetător în gestiune, contabilitate, control financiar",cercetator in gestiune contabilitate control financiar,2,24,241,2413
241304,"asistent de cercetare în gestiune, contabilitate, control financiar",asistent de cercetare in gestiune contabilitate control financiar,2,24,241,2413
241305,analist financiar,analist financiar,2,24,241,2413
241306,auditor intern în sectorul public,auditor intern in sectorul public,2,24,241,2413
241307,asistent analist,asistent analist,2,24,241,2413
241308,specialist bancar,specialist bancar,2,24,241,2413
241309,analist financiar bancar,analist financiar bancar,2,24,241,2413
241310,asistent bancar,asistent bancar,2,24,241,2413
241311,specialist/ analist organizare,specialist analist organizare,2,24,241,2413
241312,analist tehnic piețe financiare,analist tehnic piete financiare,2,24,241,2413
242101,manager proiect,manager proiect,2,24,242,2421
242102,specialist îmbunătățire procese,specialist imbunatatire procese,2,24,242,2421
242103,specialist strategie industrială,specialist strategie industriala,2,24,242,2421
242104,responsabil proces,responsabil proces,2,24,242,2421
242105,coordonator secretariat studiouri teritoriale,coordonator secretariat studiouri teritoriale,2,24,242,2421
242106,manager de inovare,manager de inovare,2,24,242,2421
242107,expert în conducerea și organizarea activităților de mentenanță,expert in conducerea si organizarea activitatilor de mentenanta,2,24,242,2421
242108,manager îmbunătățire procese,manager imbunatatire procese,2,24,242,2421
242109,specialist plan progres,specialist plan progres,2,24,242,2421
242110,"specialist în planificarea, controlul și raportarea performanței economice",specialist in planificarea controlul si raportarea performantei economice,2,24,242,2421
242111,administrator societate comercială,administrator societate comerciala,2,24,242,2421
242112,manager de proiect în parteneriat public privat,manager de proiect in parteneriat public privat,2,24,242,2421
242113,consultant de securitate,consultant de securitate,2,24,242,2421
242114,manager al sistemelor de management al calității,manager al sistemelor de management al calitatii,2,24,242,2421
242115,evaluator de risc la securitatea fizică,evaluator de risc la securitatea fizica,2,24,242,2421
242116,expert achiziții publice,expert achizitii publice,2,24,242,2421
242117,manager de facilități,manager de facilitati,2,24,242,2421
242118,specialist digitalizare,specialist digitalizare,2,24,242,2421
242119,manager transformare digitală,manager transformare digitala,2,24,242,2421
242120,analist de afaceri,analist de afaceri,2,24,242,2421
242121,evaluator accesibilitate,evaluator accesibilitate,2,24,242,2421
242122,manager de cost pentru dezvoltarea proiectului,manager de cost pentru dezvoltarea proiectului,2,24,242,2421
242201,consilier administrația publică,consilier administratia publica,2,24,242,2422
242202,expert administrația publică,expert administratia publica,2,24,242,2422
242203,inspector de specialitate în administrația publică,inspector de specialitate in administratia publica,2,24,242,2422
242204,referent de specialitate în administrația publică,referent de specialitate in administratia publica,2,24,242,2422
242205,consultant în administrația publică,consultant in administratia publica,2,24,242,2422
242206,reglementator,reglementator,2,24,242,2422
242207,agent de dezvoltare,agent de dezvoltare,2,24,242,2422
242208,administrator public,administrator public,2,24,242,2422
242209,inspector de integritate,inspector de integritate,2,24,242,2422
242210,examinator de stat de specialitate,examinator de stat de specialitate,2,24,242,2422
242211,administrator publicații,administrator publicatii,2,24,242,2422
242212,agent consular,agent consular,2,24,242,2422
242213,expert accesare fonduri structurale și de coeziune europene,expert accesare fonduri structurale si de coeziune europene,2,24,242,2422
242214,consilier afaceri europene,consilier afaceri europene,2,24,242,2422
242215,referent relații externe,referent relatii externe,2,24,242,2422
242216,inspector de trafic rutier (studii superioare),inspector de trafic rutier studii superioare,2,24,242,2422
242217,expert informații pentru afaceri,expert informatii pentru afaceri,2,24,242,2422
242218,administrator editură,administrator editura,2,24,242,2422
242219,expert aplicare legislație armonizată în domeniul industriei și comerțului,expert aplicare legislatie armonizata in domeniul industriei si comertului,2,24,242,2422
242220,expert legislația muncii,expert legislatia muncii,2,24,242,2422
242221,expert/specialist în parteneriat public-privat,expert specialist in parteneriat public privat,2,24,242,2422
242222,analist informații de firmă,analist informatii de firma,2,24,242,2422
242223,investigator,investigator,2,24,242,2422
242224,analist de informații,analist de informatii,2,24,242,2422
242225,consilier de stare civilă,consilier de stare civila,2,24,242,2422
242226,inspector de stare civilă,inspector de stare civila,2,24,242,2422
242227,ofițer de legătură pentru securitatea infrastructurii critice naționale/europene,ofiter de legatura pentru securitatea infrastructurii critice nationale europene,2,24,242,2422
242228,auditor de securitate a aviației civile,auditor de securitate a aviatiei civile,2,24,242,2422
242229,consilier dezvoltare locală și regională,consilier dezvoltare locala si regionala,2,24,242,2422
242230,expert în egalitate de șanse,expert in egalitate de sanse,2,24,242,2422
242231,responsabil cu protecția datelor cu caracter personal,responsabil cu protectia datelor cu caracter personal,2,24,242,2422
242232,expert dezvoltare durabilă,expert dezvoltare durabila,2,24,242,2422
242233,analist în servicii și politici de sănătate,analist in servicii si politici de sanatate,2,24,242,2422
242234,expert e-guvernare,expert e guvernare,2,24,242,2422
242235,coordonator programe de sport,coordonator programe de sport,2,24,242,2422
242236,ofițer de politici recreaționale,ofiter de politici recreationale,2,24,242,2422
242237,inspector aeronautic,inspector aeronautic,2,24,242,2422
242238,investigator pentru siguranța aviației civile,investigator pentru siguranta aviatiei civile,2,24,242,2422
242239,atașat pentru muncă și afaceri sociale,atasat pentru munca si afaceri sociale,2,24,242,2422
242301,consilier forță de muncă și șomaj,consilier forta de munca si somaj,2,24,242,2423
242302,expert forță de muncă și șomaj,expert forta de munca si somaj,2,24,242,2423
242303,inspector de specialitate forță de muncă și șomaj,inspector de specialitate forta de munca si somaj,2,24,242,2423
242304,expert în securitate și sănătate în muncă,expert in securitate si sanatate in munca,2,24,242,2423
242305,referent de specialitate forță de muncă și șomaj,referent de specialitate forta de munca si somaj,2,24,242,2423
242306,consilier orientare privind cariera,consilier orientare privind cariera,2,24,242,2423
242307,consultant în domeniul forței de muncă,consultant in domeniul fortei de munca,2,24,242,2423
242308,analist piața muncii,analist piata muncii,2,24,242,2423
242309,analist recrutare/ integrare salariați,analist recrutare integrare salariati,2,24,242,2423
242310,analist sisteme salarizare,analist sisteme salarizare,2,24,242,2423
242311,consultant reconversie-mobilitate personal,consultant reconversie mobilitate personal,2,24,242,2423
242312,consultant condiții de muncă,consultant conditii de munca,2,24,242,2423
242313,analist ocupațional,analist ocupational,2,24,242,2423
242314,specialist resurse umane,specialist resurse umane,2,24,242,2423
242315,consilier vocațional,consilier vocational,2,24,242,2423
242316,consultant în standardizare,consultant in standardizare,2,24,242,2423
242317,consultant în resurse umane,consultant in resurse umane,2,24,242,2423
242318,consultant intern în resurse umane,consultant intern in resurse umane,2,24,242,2423
242319,specialist în formare,specialist in formare,2,24,242,2423
242320,specialist în recrutare,specialist in recrutare,2,24,242,2423
242321,specialist în compensații și beneficii,specialist in compensatii si beneficii,2,24,242,2423
242322,specialist în dezvoltare organizațională,specialist in dezvoltare organizationala,2,24,242,2423
242323,specialist în relații de muncă,specialist in relatii de munca,2,24,242,2423
242324,consilier pentru dezvoltare personală,consilier pentru dezvoltare personala,2,24,242,2423
242325,analist resurse umane,analist resurse umane,2,24,242,2423
242401,formator,formator,2,24,242,2424
242402,formator de formatori,formator de formatori,2,24,242,2424
242403,organizator/ conceptor/ consultant formare,organizator conceptor consultant formare,2,24,242,2424
242404,"inspector de specialitate formare, evaluare și selecție profesională",inspector de specialitate formare evaluare si selectie profesionala,2,24,242,2424
242405,evaluator de competențe profesionale,evaluator de competente profesionale,2,24,242,2424
242406,manager de formare,manager de formare,2,24,242,2424
242407,administrator de formare,administrator de formare,2,24,242,2424
242408,evaluator de furnizori și programe de formare,evaluator de furnizori si programe de formare,2,24,242,2424
242409,evaluator de evaluatori,evaluator de evaluatori,2,24,242,2424
242410,evaluator extern,evaluator extern,2,24,242,2424
242411,evaluator în sistemul formării profesionale continue,evaluator in sistemul formarii profesionale continue,2,24,242,2424
242412,specialist în activitatea de coaching,specialist in activitatea de coaching,2,24,242,2424
242901,auditor responsabilitate socială,auditor responsabilitate sociala,2,24,242,2429
242902,responsabil al managementului responsabilității sociale,responsabil al managementului responsabilitatii sociale,2,24,242,2429
242903,manager de responsabilitate socială,manager de responsabilitate sociala,2,24,242,2429
242904,specialist educator în penitenciare,specialist educator in penitenciare,2,24,242,2429
242905,ofițer de poliție penitenciară,ofiter de politie penitenciara,2,24,242,2429
243101,art director publicitate (studii medii),art director publicitate studii medii,2,24,243,2431
243102,organizator activitate turism (studii superioare),organizator activitate turism studii superioare,2,24,243,2431
243103,specialist marketing,specialist marketing,2,24,243,2431
243104,manager de produs,manager de produs,2,24,243,2431
243105,specialist marketing online,specialist marketing online,2,24,243,2431
243106,manager comerț electronic,manager comert electronic,2,24,243,2431
243201,specialist în relații publice,specialist in relatii publice,2,24,243,2432
243202,mediator,mediator,2,24,243,2432
243203,referent de specialitate marketing,referent de specialitate marketing,2,24,243,2432
243204,specialist protocol și ceremonial,specialist protocol si ceremonial,2,24,243,2432
243205,consultant cameral,consultant cameral,2,24,243,2432
243206,purtător de cuvânt,purtator de cuvant,2,24,243,2432
243207,brand manager,brand manager,2,24,243,2432
243208,organizator protocol,organizator protocol,2,24,243,2432
243209,organizator relații,organizator relatii,2,24,243,2432
243210,organizator târguri și expoziții,organizator targuri si expozitii,2,24,243,2432
243211,prezentator expoziții,prezentator expozitii,2,24,243,2432
243212,specialist relații sociale,specialist relatii sociale,2,24,243,2432
243213,expert relații externe,expert relatii externe,2,24,243,2432
243214,curier diplomatic,curier diplomatic,2,24,243,2432
243215,specialist garanții auto,specialist garantii auto,2,24,243,2432
243216,analist servicii client,analist servicii client,2,24,243,2432
243217,asistent director/ responsabil de funcțiune (studii superioare),asistent director responsabil de functiune studii superioare,2,24,243,2432
243218,corespondent comercial,corespondent comercial,2,24,243,2432
243219,asistent comercial,asistent comercial,2,24,243,2432
243220,specialist în activitatea de lobby,specialist in activitatea de lobby,2,24,243,2432
243221,arbitru,arbitru,2,24,243,2432
243222,manager atragere fonduri,manager atragere fonduri,2,24,243,2432
243223,ombudsman,ombudsman,2,24,243,2432
243224,expert comunicare guvernamentală,expert comunicare guvernamentala,2,24,243,2432
243301,analist cumpărări/ consultant furnizori,analist cumparari consultant furnizori,2,24,243,2433
243302,reprezentant medical,reprezentant medical,2,24,243,2433
251101,proiectant sisteme informatice,proiectant sisteme informatice,2,25,251,2511
251102,analist de afaceri în domeniul TIC,analist de afaceri in domeniul tic,2,25,251,2511
251103,manager analiză de business în domeniul TIC,manager analiza de business in domeniul tic,2,25,251,2511
251104,arhitect de sistem în domeniul TIC,arhitect de sistem in domeniul tic,2,25,251,2511
251105,dezvoltator de sisteme în domeniul TIC,dezvoltator de sisteme in domeniul tic,2,25,251,2511
251106,inginer de integrare,inginer de integrare,2,25,251,2511
251107,proiectant de sisteme informatice inteligente pentru TIC,proiectant de sisteme informatice inteligente pentru tic,2,25,251,2511
251108,inginer viziune computerizată,inginer viziune computerizata,2,25,251,2511
251109,arhitect în domeniul tehnologiei blockchain,arhitect in domeniul tehnologiei blockchain,2,25,251,2511
251201,analist,analist,2,25,251,2512
251202,programator,programator,2,25,251,2512
251203,inginer de sistem în informatică,inginer de sistem in informatica,2,25,251,2512
251204,programator de sistem informatic,programator de sistem informatic,2,25,251,2512
251205,inginer de sistem software,inginer de sistem software,2,25,251,2512
251206,manager proiect informatic,manager proiect informatic,2,25,251,2512
251207,inginer de dezvoltare a produselor software,inginer de dezvoltare a produselor software,2,25,251,2512
251208,"inginer în realizarea, întreținerea și dezvoltarea aplicațiilor web",inginer in realizarea intretinerea si dezvoltarea aplicatiilor web,2,25,251,2512
251209,inginer în domeniul tehnologiilor cloud,inginer in domeniul tehnologiilor cloud,2,25,251,2512
251210,dezvoltator în domeniul tehnologiei,dezvoltator in domeniul tehnologiei,2,25,251,2512
251211,dezvoltator interfața cu utilizatorul,dezvoltator interfata cu utilizatorul,2,25,251,2512
251212,inginer de date complexe (big data),inginer de date complexe big data,2,25,251,2512
251301,specialist e-Afaceri,specialist e afaceri,2,25,251,2513
251302,specialist în e-Guvernare,specialist in e guvernare,2,25,251,2513
251303,specialist în e-Media,specialist in e media,2,25,251,2513
251304,specialist în e-Sănătate,specialist in e sanatate,2,25,251,2513
251305,manager de conținut web,manager de continut web,2,25,251,2513
251306,expert în optimizarea motoarelor de căutare,expert in optimizarea motoarelor de cautare,2,25,251,2513
251307,dezvoltator jocuri digitale,dezvoltator jocuri digitale,2,25,251,2513
251401,specialist în domeniul proiectării asistate pe calculator,specialist in domeniul proiectarii asistate pe calculator,2,25,251,2514
251402,specialist în proceduri și instrumente de securitate a sistemelor informatice,specialist in proceduri si instrumente de securitate a sistemelor informatice,2,25,251,2514
251901,consultant în informatică,consultant in informatica,2,25,251,2519
252101,administrator baze de date,administrator baze de date,2,25,252,2521
252201,administrator sistem de securitate bancară,administrator sistem de securitate bancara,2,25,252,2522
252301,administrator de rețea de calculatoare,administrator de retea de calculatoare,2,25,252,2523
252302,administrator de rețea de telefonie VOIP,administrator de retea de telefonie voip,2,25,252,2523
252901,specialist SIG/IT,specialist sig it,2,25,252,2529
252902,expert surse deschise,expert surse deschise,2,25,252,2529
252903,specialist în securitate cibernetică pentru sisteme automatizate de comandă-control,specialist in securitate cibernetica pentru sisteme automatizate de comanda control,2,25,252,2529
252904,expert în securitate cibernetică,expert in securitate cibernetica,2,25,252,2529
252905,expert în investigații digitale,expert in investigatii digitale,2,25,252,2529
252906,auditor de securitate cibernetică,auditor de securitate cibernetica,2,25,252,2529
252907,consultant de securitate cibernetică,consultant de securitate cibernetica,2,25,252,2529
252908,administrator de securitate în domeniul TIC,administrator de securitate in domeniul tic,2,25,252,2529
252909,expert în criminalistică informatică,expert in criminalistica informatica,2,25,252,2529
252910,manager de securitate sisteme informatice,manager de securitate sisteme informatice,2,25,252,2529
252911,inginer în domeniul securității TIC,inginer in domeniul securitatii tic,2,25,252,2529
252912,inginer de securitate sisteme înglobate,inginer de securitate sisteme inglobate,2,25,252,2529
261101,avocat,avocat,2,26,261,2611
261103,consilier juridic,consilier juridic,2,26,261,2611
261201,procuror,procuror,2,26,261,2612
261202,judecător,judecator,2,26,261,2612
261203,magistrat - asistent,magistrat asistent,2,26,261,2612
261204,inspector judiciar,inspector judiciar,2,26,261,2612
261205,asistent judiciar,asistent judiciar,2,26,261,2612
261206,personal de specialitate juridică asimilat judecătorilor și procurorilor,personal de specialitate juridica asimilat judecatorilor si procurorilor,2,26,261,2612
261901,executor judecătoresc,executor judecatoresc,2,26,261,2619
261902,expert criminalist,expert criminalist,2,26,261,2619
261903,expert jurist,expert jurist,2,26,261,2619
261906,notar,notar,2,26,261,2619
261910,consilier armonizare legislativă,consilier armonizare legislativa,2,26,261,2619
261911,expert armonizare legislativă,expert armonizare legislativa,2,26,261,2619
261912,analist armonizare legislativă,analist armonizare legislativa,2,26,261,2619
261913,registrator carte funciară,registrator carte funciara,2,26,261,2619
261914,revizor jurist,revizor jurist,2,26,261,2619
261915,cercetător în domeniul științelor juridice,cercetator in domeniul stiintelor juridice,2,26,261,2619
261916,asistent de cercetare în domeniul științelor juridice,asistent de cercetare in domeniul stiintelor juridice,2,26,261,2619
261917,executor bancar,executor bancar,2,26,261,2619
261918,consilier proprietate industrială autorizat,consilier proprietate industriala autorizat,2,26,261,2619
261919,specialist proprietate intelectuală,specialist proprietate intelectuala,2,26,261,2619
261920,expert prevenire și combatere a corupției,expert prevenire si combatere a coruptiei,2,26,261,2619
261921,consilier de probațiune,consilier de probatiune,2,26,261,2619
261922,inspector de probațiune,inspector de probatiune,2,26,261,2619
261923,asistent registrator principal,asistent registrator principal,2,26,261,2619
261924,inspector de urmărire și administrare bunuri,inspector de urmarire si administrare bunuri,2,26,261,2619
261925,registrator de registrul comerțului,registrator de registrul comertului,2,26,261,2619
262101,arhivist,arhivist,2,26,262,2621
262102,conservator opere de artă și monumente istorice (studii superioare),conservator opere de arta si monumente istorice studii superioare,2,26,262,2621
262103,muzeograf,muzeograf,2,26,262,2621
262104,restaurator opere de artă și monumente istorice (studii superioare),restaurator opere de arta si monumente istorice studii superioare,2,26,262,2621
262105,conservator arhivă (studii superioare),conservator arhiva studii superioare,2,26,262,2621
262106,restaurator arhivă (studii superioare),restaurator arhiva studii superioare,2,26,262,2621
262107,restaurator bunuri culturale (studii superioare),restaurator bunuri culturale studii superioare,2,26,262,2621
262108,conservator/ restaurator pictură murală,conservator restaurator pictura murala,2,26,262,2621
262109,conservator/ restaurator pictură pe lemn,conservator restaurator pictura pe lemn,2,26,262,2621
262110,conservator/ restaurator componente artistice din lemn la monumente istorice,conservator restaurator componente artistice din lemn la monumente istorice,2,26,262,2621
262111,conservator/ restaurator componente artistice din metal la monumente istorice,conservator restaurator componente artistice din metal la monumente istorice,2,26,262,2621
262112,"conservator/ restaurator componente artistice din piatră, ceramică sau stucatură la monumente istorice",conservator restaurator componente artistice din piatra ceramica sau stucatura la monumente istorice,2,26,262,2621
262113,conservator/ restaurator vitralii și componente artistice din sticlă la monumente istorice,conservator restaurator vitralii si componente artistice din sticla la monumente istorice,2,26,262,2621
262114,curator,curator,2,26,262,2621
262115,specialist educație muzeală,specialist educatie muzeala,2,26,262,2621
262201,bibliograf,bibliograf,2,26,262,2622
262202,bibliotecar (studii superioare),bibliotecar studii superioare,2,26,262,2622
262203,documentarist (studii superioare),documentarist studii superioare,2,26,262,2622
262204,referent difuzare carte,referent difuzare carte,2,26,262,2622
262205,lector carte,lector carte,2,26,262,2622
262206,bibliotecar arhivist,bibliotecar arhivist,2,26,262,2622
262207,referent de specialitate așezământ cultural,referent de specialitate asezamant cultural,2,26,262,2622
263101,consilier/ expert/ inspector/ referent/ economist în management,consilier expert inspector referent economist in management,2,26,263,2631
263102,consilier/ expert/ inspector/ referent/ economist în economie generală,consilier expert inspector referent economist in economie generala,2,26,263,2631
263103,consilier/ expert/ inspector/ referent/ economist în economia mediului,consilier expert inspector referent economist in economia mediului,2,26,263,2631
263104,consilier/ expert/ inspector/ referent/ economist în comerț și marketing,consilier expert inspector referent economist in comert si marketing,2,26,263,2631
263105,consilier/ expert/ inspector/ referent/ economist în relații economice internaționale,consilier expert inspector referent economist in relatii economice internationale,2,26,263,2631
263106,consilier/ expert/ inspector/ referent/ economist în gestiunea economică,consilier expert inspector referent economist in gestiunea economica,2,26,263,2631
263107,consultant în management,consultant in management,2,26,263,2631
263108,tehnician economist,tehnician economist,2,26,263,2631
263109,inginer economist,inginer economist,2,26,263,2631
263110,inspector de concurență,inspector de concurenta,2,26,263,2631
263111,administrator financiar (patrimoniu) (studii superioare),administrator financiar patrimoniu studii superioare,2,26,263,2631
263112,cercetător economist în management,cercetator economist in management,2,26,263,2631
263113,asistent de cercetare economist în management,asistent de cercetare economist in management,2,26,263,2631
263114,cercetător economist în economia mediului,cercetator economist in economia mediului,2,26,263,2631
263115,asistent de cercetare economist în economia mediului,asistent de cercetare economist in economia mediului,2,26,263,2631
263116,cercetător economist în economia generală,cercetator economist in economia generala,2,26,263,2631
263117,asistent de cercetare economist în economia generală,asistent de cercetare economist in economia generala,2,26,263,2631
263118,cercetător economist în economie agroalimentară,cercetator economist in economie agroalimentara,2,26,263,2631
263119,asistent de cercetare economist în economie agroalimentară,asistent de cercetare economist in economie agroalimentara,2,26,263,2631
263120,cercetător economist în marketing,cercetator economist in marketing,2,26,263,2631
263121,asistent de cercetare economist în marketing,asistent de cercetare economist in marketing,2,26,263,2631
263122,cercetător economist în relații economice internaționale,cercetator economist in relatii economice internationale,2,26,263,2631
263123,asistent de cercetare economist în relații economice internaționale,asistent de cercetare economist in relatii economice internationale,2,26,263,2631
263124,cercetător economist în gestiunea economică,cercetator economist in gestiunea economica,2,26,263,2631
263125,asistent de cercetare economist în gestiunea economică,asistent de cercetare economist in gestiunea economica,2,26,263,2631
263126,secretar economic (studii superioare),secretar economic studii superioare,2,26,263,2631
263201,sociolog,sociolog,2,26,263,2632
263202,geograf,geograf,2,26,263,2632
263203,analist de mediu,analist de mediu,2,26,263,2632
263204,analist în turism,analist in turism,2,26,263,2632
263205,analist teritorial,analist teritorial,2,26,263,2632
263206,arheolog,arheolog,2,26,263,2632
263207,cercetător de dezvoltare comunitară,cercetator de dezvoltare comunitara,2,26,263,2632
263208,cercetător în sociologie,cercetator in sociologie,2,26,263,2632
263209,asistent de cercetare în sociologie,asistent de cercetare in sociologie,2,26,263,2632
263210,cercetător în antropologie,cercetator in antropologie,2,26,263,2632
263211,asistent de cercetare în antropologie,asistent de cercetare in antropologie,2,26,263,2632
263212,cercetător în geografie,cercetator in geografie,2,26,263,2632
263213,asistent de cercetare în geografie,asistent de cercetare in geografie,2,26,263,2632
263214,cercetător în arheologie,cercetator in arheologie,2,26,263,2632
263215,asistent de cercetare în arheologie,asistent de cercetare in arheologie,2,26,263,2632
263216,cercetător în etnologie,cercetator in etnologie,2,26,263,2632
263217,asistent de cercetare în etnologie,asistent de cercetare in etnologie,2,26,263,2632
263218,manager consorțiu turistic,manager consortiu turistic,2,26,263,2632
263219,expert localizare,expert localizare,2,26,263,2632
263220,promotor local,promotor local,2,26,263,2632
263221,specialist planificare teritorială,specialist planificare teritoriala,2,26,263,2632
263301,filozof,filozof,2,26,263,2633
263302,istoric,istoric,2,26,263,2633
263303,istoriograf,istoriograf,2,26,263,2633
263304,politolog,politolog,2,26,263,2633
263305,cercetător în filozofie,cercetator in filozofie,2,26,263,2633
263306,asistent de cercetare în filozofie,asistent de cercetare in filozofie,2,26,263,2633
263307,cercetător în istorie,cercetator in istorie,2,26,263,2633
263308,asistent de cercetare în istorie,asistent de cercetare in istorie,2,26,263,2633
263309,cercetător în științele politice,cercetator in stiintele politice,2,26,263,2633
263310,asistent de cercetare în științele politice,asistent de cercetare in stiintele politice,2,26,263,2633
263311,consilier filosofic,consilier filosofic,2,26,263,2633
263401,psiholog în specialitatea psihologie clinică,psiholog in specialitatea psihologie clinica,2,26,263,2634
263402,psiholog în specialitatea consiliere psihologică,psiholog in specialitatea consiliere psihologica,2,26,263,2634
263403,psiholog în specialitatea psihoterapie,psiholog in specialitatea psihoterapie,2,26,263,2634
263404,psiholog în specialitatea psihologia muncii și organizațională,psiholog in specialitatea psihologia muncii si organizationala,2,26,263,2634
263405,psiholog în specialitatea psihologia transporturilor,psiholog in specialitatea psihologia transporturilor,2,26,263,2634
263406,psiholog în specialitatea psihologia aplicată în servicii,psiholog in specialitatea psihologia aplicata in servicii,2,26,263,2634
263407,"psiholog în specialitatea psihologie educațională, consiliere școlară și vocațională",psiholog in specialitatea psihologie educationala consiliere scolara si vocationala,2,26,263,2634
263408,psiholog în specialitatea psihopedagogie specială,psiholog in specialitatea psihopedagogie speciala,2,26,263,2634
263409,psiholog în specialitatea psihologie aplicată în domeniul securității naționale,psiholog in specialitatea psihologie aplicata in domeniul securitatii nationale,2,26,263,2634
263410,psiholog în specialitatea psihologie judiciară - evaluarea comportamentului simulat prin tehnica poligrafului,psiholog in specialitatea psihologie judiciara evaluarea comportamentului simulat prin tehnica poligrafului,2,26,263,2634
263411,psiholog,psiholog,2,26,263,2634
263412,psihopedagog,psihopedagog,2,26,263,2634
263413,expert poligraf,expert poligraf,2,26,263,2634
263414,psiholog școlar,psiholog scolar,2,26,263,2634
263415,cercetător în psihologie,cercetator in psihologie,2,26,263,2634
263416,asistent de cercetare în psihologie,asistent de cercetare in psihologie,2,26,263,2634
263417,cercetător în psihopedagogie specială,cercetator in psihopedagogie speciala,2,26,263,2634
263418,asistent de cercetare în psihopedagogie specială,asistent de cercetare in psihopedagogie speciala,2,26,263,2634
263419,terapeut ocupațional,terapeut ocupational,2,26,263,2634
263501,asistent social,asistent social,2,26,263,2635
263502,consilier în domeniul adicțiilor,consilier in domeniul adictiilor,2,26,263,2635
263503,ofițer control doping,ofiter control doping,2,26,263,2635
263504,art-terapeut,art terapeut,2,26,263,2635
263505,asistent social cu competență în sănătatea mintală,asistent social cu competenta in sanatatea mintala,2,26,263,2635
263506,specialist în evaluarea vocațională a persoanelor cu dizabilități,specialist in evaluarea vocationala a persoanelor cu dizabilitati,2,26,263,2635
263507,specialist în angajare asistată,specialist in angajare asistata,2,26,263,2635
263508,instructor - educator pentru activități de resocializare,instructor educator pentru activitati de resocializare,2,26,263,2635
263509,asistent pentru îngrijirea persoanelor vârstnice,asistent pentru ingrijirea persoanelor varstnice,2,26,263,2635
263510,cercetător în asistența socială,cercetator in asistenta sociala,2,26,263,2635
263511,asistent de cercetare în asistența socială,asistent de cercetare in asistenta sociala,2,26,263,2635
263512,inspector social,inspector social,2,26,263,2635
263513,supervizor în servicii sociale,supervizor in servicii sociale,2,26,263,2635
263514,consilier de cuplu,consilier de cuplu,2,26,263,2635
263515,specialist în lucrul cu părinții (parenting),specialist in lucrul cu parintii parenting,2,26,263,2635
263601,arhiepiscop,arhiepiscop,2,26,263,2636
263602,arhiereu-vicar,arhiereu vicar,2,26,263,2636
263603,arhondar,arhondar,2,26,263,2636
263604,cantor,cantor,2,26,263,2636
263605,capelan,capelan,2,26,263,2636
263606,cardinal,cardinal,2,26,263,2636
263607,chevrasameș,chevrasames,2,26,263,2636
263609,consilier culte,consilier culte,2,26,263,2636
263610,conducător arhiepiscopal,conducator arhiepiscopal,2,26,263,2636
263611,diacon,diacon,2,26,263,2636
263612,episcop,episcop,2,26,263,2636
263613,exarh,exarh,2,26,263,2636
263614,haham,haham,2,26,263,2636
263615,harmonist,harmonist,2,26,263,2636
263616,hatip,hatip,2,26,263,2636
263617,imam,imam,2,26,263,2636
263618,inspector culte,inspector culte,2,26,263,2636
263619,majghian,majghian,2,26,263,2636
263620,melamed,melamed,2,26,263,2636
263621,mitropolit,mitropolit,2,26,263,2636
263622,muezin,muezin,2,26,263,2636
263623,muftiu,muftiu,2,26,263,2636
263624,organist,organist,2,26,263,2636
263625,pastor,pastor,2,26,263,2636
263626,patriarh,patriarh,2,26,263,2636
263627,preot,preot,2,26,263,2636
263628,președinte culte,presedinte culte,2,26,263,2636
263629,protopop,protopop,2,26,263,2636
263630,provicar,provicar,2,26,263,2636
263631,rabin,rabin,2,26,263,2636
263632,secretar culte,secretar culte,2,26,263,2636
263633,stareț – stareță,staret stareta,2,26,263,2636
263634,treibar,treibar,2,26,263,2636
263635,vestitor,vestitor,2,26,263,2636
263636,vicar,vicar,2,26,263,2636
263637,episcop-vicar patriarhal,episcop vicar patriarhal,2,26,263,2636
263638,episcop-vicar,episcop vicar,2,26,263,2636
263639,vicar-administrativ patriarhal,vicar administrativ patriarhal,2,26,263,2636
263640,vicar-administrativ eparhial,vicar administrativ eparhial,2,26,263,2636
263641,consilier patriarhal,consilier patriarhal,2,26,263,2636
263642,inspector general bisericesc,inspector general bisericesc,2,26,263,2636
263643,consilier eparhial,consilier eparhial,2,26,263,2636
263644,inspector patriarhal,inspector patriarhal,2,26,263,2636
263645,inspector eparhial,inspector eparhial,2,26,263,2636
263646,secretar Cancelaria Patriarhală,secretar cancelaria patriarhala,2,26,263,2636
263647,secretar eparhial,secretar eparhial,2,26,263,2636
263648,eclesiarh,eclesiarh,2,26,263,2636
264101,poet,poet,2,26,264,2641
264102,scriitor,scriitor,2,26,264,2641
264201,comentator publicist,comentator publicist,2,26,264,2642
264202,corector (studii superioare),corector studii superioare,2,26,264,2642
264203,corespondent special (țară și străinătate),corespondent special tara si strainatate,2,26,264,2642
264204,corespondent radio,corespondent radio,2,26,264,2642
264205,corespondent presă,corespondent presa,2,26,264,2642
264206,critic de artă,critic de arta,2,26,264,2642
264207,editorialist,editorialist,2,26,264,2642
264208,fotoreporter,fotoreporter,2,26,264,2642
264209,lector presă/ editură,lector presa editura,2,26,264,2642
264210,publicist comentator,publicist comentator,2,26,264,2642
264211,redactor,redactor,2,26,264,2642
264212,reporter (studii superioare),reporter studii superioare,2,26,264,2642
264213,reporter operator,reporter operator,2,26,264,2642
264214,secretar de emisie (studii superioare),secretar de emisie studii superioare,2,26,264,2642
264215,secretar de redacție (studii superioare),secretar de redactie studii superioare,2,26,264,2642
264216,secretar responsabil de agenție,secretar responsabil de agentie,2,26,264,2642
264217,șef agenție publicitate,sef agentie publicitate,2,26,264,2642
264218,tehnoredactor,tehnoredactor,2,26,264,2642
264219,ziarist,ziarist,2,26,264,2642
264220,critic literar,critic literar,2,26,264,2642
264222,comentator radio TV,comentator radio tv,2,26,264,2642
264223,redactor rubrică,redactor rubrica,2,26,264,2642
264224,jurnalist TV (studii medii),jurnalist tv studii medii,2,26,264,2642
264225,jurnalist TV (studii superioare),jurnalist tv studii superioare,2,26,264,2642
264226,jurnalist TV senior,jurnalist tv senior,2,26,264,2642
264301,filolog,filolog,2,26,264,2643
264302,interpret,interpret,2,26,264,2643
264303,interpret relații diplomatice,interpret relatii diplomatice,2,26,264,2643
264304,referent literar,referent literar,2,26,264,2643
264305,secretar literar,secretar literar,2,26,264,2643
264306,traducător (studii superioare),traducator studii superioare,2,26,264,2643
264307,translator,translator,2,26,264,2643
264308,grafolog,grafolog,2,26,264,2643
264309,revizor lingvist,revizor lingvist,2,26,264,2643
264310,terminolog,terminolog,2,26,264,2643
264311,translator emisie,translator emisie,2,26,264,2643
264312,cercetător în lingvistică,cercetator in lingvistica,2,26,264,2643
264313,asistent de cercetare în lingvistică,asistent de cercetare in lingvistica,2,26,264,2643
264314,cercetător în filologie,cercetator in filologie,2,26,264,2643
264315,asistent de cercetare în filologie,asistent de cercetare in filologie,2,26,264,2643
264316,interpret al limbajului mimico-gestual,interpret al limbajului mimico gestual,2,26,264,2643
265101,caricaturist (studii superioare),caricaturist studii superioare,2,26,265,2651
265102,artist plastic,artist plastic,2,26,265,2651
265103,desenator film animație,desenator film animatie,2,26,265,2651
265104,grafician,grafician,2,26,265,2651
265105,machetist,machetist,2,26,265,2651
265106,pictor,pictor,2,26,265,2651
265107,pictor scenograf,pictor scenograf,2,26,265,2651
265108,sculptor,sculptor,2,26,265,2651
265109,sculptor păpuși,sculptor papusi,2,26,265,2651
265110,restaurator tablouri,restaurator tablouri,2,26,265,2651
265111,artist multimedia,artist multimedia,2,26,265,2651
265201,acompaniator,acompaniator,2,26,265,2652
265202,artist liric,artist liric,2,26,265,2652
265203,concert maestru,concert maestru,2,26,265,2652
265204,corepetitor,corepetitor,2,26,265,2652
265205,corist,corist,2,26,265,2652
265206,dirijor,dirijor,2,26,265,2652
265207,ilustrator muzical,ilustrator muzical,2,26,265,2652
265208,maestru studii canto,maestru studii canto,2,26,265,2652
265209,instrumentist,instrumentist,2,26,265,2652
265210,maestru cor,maestru cor,2,26,265,2652
265211,referent muzical,referent muzical,2,26,265,2652
265212,secretar muzical,secretar muzical,2,26,265,2652
265213,șef orchestră,sef orchestra,2,26,265,2652
265214,solist instrumentist,solist instrumentist,2,26,265,2652
265215,solist vocal,solist vocal,2,26,265,2652
265216,cazinou operă,cazinou opera,2,26,265,2652
265217,tehnoredactor partituri,tehnoredactor partituri,2,26,265,2652
265218,specialist instrumente de suflat,specialist instrumente de suflat,2,26,265,2652
265219,artist instrumentist,artist instrumentist,2,26,265,2652
265220,solist concertist,solist concertist,2,26,265,2652
265221,dirijor cor,dirijor cor,2,26,265,2652
265222,maestru corepetitor,maestru corepetitor,2,26,265,2652
265223,artist liric operă,artist liric opera,2,26,265,2652
265224,corist operă,corist opera,2,26,265,2652
265225,maestru acordor pian clavecin,maestru acordor pian clavecin,2,26,265,2652
265226,maestru lutier,maestru lutier,2,26,265,2652
265227,specialist orgă,specialist orga,2,26,265,2652
265228,regizor muzical,regizor muzical,2,26,265,2652
265229,cântăreț,cantaret,2,26,265,2652
265230,instrumentist muzicant,instrumentist muzicant,2,26,265,2652
265231,critic muzical,critic muzical,2,26,265,2652
265232,video-jockey,video jockey,2,26,265,2652
265233,maestru de ceremonii,maestru de ceremonii,2,26,265,2652
265234,instrumentist (studii medii),instrumentist studii medii,2,26,265,2652
265235,compozitor,compozitor,2,26,265,2652
265236,muzicolog,muzicolog,2,26,265,2652
265237,cercetător științific în muzică,cercetator stiintific in muzica,2,26,265,2652
265238,asistent de cercetare științifică în muzică,asistent de cercetare stiintifica in muzica,2,26,265,2652
265239,compozitor muzică ușoară/pop,compozitor muzica usoara pop,2,26,265,2652
265240,compozitor muzică de film/teatru,compozitor muzica de film teatru,2,26,265,2652
265241,compozitor muzică electronică,compozitor muzica electronica,2,26,265,2652
265242,compozitor muzică sacră,compozitor muzica sacra,2,26,265,2652
265243,compozitor muzică publicitară,compozitor muzica publicitara,2,26,265,2652
265244,orchestrator,orchestrator,2,26,265,2652
265245,aranjor muzică,aranjor muzica,2,26,265,2652
265246,muzician jazz,muzician jazz,2,26,265,2652
265247,psalt,psalt,2,26,265,2652
265248,conducător formație muzicală,conducator formatie muzicala,2,26,265,2652
265249,dirijor ansamblu vocal bisericesc,dirijor ansamblu vocal bisericesc,2,26,265,2652
265250,producător muzical,producator muzical,2,26,265,2652
265251,mediator muzical,mediator muzical,2,26,265,2652
265252,redactor muzical,redactor muzical,2,26,265,2652
265253,reporter muzical,reporter muzical,2,26,265,2652
265254,realizator muzical,realizator muzical,2,26,265,2652
265255,documentarist muzică,documentarist muzica,2,26,265,2652
265256,consultant muzical,consultant muzical,2,26,265,2652
265257,specialist muzicologie bizantină/gregoriană,specialist muzicologie bizantina gregoriana,2,26,265,2652
265258,etnomuzicolog,etnomuzicolog,2,26,265,2652
265259,animator emisiuni cultural-muzicale de radio și televiziune,animator emisiuni cultural muzicale de radio si televiziune,2,26,265,2652
265260,responsabil producție artistică teatru muzical,responsabil productie artistica teatru muzical,2,26,265,2652
265301,balerin,balerin,2,26,265,2653
265302,coregraf,coregraf,2,26,265,2653
265303,maestru studii de balet,maestru studii de balet,2,26,265,2653
265304,maestru de balet,maestru de balet,2,26,265,2653
265305,solist balet,solist balet,2,26,265,2653
265306,maestru dans,maestru dans,2,26,265,2653
265307,dansator,dansator,2,26,265,2653
265401,consultant artistic,consultant artistic,2,26,265,2654
265402,corector transmisie,corector transmisie,2,26,265,2654
265403,instructor film,instructor film,2,26,265,2654
265404,instructor rețea cinematografică,instructor retea cinematografica,2,26,265,2654
265405,lector scenarii,lector scenarii,2,26,265,2654
265406,intermediarist film de desene animate (studii superioare),intermediarist film de desene animate studii superioare,2,26,265,2654
265407,stilizator film de desene animate (studii superioare),stilizator film de desene animate studii superioare,2,26,265,2654
265408,producător delegat film,producator delegat film,2,26,265,2654
265409,realizator emisiuni RTV,realizator emisiuni rtv,2,26,265,2654
265410,regizor artistic,regizor artistic,2,26,265,2654
265411,regizor emisie,regizor emisie,2,26,265,2654
265412,regizor studio,regizor studio,2,26,265,2654
265413,regizor sunet,regizor sunet,2,26,265,2654
265414,regizor tehnic,regizor tehnic,2,26,265,2654
265415,secretar șef producție film,secretar sef productie film,2,26,265,2654
265416,cazinou teatru,cazinou teatru,2,26,265,2654
265417,maestru artist circ,maestru artist circ,2,26,265,2654
265418,producător RTV (știri),producator rtv stiri,2,26,265,2654
265419,editor RTV (știri),editor rtv stiri,2,26,265,2654
265420,director imagine,director imagine,2,26,265,2654
265421,referent de specialitate selecție programe TV,referent de specialitate selectie programe tv,2,26,265,2654
265422,copywriter publicitate (studii superioare),copywriter publicitate studii superioare,2,26,265,2654
265423,mediaplanner,mediaplanner,2,26,265,2654
265424,producător delegat evenimente de marketing,producator delegat evenimente de marketing,2,26,265,2654
265425,redactor prezentator de televiziune,redactor prezentator de televiziune,2,26,265,2654
265426,animator film de animație (studii superioare),animator film de animatie studii superioare,2,26,265,2654
265427,director producție film,director productie film,2,26,265,2654
265428,coordonator producție film,coordonator productie film,2,26,265,2654
265429,asistent producție film,asistent productie film,2,26,265,2654
265430,producător audiovideo,producator audiovideo,2,26,265,2654
265431,editor coordonator programe TV,editor coordonator programe tv,2,26,265,2654
265432,director de creație,director de creatie,2,26,265,2654
265433,organizator producție (studii superioare),organizator productie studii superioare,2,26,265,2654
265434,scenograf,scenograf,2,26,265,2654
265435,asistent scenograf,asistent scenograf,2,26,265,2654
265436,videojurnalist (studii superioare),videojurnalist studii superioare,2,26,265,2654
265437,producător delegat pentru teatru,producator delegat pentru teatru,2,26,265,2654
265438,regizor culise,regizor culise,2,26,265,2654
265439,regizor scenă,regizor scena,2,26,265,2654
265440,secretar platou,secretar platou,2,26,265,2654
265441,producător delegat TV,producator delegat tv,2,26,265,2654
265442,producător TV,producator tv,2,26,265,2654
265443,producător teren (studii superioare),producator teren studii superioare,2,26,265,2654
265444,producător teren (studii medii),producator teren studii medii,2,26,265,2654
265445,maestru magician,maestru magician,2,26,265,2654
265501,actor,actor,2,26,265,2655
265502,actor mânuitor de păpuși,actor manuitor de papusi,2,26,265,2655
265503,artist circ,artist circ,2,26,265,2655
265601,prezentator (crainic) radio,prezentator crainic radio,2,26,265,2656
265602,prezentator (crainic) televiziune,prezentator crainic televiziune,2,26,265,2656
265901,acrobat,acrobat,2,26,265,2659
265902,clovn,clovn,2,26,265,2659
265903,magician,magician,2,26,265,2659
265904,hipnotizator,hipnotizator,2,26,265,2659
265905,trapezist,trapezist,2,26,265,2659
265906,cascador,cascador,2,26,265,2659
265907,figurant,figurant,2,26,265,2659
265908,dresor,dresor,2,26,265,2659
311101,laborant chimist,laborant chimist,3,31,311,3111
311102,tehnician chimist,tehnician chimist,3,31,311,3111
311103,laborant determinări fizico-mecanice,laborant determinari fizico mecanice,3,31,311,3111
311104,tehnician determinări fizico-mecanice,tehnician determinari fizico mecanice,3,31,311,3111
311105,laborant determinări geologice și geotehnice,laborant determinari geologice si geotehnice,3,31,311,3111
311106,laborant tehnică nucleară,laborant tehnica nucleara,3,31,311,3111
311107,tehnician meteorolog,tehnician meteorolog,3,31,311,3111
311108,tehnician geolog,tehnician geolog,3,31,311,3111
311109,tehnician hidrometru,tehnician hidrometru,3,31,311,3111
311110,"prospector - prospecții geologice, geofizice",prospector prospectii geologice geofizice,3,31,311,3111
311111,tehnician hidrolog,tehnician hidrolog,3,31,311,3111
311112,tehnician hidrogeolog,tehnician hidrogeolog,3,31,311,3111
311113,laborant operator centrale termice,laborant operator centrale termice,3,31,311,3111
311114,metrolog,metrolog,3,31,311,3111
311115,tehnician metrolog,tehnician metrolog,3,31,311,3111
311116,asistent fizică și chimie,asistent fizica si chimie,3,31,311,3111
311117,operator meteorolog,operator meteorolog,3,31,311,3111
311118,meteorolog aeronautic tehnician,meteorolog aeronautic tehnician,3,31,311,3111
311119,operator specialist curățare chimică la schimbătoarele de căldură cu plăci,operator specialist curatare chimica la schimbatoarele de caldura cu placi,3,31,311,3111
311120,tehnician în fizică,tehnician in fizica,3,31,311,3111
311201,"maistru construcții civile, industriale și agricole",maistru constructii civile industriale si agricole,3,31,311,3112
311202,maistru normator,maistru normator,3,31,311,3112
311203,tehnician constructor,tehnician constructor,3,31,311,3112
311204,tehnician hidroameliorații,tehnician hidroamelioratii,3,31,311,3112
311205,tehnician hidrotehnic,tehnician hidrotehnic,3,31,311,3112
311206,tehnician topometrist,tehnician topometrist,3,31,311,3112
311207,tehnician proiectant în construcții,tehnician proiectant in constructii,3,31,311,3112
311208,maistru instalator în construcții,maistru instalator in constructii,3,31,311,3112
311209,tehnician instalații în construcții,tehnician instalatii in constructii,3,31,311,3112
311210,diriginte șantier,diriginte santier,3,31,311,3112
311211,tehnician laborant pentru lucrări de drumuri și poduri,tehnician laborant pentru lucrari de drumuri si poduri,3,31,311,3112
311212,tehnician în industria materialelor de construcții,tehnician in industria materialelor de constructii,3,31,311,3112
311213,maistru în industria materialelor de construcții,maistru in industria materialelor de constructii,3,31,311,3112
311214,tehnician proiectant în industria materialelor de construcții,tehnician proiectant in industria materialelor de constructii,3,31,311,3112
311215,tehnician devize și măsurători în construcții,tehnician devize si masuratori in constructii,3,31,311,3112
311216,tehnician devizier,tehnician devizier,3,31,311,3112
311217,tehnician atașamentist,tehnician atasamentist,3,31,311,3112
311301,dispecer gestiune uraniu,dispecer gestiune uraniu,3,31,311,3113
311302,maistru electromecanic,maistru electromecanic,3,31,311,3113
311303,maistru energetician/ electrician,maistru energetician electrician,3,31,311,3113
311304,"tehnician electroenergetician, termoenergetician",tehnician electroenergetician termoenergetician,3,31,311,3113
311305,tehnician electromecanic,tehnician electromecanic,3,31,311,3113
311306,tehnician energetician/ electrician,tehnician energetician electrician,3,31,311,3113
311307,tehnician proiectant energetician/ electrician,tehnician proiectant energetician electrician,3,31,311,3113
311308,maistru electrician în construcții,maistru electrician in constructii,3,31,311,3113
311309,tehnician mentenanță electromecanică – automatică echipamente industriale,tehnician mentenanta electromecanica automatica echipamente industriale,3,31,311,3113
311310,șef/ șef adjunct tură stație electrică (studii medii),sef sef adjunct tura statie electrica studii medii,3,31,311,3113
311311,tehnician mentenanță turbine eoliene,tehnician mentenanta turbine eoliene,3,31,311,3113
311312,tehnician inspecții și reparații pale de turbine eoliene,tehnician inspectii si reparatii pale de turbine eoliene,3,31,311,3113
311313,tehnician instalare turbine eoliene,tehnician instalare turbine eoliene,3,31,311,3113
311401,maistru electronică,maistru electronica,3,31,311,3114
311402,tehnician electronică,tehnician electronica,3,31,311,3114
311403,tehnician proiectant electronică,tehnician proiectant electronica,3,31,311,3114
311501,maistru cazangerie,maistru cazangerie,3,31,311,3115
311502,maistru instalații navale,maistru instalatii navale,3,31,311,3115
311503,"maistru întreținere și reparații mașini - unelte, utilități, service, prototipuri",maistru intretinere si reparatii masini unelte utilitati service prototipuri,3,31,311,3115
311504,"maistru lăcătuș, construcții metalice",maistru lacatus constructii metalice,3,31,311,3115
311505,maistru lăcătuș mecanic,maistru lacatus mecanic,3,31,311,3115
311506,tehnician proiectant mecanic,tehnician proiectant mecanic,3,31,311,3115
311507,mecanic pentru întreținerea aparatelor de lansare la zbor,mecanic pentru intretinerea aparatelor de lansare la zbor,3,31,311,3115
311508,maistru mecanic,maistru mecanic,3,31,311,3115
311509,maistru mecanic auto,maistru mecanic auto,3,31,311,3115
311510,maistru mecanică agricolă,maistru mecanica agricola,3,31,311,3115
311511,maistru mecanică fină,maistru mecanica fina,3,31,311,3115
311512,maistru montaj,maistru montaj,3,31,311,3115
311513,maistru prelucrări mecanice,maistru prelucrari mecanice,3,31,311,3115
311514,maistru sculer – matrițer,maistru sculer matriter,3,31,311,3115
311515,maistru sudură,maistru sudura,3,31,311,3115
311516,tehnician construcții navale,tehnician constructii navale,3,31,311,3115
311517,tehnician instalații de bord (avion),tehnician instalatii de bord avion,3,31,311,3115
311518,tehnician mașini și utilaje,tehnician masini si utilaje,3,31,311,3115
311519,tehnician mecanic,tehnician mecanic,3,31,311,3115
311520,tehnician prelucrări mecanice,tehnician prelucrari mecanice,3,31,311,3115
311521,tehnician sudură,tehnician sudura,3,31,311,3115
311522,tehnician tehnolog mecanic,tehnician tehnolog mecanic,3,31,311,3115
311523,maistru mecanic mașini și utilaje pentru construcții,maistru mecanic masini si utilaje pentru constructii,3,31,311,3115
311524,tehnician mentenanță mecanică echipamente industriale,tehnician mentenanta mecanica echipamente industriale,3,31,311,3115
311525,tehnician încercări componente vehicule/ grup motopropulsor/ optimizare energetică/ sisteme de măsurare,tehnician incercari componente vehicule grup motopropulsor optimizare energetica sisteme de masurare,3,31,311,3115
311526,tehnician documentație studii,tehnician documentatie studii,3,31,311,3115
311527,tehnician prestații vehicule,tehnician prestatii vehicule,3,31,311,3115
311528,tehnician reglementări/ omologări oficiale,tehnician reglementari omologari oficiale,3,31,311,3115
311529,"tehnician/ tehnician responsabil afacere, metode implantare",tehnician tehnician responsabil afacere metode implantare,3,31,311,3115
311530,"tehnician/ tehnician responsabil afacere, metode gestiune mijloace și utilaje",tehnician tehnician responsabil afacere metode gestiune mijloace si utilaje,3,31,311,3115
311531,"tehnician/ tehnician responsabil afacere, metode pregătire de industrializare",tehnician tehnician responsabil afacere metode pregatire de industrializare,3,31,311,3115
311532,"tehnician/ tehnician responsabil afacere, metode logistică",tehnician tehnician responsabil afacere metode logistica,3,31,311,3115
311533,"tehnician/ tehnician responsabil afacere, metode organizarea și măsurarea muncii",tehnician tehnician responsabil afacere metode organizarea si masurarea muncii,3,31,311,3115
311534,maistru fabricarea armamentului,maistru fabricarea armamentului,3,31,311,3115
311535,inspector cu supravegherea și verificarea tehnică a instalațiilor,inspector cu supravegherea si verificarea tehnica a instalatiilor,3,31,311,3115
311536,inspector ISCIR,inspector iscir,3,31,311,3115
311537,tehnician mentenanță a sistemelor de poziționare dinamică,tehnician mentenanta a sistemelor de pozitionare dinamica,3,31,311,3115
311538,surveyor maritim,surveyor maritim,3,31,311,3115
311539,surveyor fluvial,surveyor fluvial,3,31,311,3115
311540,tehnician mecatronist,tehnician mecatronist,3,31,311,3115
311601,decontaminator,decontaminator,3,31,311,3116
311602,laborant apă și apă grea,laborant apa si apa grea,3,31,311,3116
311603,laborant control dozimetrie,laborant control dozimetrie,3,31,311,3116
311604,laborant petrolist/ industria chimică,laborant petrolist industria chimica,3,31,311,3116
311605,maistru petrolist/ industria chimică,maistru petrolist industria chimica,3,31,311,3116
311606,laborant apă potabilă,laborant apa potabila,3,31,311,3116
311607,tehnician petrolist chimie industrială,tehnician petrolist chimie industriala,3,31,311,3116
311608,laborant petrochimist,laborant petrochimist,3,31,311,3116
311609,maistru la fabricarea muniției,maistru la fabricarea munitiei,3,31,311,3116
311701,laborant structură macroscopică și microscopică,laborant structura macroscopica si microscopica,3,31,311,3117
311702,maistru metalurgie,maistru metalurgie,3,31,311,3117
311703,maistru minier,maistru minier,3,31,311,3117
311704,maistru presator metale,maistru presator metale,3,31,311,3117
311705,maistru termotehnist,maistru termotehnist,3,31,311,3117
311706,tehnician metalurgie,tehnician metalurgie,3,31,311,3117
311707,tehnician minier,tehnician minier,3,31,311,3117
311708,tehnician proiectant minier,tehnician proiectant minier,3,31,311,3117
311709,tehnician proiectant metalurg,tehnician proiectant metalurg,3,31,311,3117
311710,tehnician mineralurg,tehnician mineralurg,3,31,311,3117
311711,maistru mineralurg,maistru mineralurg,3,31,311,3117
311712,maistru termist - tratamentist,maistru termist tratamentist,3,31,311,3117
311713,probator hidraulic piese turnate,probator hidraulic piese turnate,3,31,311,3117
311801,desenator tehnic,desenator tehnic,3,31,311,3118
311802,trasator,trasator,3,31,311,3118
311803,desenator,desenator,3,31,311,3118
311804,topograf,topograf,3,31,311,3118
311805,trasator naval - desenator,trasator naval desenator,3,31,311,3118
311806,trasator optic,trasator optic,3,31,311,3118
311807,tehnician proiectant,tehnician proiectant,3,31,311,3118
311808,tehnician cadastru,tehnician cadastru,3,31,311,3118
311809,tehnician imprimare 3D,tehnician imprimare 3d,3,31,311,3118
311901,maistru în industria celulozei și hârtiei,maistru in industria celulozei si hartiei,3,31,311,3119
311902,maistru tipograf,maistru tipograf,3,31,311,3119
311903,paginator tipograf,paginator tipograf,3,31,311,3119
311904,"tehnician normare, salarizare, organizare",tehnician normare salarizare organizare,3,31,311,3119
311905,tehnician preț de cost,tehnician pret de cost,3,31,311,3119
311906,"tehnician programare, lansare, urmărirea producției",tehnician programare lansare urmarirea productiei,3,31,311,3119
311907,tehnician preț de revenire/ costuri,tehnician pret de revenire costuri,3,31,311,3119
311908,tehnician gestiune salarială,tehnician gestiune salariala,3,31,311,3119
311909,tehnician gestiunea producției,tehnician gestiunea productiei,3,31,311,3119
311910,tehnician gestiune stoc,tehnician gestiune stoc,3,31,311,3119
311911,"maistru în industriile textilă, pielărie",maistru in industriile textila pielarie,3,31,311,3119
311912,tehnician în industria confecțiilor din piele și înlocuitori,tehnician in industria confectiilor din piele si inlocuitori,3,31,311,3119
311913,tehnician în industria confecțiilor și tricotajelor,tehnician in industria confectiilor si tricotajelor,3,31,311,3119
311914,tehnician în industria încălțămintei,tehnician in industria incaltamintei,3,31,311,3119
311915,tehnician în industria pielăriei,tehnician in industria pielariei,3,31,311,3119
311916,tehnician în industria textilă,tehnician in industria textila,3,31,311,3119
311917,"tehnician proiectant textile, pielărie",tehnician proiectant textile pielarie,3,31,311,3119
311918,"laborant în industriile textilă, pielărie",laborant in industriile textila pielarie,3,31,311,3119
311919,șef formație industria confecțiilor îmbrăcăminte,sef formatie industria confectiilor imbracaminte,3,31,311,3119
311920,tehnician platou,tehnician platou,3,31,311,3119
311921,tehnician în industria sticlei și ceramicii,tehnician in industria sticlei si ceramicii,3,31,311,3119
311922,maistru în industria sticlei și ceramicii,maistru in industria sticlei si ceramicii,3,31,311,3119
311923,maistru frigotehnist,maistru frigotehnist,3,31,311,3119
311924,tehnician frigotehnist,tehnician frigotehnist,3,31,311,3119
311925,tehnician în industria alimentară,tehnician in industria alimentara,3,31,311,3119
311926,tehnician laborant analize produse alimentare,tehnician laborant analize produse alimentare,3,31,311,3119
311927,tehnician în industria alimentară extractivă,tehnician in industria alimentara extractiva,3,31,311,3119
311928,tehnician în industria alimentară fermentativă,tehnician in industria alimentara fermentativa,3,31,311,3119
311929,"tehnician în industria cărnii, laptelui și conservelor",tehnician in industria carnii laptelui si conservelor,3,31,311,3119
311930,tehnician în morărit și panificație,tehnician in morarit si panificatie,3,31,311,3119
311931,tehnician proiectant în industria alimentară,tehnician proiectant in industria alimentara,3,31,311,3119
311932,maistru în industria alimentară,maistru in industria alimentara,3,31,311,3119
311933,tehnolog alimentație publică,tehnolog alimentatie publica,3,31,311,3119
311934,operator control nedistructiv,operator control nedistructiv,3,31,311,3119
311935,operator control nedistructiv cu radiații penetrante,operator control nedistructiv cu radiatii penetrante,3,31,311,3119
311936,operator control nedistructiv cu ultrasunete,operator control nedistructiv cu ultrasunete,3,31,311,3119
311937,operator control nedistructiv cu lichide penetrante,operator control nedistructiv cu lichide penetrante,3,31,311,3119
311938,operator control nedistructiv cu particule magnetice,operator control nedistructiv cu particule magnetice,3,31,311,3119
311939,operator control nedistructiv cu curenți turbionari,operator control nedistructiv cu curenti turbionari,3,31,311,3119
311940,operator control nedistructiv pentru verificarea etanșeității,operator control nedistructiv pentru verificarea etanseitatii,3,31,311,3119
311941,operator responsabil cu supravegherea tehnică a instalațiilor,operator responsabil cu supravegherea tehnica a instalatiilor,3,31,311,3119
311942,laborant pentru fabrica de ciment,laborant pentru fabrica de ciment,3,31,311,3119
311943,operator control nedistructiv pentru examinare vizuală,operator control nedistructiv pentru examinare vizuala,3,31,311,3119
311944,creator/conceptor articole vestimentare,creator conceptor articole vestimentare,3,31,311,3119
312101,"măsurător de gaze, temperatură și radiații",masurator de gaze temperatura si radiatii,3,31,312,3121
312102,controlor de producție la minele de aur nativ,controlor de productie la minele de aur nativ,3,31,312,3121
312103,salvator minier,salvator minier,3,31,312,3121
312201,controlor calitate după efectuarea probelor la armament și muniție,controlor calitate dupa efectuarea probelor la armament si munitie,3,31,312,3122
312202,controlor calitate pentru execuția elementelor la armament și muniție,controlor calitate pentru executia elementelor la armament si munitie,3,31,312,3122
312203,controlor de calitate la protejări metalice,controlor de calitate la protejari metalice,3,31,312,3122
313101,operator la instalațiile din centrale electrice,operator la instalatiile din centrale electrice,3,31,313,3131
313102,mașinist la instalațiile din centrale electrice,masinist la instalatiile din centrale electrice,3,31,313,3131
313103,operator la instalațiile de cazane din centrale electrice,operator la instalatiile de cazane din centrale electrice,3,31,313,3131
313104,operator la instalațiile de turbine cu abur sau gaze,operator la instalatiile de turbine cu abur sau gaze,3,31,313,3131
313105,operator la camera de comandă termică,operator la camera de comanda termica,3,31,313,3131
313106,mașinist la instalațiile hidrotehnice din centrale electrice,masinist la instalatiile hidrotehnice din centrale electrice,3,31,313,3131
313107,mașinist la instalațiile de turbine hidraulice,masinist la instalatiile de turbine hidraulice,3,31,313,3131
313108,mașinist la centrale diesel,masinist la centrale diesel,3,31,313,3131
313109,operator punct termic,operator punct termic,3,31,313,3131
313110,operator centrală termică,operator centrala termica,3,31,313,3131
313111,automatist pentru supraveghere și întreținere cazane,automatist pentru supraveghere si intretinere cazane,3,31,313,3131
313113,operator surse regenerabile de energie,operator surse regenerabile de energie,3,31,313,3131
313114,operator în centrale hidroelectrice,operator in centrale hidroelectrice,3,31,313,3131
313201,operator la instalații de incinerare,operator la instalatii de incinerare,3,31,313,3132
313202,operator hidraulic în alimentările cu apă,operator hidraulic in alimentarile cu apa,3,31,313,3132
313203,operator circuite rețea apă,operator circuite retea apa,3,31,313,3132
313204,mașinist la condiționarea aerului,masinist la conditionarea aerului,3,31,313,3132
313205,operator la tratarea apei tehnologice,operator la tratarea apei tehnologice,3,31,313,3132
313206,operator mașini refrigeratoare (conservare prin frig),operator masini refrigeratoare conservare prin frig,3,31,313,3132
313401,operator chimist la chimizarea metanului,operator chimist la chimizarea metanului,3,31,313,3134
313402,rafinor,rafinor,3,31,313,3134
313403,distilator la prelucrarea țițeiului,distilator la prelucrarea titeiului,3,31,313,3134
313404,operator instalații îmbuteliere gaz petrol lichefiat,operator instalatii imbuteliere gaz petrol lichefiat,3,31,313,3134
313901,maistru-operator la roboți industriali,maistru operator la roboti industriali,3,31,313,3139
313902,tehnician-operator la roboți industriali,tehnician operator la roboti industriali,3,31,313,3139
313903,tehnician în industria celulozei și hârtiei,tehnician in industria celulozei si hartiei,3,31,313,3139
313904,controlor de conformitate în industria de mașini,controlor de conformitate in industria de masini,3,31,313,3139
313905,tehnician asigurarea calității,tehnician asigurarea calitatii,3,31,313,3139
313906,tehnician analist calitate,tehnician analist calitate,3,31,313,3139
313907,tehnician cotator calitate,tehnician cotator calitate,3,31,313,3139
313908,operator echipamente de termografie,operator echipamente de termografie,3,31,313,3139
314101,tehnician în bacteriologie,tehnician in bacteriologie,3,31,314,3141
314102,tehnician în biochimie,tehnician in biochimie,3,31,314,3141
314103,tehnician în hematologie,tehnician in hematologie,3,31,314,3141
314104,tehnician în serologie,tehnician in serologie,3,31,314,3141
314105,tehnician în biologie,tehnician in biologie,3,31,314,3141
314106,tehnician în protecția mediului (tehnician ecolog),tehnician in protectia mediului tehnician ecolog,3,31,314,3141
314107,evaluator și auditor de mediu,evaluator si auditor de mediu,3,31,314,3141
314201,tehnician agronom – cercetare,tehnician agronom cercetare,3,31,314,3142
314202,tehnician zootehnist - cercetare,tehnician zootehnist cercetare,3,31,314,3142
314203,tehnician pedolog,tehnician pedolog,3,31,314,3142
314204,operator însămânțări artificiale la animale,operator insamantari artificiale la animale,3,31,314,3142
314205,operator în ferme ecologice mixte,operator in ferme ecologice mixte,3,31,314,3142
314206,clasificator carcase,clasificator carcase,3,31,314,3142
314301,tehnician în industrializarea lemnului,tehnician in industrializarea lemnului,3,31,314,3143
314302,tehnician proiectant în industrializarea lemnului,tehnician proiectant in industrializarea lemnului,3,31,314,3143
314303,maistru în industrializarea lemnului,maistru in industrializarea lemnului,3,31,314,3143
314304,tehnician silvic-cercetare,tehnician silvic cercetare,3,31,314,3143
314305,tehnician în reconstrucția ecologică,tehnician in reconstructia ecologica,3,31,314,3143
314306,tehnician cadastru forestier,tehnician cadastru forestier,3,31,314,3143
314307,tehnician amenajist,tehnician amenajist,3,31,314,3143
314308,tehnician proiectant în reconstrucția ecologică,tehnician proiectant in reconstructia ecologica,3,31,314,3143
314309,maistru silvic,maistru silvic,3,31,314,3143
314310,brigadier silvic,brigadier silvic,3,31,314,3143
314311,pădurar,padurar,3,31,314,3143
314488,inspector suprastructuri mobile mărfuri periculoase,inspector suprastructuri mobile marfuri periculoase,3,31,314,3144
315101,ofițer ajutor fluvial/ portuar,ofiter ajutor fluvial portuar,3,31,315,3151
315102,ofițer RTG,ofiter rtg,3,31,315,3151
315103,ofițer electrician fluvial/ portuar,ofiter electrician fluvial portuar,3,31,315,3151
315107,ajutor ofițer mecanic fluvial,ajutor ofiter mecanic fluvial,3,31,315,3151
315201,căpitan fluvial,capitan fluvial,3,31,315,3152
315202,căpitan port,capitan port,3,31,315,3152
315203,ofițer intendent,ofiter intendent,3,31,315,3152
315204,ofițer port,ofiter port,3,31,315,3152
315205,ofițer de punte fluvial/ portuar,ofiter de punte fluvial portuar,3,31,315,3152
315206,pilot de Dunăre maritimă,pilot de dunare maritima,3,31,315,3152
315207,șef echipaj maritim/ fluvial,sef echipaj maritim fluvial,3,31,315,3152
315208,"pilot de mare largă, pilot de port maritim",pilot de mare larga pilot de port maritim,3,31,315,3152
315209,dragor maritim/ fluvial,dragor maritim fluvial,3,31,315,3152
315210,pilot de port maritim aspirant/ pilot de Dunăre aspirant,pilot de port maritim aspirant pilot de dunare aspirant,3,31,315,3152
315212,ofițer de punte maritim aspirant/ ofițer mecanic maritim aspirant/ ofițer electrician maritim aspirant,ofiter de punte maritim aspirant ofiter mecanic maritim aspirant ofiter electrician maritim aspirant,3,31,315,3152
315301,comandant detașament zbor,comandant detasament zbor,3,31,315,3153
315302,comandant însoțitor de bord,comandant insotitor de bord,3,31,315,3153
315303,copilot,copilot,3,31,315,3153
315304,inspector pilotaj,inspector pilotaj,3,31,315,3153
315305,mecanic navigant aviație,mecanic navigant aviatie,3,31,315,3153
315306,pilot aeronave,pilot aeronave,3,31,315,3153
315307,pilot comandant avion,pilot comandant avion,3,31,315,3153
315308,pilot încercare,pilot incercare,3,31,315,3153
315309,pilot recepție și control aeronave,pilot receptie si control aeronave,3,31,315,3153
315310,parașutist recepție și control,parasutist receptie si control,3,31,315,3153
315311,parașutist încercător,parasutist incercator,3,31,315,3153
315312,pilot parașutism încercător,pilot parasutism incercator,3,31,315,3153
315313,pilot instructor aeronave,pilot instructor aeronave,3,31,315,3153
315314,instructor parașutism,instructor parasutism,3,31,315,3153
315315,mecanic navigant instructor,mecanic navigant instructor,3,31,315,3153
315316,maistru aviație,maistru aviatie,3,31,315,3153
315317,tehnician aviație,tehnician aviatie,3,31,315,3153
315401,controlor dirijare nonradar,controlor dirijare nonradar,3,31,315,3154
315402,controlor sol,controlor sol,3,31,315,3154
315403,controlor trafic aviația civilă,controlor trafic aviatia civila,3,31,315,3154
315404,dispecer sol,dispecer sol,3,31,315,3154
315405,navigator dirijare radar,navigator dirijare radar,3,31,315,3154
315406,navigator aviația civilă,navigator aviatia civila,3,31,315,3154
315407,navigator dirijare nonradar,navigator dirijare nonradar,3,31,315,3154
315408,navigator dirijare zbor,navigator dirijare zbor,3,31,315,3154
315409,navigator instructor dirijare radar și nonradar,navigator instructor dirijare radar si nonradar,3,31,315,3154
315410,navigator sol,navigator sol,3,31,315,3154
315411,operator radar,operator radar,3,31,315,3154
315412,operator radiotelecomunicații aeronautice,operator radiotelecomunicatii aeronautice,3,31,315,3154
315413,controlor trafic aerian dirijare nonradar,controlor trafic aerian dirijare nonradar,3,31,315,3154
315414,controlor trafic aerian dirijare radar,controlor trafic aerian dirijare radar,3,31,315,3154
315415,controlor trafic aerian informare,controlor trafic aerian informare,3,31,315,3154
315416,navigator informare,navigator informare,3,31,315,3154
315417,operator/ specialist/ instructor telecomunicații aeronautice aviație civilă,operator specialist instructor telecomunicatii aeronautice aviatie civila,3,31,315,3154
315418,șef tură telecomunicații aeronautice aviație civilă,sef tura telecomunicatii aeronautice aviatie civila,3,31,315,3154
315419,controlor trafic aerian (simulator trafic aerian),controlor trafic aerian simulator trafic aerian,3,31,315,3154
315420,navigator instructor informare,navigator instructor informare,3,31,315,3154
315501,agent salvare aeroportuară și instalații de stins incendii,agent salvare aeroportuara si instalatii de stins incendii,3,31,315,3155
315502,mașinist agregate aerodrom,masinist agregate aerodrom,3,31,315,3155
315503,operator instalații control antiterorist/ antideturnare,operator instalatii control antiterorist antideturnare,3,31,315,3155
315504,operator radionavigant aviație,operator radionavigant aviatie,3,31,315,3155
315505,operator radionavigant instructor aviație,operator radionavigant instructor aviatie,3,31,315,3155
315506,tehnician securitate aeriană,tehnician securitate aeriana,3,31,315,3155
315507,operator de handling,operator de handling,3,31,315,3155
315508,inspector siguranță operațională,inspector siguranta operationala,3,31,315,3155
315509,agent de securitate aeroportuară,agent de securitate aeroportuara,3,31,315,3155
315510,dispecer operațiuni de zbor,dispecer operatiuni de zbor,3,31,315,3155
315511,referent/ inspector în serviciile de trafic aerian,referent inspector in serviciile de trafic aerian,3,31,315,3155
315512,operator dispecerat operațional de supraveghere în serviciile de trafic aerian,operator dispecerat operational de supraveghere in serviciile de trafic aerian,3,31,315,3155
315513,"tehnician protecția navigației aeriene (comunicații, navigație, supraveghere)",tehnician protectia navigatiei aeriene comunicatii navigatie supraveghere,3,31,315,3155
315514,"maistru protecția navigației aeriene (comunicații, navigație, supraveghere)",maistru protectia navigatiei aeriene comunicatii navigatie supraveghere,3,31,315,3155
315515,"șef tură protecția navigației aeriene (comunicații, navigație, supraveghere)",sef tura protectia navigatiei aeriene comunicatii navigatie supraveghere,3,31,315,3155
315516,tehnician în serviciile de trafic aerian,tehnician in serviciile de trafic aerian,3,31,315,3155
315517,operator de handling combustibil,operator de handling combustibil,3,31,315,3155
321101,maistru aparate electromedicale,maistru aparate electromedicale,3,32,321,3211
321102,tehnician aparate electromedicale,tehnician aparate electromedicale,3,32,321,3211
321201,autopsier,autopsier,3,32,321,3212
321301,asistent farmacist,asistent farmacist,3,32,321,3213
321302,laborant farmacie,laborant farmacie,3,32,321,3213
321303,asistent medical de farmacie,asistent medical de farmacie,3,32,321,3213
321401,tehnician protezist – ortezist,tehnician protezist ortezist,3,32,321,3214
321402,tehnician acustician – audioprotezist,tehnician acustician audioprotezist,3,32,321,3214
321403,"tehnician evaluare, recomandare, furnizare și adaptare fotolii rulante",tehnician evaluare recomandare furnizare si adaptare fotolii rulante,3,32,321,3214
322101,laborant în ocrotirea sănătății,laborant in ocrotirea sanatatii,3,32,322,3221
322102,soră medicală,sora medicala,3,32,322,3221
322201,asistentă puericultoare,asistenta puericultoare,3,32,322,3222
324001,agent veterinar,agent veterinar,3,32,324,3240
324002,asistent veterinar,asistent veterinar,3,32,324,3240
324003,autopsier la ecarisaj,autopsier la ecarisaj,3,32,324,3240
324004,tehnician veterinar,tehnician veterinar,3,32,324,3240
325101,tehnician dentar,tehnician dentar,3,32,325,3251
325102,asistent de profilaxie stomatologică,asistent de profilaxie stomatologica,3,32,325,3251
325103,asistent de medicină dentară,asistent de medicina dentara,3,32,325,3251
325201,administrator programe naționale boli transmisibile,administrator programe nationale boli transmisibile,3,32,325,3252
325202,agent rețea,agent retea,3,32,325,3252
325203,asistent coordonator programe naționale curative și boli netransmisibile,asistent coordonator programe nationale curative si boli netransmisibile,3,32,325,3252
325301,asistent medical comunitar,asistent medical comunitar,3,32,325,3253
325401,optician medical,optician medical,3,32,325,3254
325402,optometrist (studii medii),optometrist studii medii,3,32,325,3254
325501,maseur,maseur,3,32,325,3255
325502,asistent medical fizioterapie,asistent medical fizioterapie,3,32,325,3255
325503,ergoterapeut,ergoterapeut,3,32,325,3255
325504,reflexoterapeut,reflexoterapeut,3,32,325,3255
325601,oficiant medical,oficiant medical,3,32,325,3256
325602,tehnician sanitar,tehnician sanitar,3,32,325,3256
325603,asistent medical consiliere HIV/ SIDA,asistent medical consiliere hiv sida,3,32,325,3256
325704,expert/ specialist standardizare,expert specialist standardizare,3,32,325,3257
325705,monitor mediul înconjurător,monitor mediul inconjurator,3,32,325,3257
325706,inspector pentru conformare ecologică,inspector pentru conformare ecologica,3,32,325,3257
325707,asistent standardizare,asistent standardizare,3,32,325,3257
325708,manager al sistemului de management al riscului,manager al sistemului de management al riscului,3,32,325,3257
325709,manager al sistemului de management securitate și sănătate în muncă,manager al sistemului de management securitate si sanatate in munca,3,32,325,3257
325710,responsabil de mediu,responsabil de mediu,3,32,325,3257
325712,inspector protecția mediului,inspector protectia mediului,3,32,325,3257
325716,auditor responsabilitate socială,auditor responsabilitate sociala,3,32,325,3257
325717,responsabil al managementului responsabilității sociale,responsabil al managementului responsabilitatii sociale,3,32,325,3257
325718,manager de responsabilitate socială,manager de responsabilitate sociala,3,32,325,3257
325719,inspector sanitar,inspector sanitar,3,32,325,3257
325720,inspector protecție socială,inspector protectie sociala,3,32,325,3257
325721,tehnician în securitate și sănătate în muncă,tehnician in securitate si sanatate in munca,3,32,325,3257
325722,tehnician condiții de muncă și securitate,tehnician conditii de munca si securitate,3,32,325,3257
325723,inspector în domeniul securității și sănătății în muncă,inspector in domeniul securitatii si sanatatii in munca,3,32,325,3257
325724,coordonator în materie de securitate și sănătate în muncă (studii medii),coordonator in materie de securitate si sanatate in munca studii medii,3,32,325,3257
325726,coordonator în materie de securitate și sănătate în muncă pentru logistică (studii medii),coordonator in materie de securitate si sanatate in munca pentru logistica studii medii,3,32,325,3257
325727,specialist securitate și sănătate în muncă în domeniul servicii de întreținere și reparații autovehicule (studii medii),specialist securitate si sanatate in munca in domeniul servicii de intretinere si reparatii autovehicule studii medii,3,32,325,3257
325728,manager dezvoltare durabilă pentru mobilă sau componente,manager dezvoltare durabila pentru mobila sau componente,3,32,325,3257
325729,tehnician ergonomist,tehnician ergonomist,3,32,325,3257
325801,brancardier,brancardier,3,32,325,3258
325802,ambulanțier,ambulantier,3,32,325,3258
325901,asistent medical generalist,asistent medical generalist,3,32,325,3259
325902,asistent medical nutriție dietetică,asistent medical nutritie dietetica,3,32,325,3259
325903,paramedic,paramedic,3,32,325,3259
325904,asistent medical laborator,asistent medical laborator,3,32,325,3259
325905,asistent medical de pediatrie,asistent medical de pediatrie,3,32,325,3259
325906,asistent medical obstetrică-ginecologie,asistent medical obstetrica ginecologie,3,32,325,3259
325907,asistent medical igienă și sănătate publică,asistent medical igiena si sanatate publica,3,32,325,3259
325908,asistent medico-social,asistent medico social,3,32,325,3259
325909,"asistent medical balneofizioterapie, balneofiziokinetoterapie și recuperare",asistent medical balneofizioterapie balneofiziokinetoterapie si recuperare,3,32,325,3259
325910,asistent medical radiologie,asistent medical radiologie,3,32,325,3259
331101,cambist (broker valori),cambist broker valori,3,33,331,3311
331102,agent de schimb,agent de schimb,3,33,331,3311
331103,intermediar în activitatea financiară și comercială (broker),intermediar in activitatea financiara si comerciala broker,3,33,331,3311
331104,broker bursa de mărfuri,broker bursa de marfuri,3,33,331,3311
331105,agent de vânzări directe (produse financiar-bancare),agent de vanzari directe produse financiar bancare,3,33,331,3311
331106,teleoperator financiar-bancar,teleoperator financiar bancar,3,33,331,3311
331107,agent marketing pensii private,agent marketing pensii private,3,33,331,3311
331108,agent pentru servicii de investiții financiare,agent pentru servicii de investitii financiare,3,33,331,3311
331109,broker de servicii pentru afaceri,broker de servicii pentru afaceri,3,33,331,3311
331202,ofițer operațiuni financiar-bancare,ofiter operatiuni financiar bancare,3,33,331,3312
331301,calculator devize,calculator devize,3,33,331,3313
331302,contabil,contabil,3,33,331,3313
331303,tehnician merceolog,tehnician merceolog,3,33,331,3313
331304,planificator,planificator,3,33,331,3313
331305,revizor gestiune,revizor gestiune,3,33,331,3313
331306,contabil bugetar,contabil bugetar,3,33,331,3313
331307,secretar economic (studii medii),secretar economic studii medii,3,33,331,3313
331308,merceolog,merceolog,3,33,331,3313
331309,referent,referent,3,33,331,3313
331401,referent statistician,referent statistician,3,33,331,3314
331402,statistician,statistician,3,33,331,3314
331403,statistician medical,statistician medical,3,33,331,3314
331404,actuar,actuar,3,33,331,3314
331405,tehnician planificare/ urmărire sinteze,tehnician planificare urmarire sinteze,3,33,331,3314
331501,estimator licitații,estimator licitatii,3,33,331,3315
331502,evaluator asigurări,evaluator asigurari,3,33,331,3315
331503,evaluator tehnic daune auto,evaluator tehnic daune auto,3,33,331,3315
332101,agent de asigurare,agent de asigurare,3,33,332,3321
332102,broker în asigurări,broker in asigurari,3,33,332,3321
332201,reprezentant tehnic,reprezentant tehnic,3,33,332,3322
332202,reprezentant comercial,reprezentant comercial,3,33,332,3322
332203,agent de vânzări,agent de vanzari,3,33,332,3322
332204,consilier vânzări bijuterii și ceasuri,consilier vanzari bijuterii si ceasuri,3,33,332,3322
332301,specialist în achiziții,specialist in achizitii,3,33,332,3323
332401,agent comercial,agent comercial,3,33,332,3324
332402,mercantizor,mercantizor,3,33,332,3324
332403,agent vânzări standarde și produse conexe,agent vanzari standarde si produse conexe,3,33,332,3324
333101,agent contractări și achiziții (broker mărfuri),agent contractari si achizitii broker marfuri,3,33,333,3331
333102,recepționer contractări-achiziții,receptioner contractari achizitii,3,33,333,3331
333103,administrator cumpărări,administrator cumparari,3,33,333,3331
333104,agent cumpărări,agent cumparari,3,33,333,3331
333105,declarant vamal,declarant vamal,3,33,333,3331
333106,agent tranzit,agent tranzit,3,33,333,3331
333107,agent maritim,agent maritim,3,33,333,3331
333201,organizator evenimente,organizator evenimente,3,33,333,3332
333301,agent repartizare a forței de muncă,agent repartizare a fortei de munca,3,33,333,3333
333302,agent orientare profesională a șomerilor/ agent informare privind cariera,agent orientare profesionala a somerilor agent informare privind cariera,3,33,333,3333
333303,agent evidență și plată a ajutorului de șomaj,agent evidenta si plata a ajutorului de somaj,3,33,333,3333
333304,referent resurse umane,referent resurse umane,3,33,333,3333
333305,agent ocupare,agent ocupare,3,33,333,3333
333307,tehnician mobilitate personal,tehnician mobilitate personal,3,33,333,3333
333308,tehnician reconversie personal,tehnician reconversie personal,3,33,333,3333
333309,instructor/ preparator formare,instructor preparator formare,3,33,333,3333
333310,tehnician calificare gestiune competențe,tehnician calificare gestiune competente,3,33,333,3333
333311,tehnician resurse umane,tehnician resurse umane,3,33,333,3333
333401,agent imobiliar (broker imobiliar),agent imobiliar broker imobiliar,3,33,333,3334
333901,agent reclamă publicitară,agent reclama publicitara,3,33,333,3339
333902,agent literar,agent literar,3,33,333,3339
333903,impresar muzical,impresar muzical,3,33,333,3339
333904,impresar teatru,impresar teatru,3,33,333,3339
333905,manager sportiv,manager sportiv,3,33,333,3339
333906,asistent relații publice și comunicare (studii medii),asistent relatii publice si comunicare studii medii,3,33,333,3339
333907,agent servicii client,agent servicii client,3,33,333,3339
333908,impresar artistic,impresar artistic,3,33,333,3339
333909,organizator spectacole,organizator spectacole,3,33,333,3339
333910,operator de interviu,operator de interviu,3,33,333,3339
333911,referent comerț exterior,referent comert exterior,3,33,333,3339
333912,operator vânzări prin telefon,operator vanzari prin telefon,3,33,333,3339
333913,agent de navă,agent de nava,3,33,333,3339
333914,asistent atragere fonduri,asistent atragere fonduri,3,33,333,3339
334201,secretar procuratură,secretar procuratura,3,33,334,3342
334301,secretar administrativ,secretar administrativ,3,33,334,3343
334302,secretar asistent director,secretar asistent director,3,33,334,3343
334303,asistent manager,asistent manager,3,33,334,3343
334304,asistent de cabinet,asistent de cabinet,3,33,334,3343
334401,registrator medical,registrator medical,3,33,334,3344
334402,registrator medical în anatomie patologică,registrator medical in anatomie patologica,3,33,334,3344
334403,recepționer medical,receptioner medical,3,33,334,3344
334404,transcriptor medical,transcriptor medical,3,33,334,3344
335101,"controlor vamal, controlor pentru datoria vamală (studii medii)",controlor vamal controlor pentru datoria vamala studii medii,3,33,335,3351
335102,revizor vamal,revizor vamal,3,33,335,3351
335103,referent TIR și tranzite (studii medii),referent tir si tranzite studii medii,3,33,335,3351
335104,referent vamal (studii medii),referent vamal studii medii,3,33,335,3351
335105,expert/ inspector vamal,expert inspector vamal,3,33,335,3351
335106,"controlor vamal, controlor pentru datoria vamală, agent vamal (studii superioare)",controlor vamal controlor pentru datoria vamala agent vamal studii superioare,3,33,335,3351
335107,inspector de trafic rutier (studii medii),inspector de trafic rutier studii medii,3,33,335,3351
335201,inspector taxe și impozite,inspector taxe si impozite,3,33,335,3352
335202,operator rol,operator rol,3,33,335,3352
335203,perceptor,perceptor,3,33,335,3352
335401,"inspector pensii, asigurări sociale și asistență socială",inspector pensii asigurari sociale si asistenta sociala,3,33,335,3354
335402,"referent pensii, asigurări sociale și asistență socială",referent pensii asigurari sociale si asistenta sociala,3,33,335,3354
335403,"inspector pentru acordarea de permise, licențe sau autorizații",inspector pentru acordarea de permise licente sau autorizatii,3,33,335,3354
335404,inspector de stat,inspector de stat,3,33,335,3354
335405,inspector tehnic,inspector tehnic,3,33,335,3354
335406,expert,expert,3,33,335,3354
335501,inspector de poliție,inspector de politie,3,33,335,3355
335502,detectiv,detectiv,3,33,335,3355
335503,anchetator poliție,anchetator politie,3,33,335,3355
335504,detectiv particular,detectiv particular,3,33,335,3355
335901,inspector metrolog,inspector metrolog,3,33,335,3359
335902,inspector prețuri,inspector preturi,3,33,335,3359
335903,inspector salarii,inspector salarii,3,33,335,3359
335904,comisar,comisar,3,33,335,3359
341101,agent procedural,agent procedural,3,34,341,3411
341103,grefier,grefier,3,34,341,3411
341104,secretar notariat,secretar notariat,3,34,341,3411
341105,tehnician criminalist,tehnician criminalist,3,34,341,3411
341106,"funcționar în activități comerciale, administrative și prețuri",functionar in activitati comerciale administrative si preturi,3,34,341,3411
341107,"executor judecătoresc (tribunal, judecătorie)",executor judecatoresc tribunal judecatorie,3,34,341,3411
341108,arhivar notariat,arhivar notariat,3,34,341,3411
341109,expert tehnic judiciar,expert tehnic judiciar,3,34,341,3411
341110,grefier statistician,grefier statistician,3,34,341,3411
341111,grefier documentarist,grefier documentarist,3,34,341,3411
341112,secretar dactilograf laborator expertize criminalistice,secretar dactilograf laborator expertize criminalistice,3,34,341,3411
341113,asistent registrator,asistent registrator,3,34,341,3411
341114,grefier arhivar,grefier arhivar,3,34,341,3411
341115,grefier registrator,grefier registrator,3,34,341,3411
341116,ofițer antifraudă financiar-bancară (studii medii),ofiter antifrauda financiar bancara studii medii,3,34,341,3411
341201,tehnician asistență socială,tehnician asistenta sociala,3,34,341,3412
341202,pedagog social,pedagog social,3,34,341,3412
341203,lucrător social pentru persoane cu probleme de dependență,lucrator social pentru persoane cu probleme de dependenta,3,34,341,3412
341204,facilitator de dezvoltare comunitară,facilitator de dezvoltare comunitara,3,34,341,3412
341205,lucrător de tineret,lucrator de tineret,3,34,341,3412
341206,specialist în economia socială,specialist in economia sociala,3,34,341,3412
341207,tehnician egalitate de șanse,tehnician egalitate de sanse,3,34,341,3412
341301,călugăr / călugăriță,calugar calugarita,3,34,341,3413
341302,paracliser,paracliser,3,34,341,3413
341303,predicator,predicator,3,34,341,3413
341304,egumen / egumenă,egumen egumena,3,34,341,3413
341305,preot,preot,3,34,341,3413
341306,diacon,diacon,3,34,341,3413
341307,cântăreț bisericesc,cantaret bisericesc,3,34,341,3413
341308,dascăl,dascal,3,34,341,3413
341309,catehet,catehet,3,34,341,3413
341401,învățător,invatator,3,34,341,3414
341402,institutor,institutor,3,34,341,3414
341501,educatoare,educatoare,3,34,341,3415
341502,educator puericultor,educator puericultor,3,34,341,3415
341601,instructor școlar auto,instructor scolar auto,3,34,341,3416
341901,maistru instructor,maistru instructor,3,34,341,3419
341902,pedagog școlar,pedagog scolar,3,34,341,3419
341903,secretar școală,secretar scoala,3,34,341,3419
341904,șef atelier școală,sef atelier scoala,3,34,341,3419
341905,mediator școlar,mediator scolar,3,34,341,3419
342101,fotbalist profesionist,fotbalist profesionist,3,34,342,3421
342102,sportiv profesionist în alte discipline sportive,sportiv profesionist in alte discipline sportive,3,34,342,3421
342103,jucător de rugbi,jucator de rugbi,3,34,342,3421
342104,sportiv de înaltă performanță,sportiv de inalta performanta,3,34,342,3421
342105,sportiv de performanță,sportiv de performanta,3,34,342,3421
342201,antrenor,antrenor,3,34,342,3422
342202,instructor sportiv,instructor sportiv,3,34,342,3422
342203,secretar federație,secretar federatie,3,34,342,3422
342204,antrenor de fotbal profesionist,antrenor de fotbal profesionist,3,34,342,3422
342205,instructor arte marțiale,instructor arte martiale,3,34,342,3422
342206,instructor (monitor) schi/ călărie/ golf/ tenis/ înot/ sporturi extreme,instructor monitor schi calarie golf tenis inot sporturi extreme,3,34,342,3422
342207,antrenor coordonator,antrenor coordonator,3,34,342,3422
342208,arbitru judecător sportiv,arbitru judecator sportiv,3,34,342,3422
342209,preparator sportiv,preparator sportiv,3,34,342,3422
342210,impresar sportiv,impresar sportiv,3,34,342,3422
342211,oficial sportiv acreditat,oficial sportiv acreditat,3,34,342,3422
342212,instructor în poligonul de tir,instructor in poligonul de tir,3,34,342,3422
342213,supraveghetor în poligonul de tir,supraveghetor in poligonul de tir,3,34,342,3422
342214,"monitor de schi, snow-board și sporturi de alunecare pe zăpadă",monitor de schi snow board si sporturi de alunecare pe zapada,3,34,342,3422
342215,instructor educație acvatică,instructor educatie acvatica,3,34,342,3422
342216,arbitru de fotbal,arbitru de fotbal,3,34,342,3422
342217,organizator evenimente sportive,organizator evenimente sportive,3,34,342,3422
342218,ofițer de control doping (studii medii),ofiter de control doping studii medii,3,34,342,3422
342219,steward sportiv,steward sportiv,3,34,342,3422
342220,antrenor național,antrenor national,3,34,342,3422
342301,animator sportiv,animator sportiv,3,34,342,3423
342302,instructor de fitness,instructor de fitness,3,34,342,3423
342303,antrenor de fitness,antrenor de fitness,3,34,342,3423
342304,instructor de aerobic-fitness,instructor de aerobic fitness,3,34,342,3423
342305,instructor educație fizică,instructor educatie fizica,3,34,342,3423
342306,instructor salvaspeo,instructor salvaspeo,3,34,342,3423
342307,instructor speologie,instructor speologie,3,34,342,3423
342308,instructor canioning,instructor canioning,3,34,342,3423
342309,instructor în poligonul de tragere,instructor in poligonul de tragere,3,34,342,3423
342310,instructor de dans,instructor de dans,3,34,342,3423
343101,fotograf,fotograf,3,34,343,3431
343102,laborant foto,laborant foto,3,34,343,3431
343103,retușor foto,retusor foto,3,34,343,3431
343104,operator prelucrare peliculă,operator prelucrare pelicula,3,34,343,3431
343201,butafor,butafor,3,34,343,3432
343202,decorator interioare,decorator interioare,3,34,343,3432
343203,desenator artistic (studii medii),desenator artistic studii medii,3,34,343,3432
343204,decorator vitrine,decorator vitrine,3,34,343,3432
343205,desenator artistic (studii superioare),desenator artistic studii superioare,3,34,343,3432
343301,restaurator opere de artă și monumente istorice (studii medii),restaurator opere de arta si monumente istorice studii medii,3,34,343,3433
343302,conservator opere de artă și monumente istorice (studii medii),conservator opere de arta si monumente istorice studii medii,3,34,343,3433
343303,restaurator bunuri culturale (studii medii),restaurator bunuri culturale studii medii,3,34,343,3433
343304,conservator bunuri culturale (studii medii),conservator bunuri culturale studii medii,3,34,343,3433
343305,restaurator arhivă (studii medii),restaurator arhiva studii medii,3,34,343,3433
343306,conservator arhivă (studii medii),conservator arhiva studii medii,3,34,343,3433
343401,șef de sală restaurant,sef de sala restaurant,3,34,343,3434
343402,barman - șef,barman sef,3,34,343,3434
343403,bucătar - șef,bucatar sef,3,34,343,3434
343404,cofetar - șef,cofetar sef,3,34,343,3434
343405,inspector calitate producție culinară,inspector calitate productie culinara,3,34,343,3434
343501,"mânuitor, montator decor",manuitor montator decor,3,34,343,3435
343502,tehnician machetist,tehnician machetist,3,34,343,3435
343503,tehnician reclame (decorator),tehnician reclame decorator,3,34,343,3435
343504,maestru de lumini,maestru de lumini,3,34,343,3435
343505,maestru de sunet,maestru de sunet,3,34,343,3435
343506,caricaturist (studii medii),caricaturist studii medii,3,34,343,3435
343507,tehnoredactor,tehnoredactor,3,34,343,3435
343508,secretar de redacție (studii medii),secretar de redactie studii medii,3,34,343,3435
343509,organizator de producție,organizator de productie,3,34,343,3435
343510,asistent regizor artistic,asistent regizor artistic,3,34,343,3435
343511,reporter (studii medii),reporter studii medii,3,34,343,3435
343512,machior spectacole,machior spectacole,3,34,343,3435
343513,peruchier,peruchier,3,34,343,3435
343514,secretar de emisie (studii medii),secretar de emisie studii medii,3,34,343,3435
343515,ghid de animație,ghid de animatie,3,34,343,3435
343516,documentarist (studii medii),documentarist studii medii,3,34,343,3435
343517,traducător (studii medii),traducator studii medii,3,34,343,3435
343518,videojurnalist (studii medii),videojurnalist studii medii,3,34,343,3435
343519,copywriter publicitate (studii medii),copywriter publicitate studii medii,3,34,343,3435
343520,corector (studii medii),corector studii medii,3,34,343,3435
343521,electrician iluminare scenă,electrician iluminare scena,3,34,343,3435
343522,secretar artistic,secretar artistic,3,34,343,3435
343523,gestionar custode sală,gestionar custode sala,3,34,343,3435
343524,prezentator TV,prezentator tv,3,34,343,3435
343525,disc jockey,disc jockey,3,34,343,3435
343526,creator de conținut online,creator de continut online,3,34,343,3435
351101,operator calculator electronic și rețele,operator calculator electronic si retele,3,35,351,3511
351102,șef tură exploatare în centre sau oficii de calcul,sef tura exploatare in centre sau oficii de calcul,3,35,351,3511
351103,tehnician echipamente de calcul și rețele,tehnician echipamente de calcul si retele,3,35,351,3511
351104,operator în domeniul proiectării asistate pe calculator,operator in domeniul proiectarii asistate pe calculator,3,35,351,3511
351105,administrator sistem documentar,administrator sistem documentar,3,35,351,3511
351106,operator prompter,operator prompter,3,35,351,3511
351107,operator suport tehnic pentru servicii de comunicații electronice,operator suport tehnic pentru servicii de comunicatii electronice,3,35,351,3511
351108,analist testare software,analist testare software,3,35,351,3511
351201,programator ajutor,programator ajutor,3,35,351,3512
351202,analist ajutor,analist ajutor,3,35,351,3512
351203,tehnician TIC,tehnician tic,3,35,351,3512
352101,acustician cinematografic,acustician cinematografic,3,35,352,3521
352102,controlor și recondiționer filme,controlor si reconditioner filme,3,35,352,3521
352103,electrician iluminare filmare,electrician iluminare filmare,3,35,352,3521
352104,etaloner,etaloner,3,35,352,3521
352105,maistru aparate video și sunet,maistru aparate video si sunet,3,35,352,3521
352106,mașinist mecanic traweling,masinist mecanic traweling,3,35,352,3521
352107,mecanic cameră filmare,mecanic camera filmare,3,35,352,3521
352108,montor imagine,montor imagine,3,35,352,3521
352109,montor negative și de pregătire a peliculei,montor negative si de pregatire a peliculei,3,35,352,3521
352110,montor pozitive,montor pozitive,3,35,352,3521
352111,"operator cameră diafilm, diapozitive",operator camera diafilm diapozitive,3,35,352,3521
352112,operator emisie-recepție,operator emisie receptie,3,35,352,3521
352113,operator producție RTV,operator productie rtv,3,35,352,3521
352114,preparator filmare,preparator filmare,3,35,352,3521
352115,proiecționist,proiectionist,3,35,352,3521
352116,senzitometrist,senzitometrist,3,35,352,3521
352119,editor imagine,editor imagine,3,35,352,3521
352120,tehnician iluminat tehnologic,tehnician iluminat tehnologic,3,35,352,3521
352121,ilustrator muzical,ilustrator muzical,3,35,352,3521
352122,controlor emisii RTV,controlor emisii rtv,3,35,352,3521
352123,montor emisie,montor emisie,3,35,352,3521
352124,operator imagine,operator imagine,3,35,352,3521
352125,operator radio-radioficare,operator radio radioficare,3,35,352,3521
352126,operator sunet,operator sunet,3,35,352,3521
352127,tehnician radioelectronist,tehnician radioelectronist,3,35,352,3521
352128,tehnician CATV,tehnician catv,3,35,352,3521
352129,operator dispecer sisteme de monitorizare și aparatură de control,operator dispecer sisteme de monitorizare si aparatura de control,3,35,352,3521
352130,"tehnician pentru sisteme de detecție, supraveghere video, control acces",tehnician pentru sisteme de detectie supraveghere video control acces,3,35,352,3521
352131,cameraman,cameraman,3,35,352,3521
352132,tehnician de echipamente TV,tehnician de echipamente tv,3,35,352,3521
352133,radioelectronist stații de emisie radio-TV,radioelectronist statii de emisie radio tv,3,35,352,3521
352134,tehnician la echipamente de înregistrare imagine și sunet,tehnician la echipamente de inregistrare imagine si sunet,3,35,352,3521
352135,designer video,designer video,3,35,352,3521
352201,șef formație sisteme radiante (antene),sef formatie sisteme radiante antene,3,35,352,3522
352202,tehnician construcții telefonice,tehnician constructii telefonice,3,35,352,3522
352203,tehnician radiolocații,tehnician radiolocatii,3,35,352,3522
352204,tehnician turn parașutism,tehnician turn parasutism,3,35,352,3522
352205,inspector exploatare poștală,inspector exploatare postala,3,35,352,3522
352206,tehnician stații de emisie radio-TV,tehnician statii de emisie radio tv,3,35,352,3522
352207,tehnician stații radiorelee și satelit,tehnician statii radiorelee si satelit,3,35,352,3522
352208,maistru materiale emisie RTV și telecomunicații,maistru materiale emisie rtv si telecomunicatii,3,35,352,3522
352209,pilonist antenist,pilonist antenist,3,35,352,3522
352210,tehnician rețele de telecomunicații,tehnician retele de telecomunicatii,3,35,352,3522
352211,operator rețele de telecomunicații,operator retele de telecomunicatii,3,35,352,3522
352212,radioelectronist stații radiorelee și satelit,radioelectronist statii radiorelee si satelit,3,35,352,3522
352213,"maistru transporturi, poștă și telecomunicații",maistru transporturi posta si telecomunicatii,3,35,352,3522
352214,"tehnician transporturi, poștă și telecomunicații",tehnician transporturi posta si telecomunicatii,3,35,352,3522
352215,tehnician proiectant transporturi și comunicații,tehnician proiectant transporturi si comunicatii,3,35,352,3522
411001,funcționar administrativ,functionar administrativ,4,41,411,4110
411002,inspector documente secrete,inspector documente secrete,4,41,411,4110
411003,referent de stare civilă,referent de stare civila,4,41,411,4110
412001,secretară,secretara,4,41,412,4120
412002,secretară dactilografă,secretara dactilografa,4,41,412,4120
412003,secretară prelucrare texte,secretara prelucrare texte,4,41,412,4120
413101,dactilografă,dactilografa,4,41,413,4131
413102,stenodactilografă,stenodactilografa,4,41,413,4131
413103,referent transmitere,referent transmitere,4,41,413,4131
413104,telefaxist,telefaxist,4,41,413,4131
413107,telebanker,telebanker,4,41,413,4131
413201,"operator introducere, validare și prelucrare date",operator introducere validare si prelucrare date,4,41,413,4132
413202,operator tehnică poligraf,operator tehnica poligraf,4,41,413,4132
413203,operator procesare text și imagine,operator procesare text si imagine,4,41,413,4132
413204,registrator de arhivă electronică de garanții reale mobiliare,registrator de arhiva electronica de garantii reale mobiliare,4,41,413,4132
413205,operator mașină contabilizat,operator masina contabilizat,4,41,413,4132
413206,operator mașină de calculat,operator masina de calculat,4,41,413,4132
413207,asistent analist de informații,asistent analist de informatii,4,41,413,4132
421101,casier tezaur,casier tezaur,4,42,421,4211
421102,casier valută,casier valuta,4,42,421,4211
421103,"mânuitor valori (presă, poștă)",manuitor valori presa posta,4,42,421,4211
421104,numărător bani,numarator bani,4,42,421,4211
421105,verificator bani,verificator bani,4,42,421,4211
421106,verificator valori,verificator valori,4,42,421,4211
421107,casier trezorier,casier trezorier,4,42,421,4211
421108,șef casierie centrală,sef casierie centrala,4,42,421,4211
421109,șef supraveghere case,sef supraveghere case,4,42,421,4211
421110,operator ghișeu bancă,operator ghiseu banca,4,42,421,4211
421111,operator ghișeu birouri de schimb,operator ghiseu birouri de schimb,4,42,421,4211
421112,administrator cont,administrator cont,4,42,421,4211
421113,referent operații între sedii,referent operatii intre sedii,4,42,421,4211
421114,referent casier,referent casier,4,42,421,4211
421115,operator gestionar loto,operator gestionar loto,4,42,421,4211
421201,crupier,crupier,4,42,421,4212
421202,schimbător fise - changeur (cazino),schimbator fise changeur cazino,4,42,421,4212
421203,supraveghetor jocuri (cazinou),supraveghetor jocuri cazinou,4,42,421,4212
421204,șef de masă (cazinou),sef de masa cazinou,4,42,421,4212
421205,cap de masă (cazino),cap de masa cazino,4,42,421,4212
421301,amanetar,amanetar,4,42,421,4213
421401,agent fiscal,agent fiscal,4,42,421,4214
421402,colector (recuperator) creanțe/debite,colector recuperator creante debite,4,42,421,4214
422101,agent de voiaj,agent de voiaj,4,42,422,4221
422102,agent de turism,agent de turism,4,42,422,4221
422103,agent de turism tour-operator,agent de turism tour operator,4,42,422,4221
422104,agent de transport turistic intern,agent de transport turistic intern,4,42,422,4221
422105,agent de transport internațional,agent de transport international,4,42,422,4221
422106,agent de asistență turistică,agent de asistenta turistica,4,42,422,4221
422107,agent turism de afaceri,agent turism de afaceri,4,42,422,4221
422108,agent transporturi externe,agent transporturi externe,4,42,422,4221
422109,agent transporturi interne,agent transporturi interne,4,42,422,4221
422110,funcționar agenție voiaj,functionar agentie voiaj,4,42,422,4221
422111,agent de turism pentru circuite tematice,agent de turism pentru circuite tematice,4,42,422,4221
422301,oficiant telefoane,oficiant telefoane,4,42,422,4223
422302,oficiant telegraf,oficiant telegraf,4,42,422,4223
422303,radiotelegrafist,radiotelegrafist,4,42,422,4223
422304,telefonist,telefonist,4,42,422,4223
422305,telefonist instructor,telefonist instructor,4,42,422,4223
422306,telegrafist (teleimprimatorist),telegrafist teleimprimatorist,4,42,422,4223
422307,operator registrator de urgență,operator registrator de urgenta,4,42,422,4223
422401,recepționer de hotel,receptioner de hotel,4,42,422,4224
422402,lucrător concierge,lucrator concierge,4,42,422,4224
422403,șef de recepție hotel,sef de receptie hotel,4,42,422,4224
422404,tehnician compartiment securitate hotel,tehnician compartiment securitate hotel,4,42,422,4224
422405,responsabil cazare,responsabil cazare,4,42,422,4224
422406,tehnician în hotelărie,tehnician in hotelarie,4,42,422,4224
422501,impiegat informații,impiegat informatii,4,42,422,4225
422502,funcționar informații clienți,functionar informatii clienti,4,42,422,4225
422601,recepționist,receptionist,4,42,422,4226
431101,calculator preț cost,calculator pret cost,4,43,431,4311
431102,funcționar economic,functionar economic,4,43,431,4311
431103,operator devize,operator devize,4,43,431,4311
431104,șef secție inventar,sef sectie inventar,4,43,431,4311
431201,agent bursă,agent bursa,4,43,431,4312
431202,contabil financiar bancar,contabil financiar bancar,4,43,431,4312
431203,administrator financiar (patrimoniu) studii medii,administrator financiar patrimoniu studii medii,4,43,431,4312
431301,pontator,pontator,4,43,431,4313
432101,gestionar depozit,gestionar depozit,4,43,432,4321
432102,magaziner,magaziner,4,43,432,4321
432103,operator siloz (silozar),operator siloz silozar,4,43,432,4321
432104,primitor-distribuitor materiale și scule,primitor distribuitor materiale si scule,4,43,432,4321
432105,recuziter,recuziter,4,43,432,4321
432106,sortator produse,sortator produse,4,43,432,4321
432107,trezorier (studii medii),trezorier studii medii,4,43,432,4321
432109,pivnicer,pivnicer,4,43,432,4321
432110,primitor-distribuitor benzină și motorină,primitor distribuitor benzina si motorina,4,43,432,4321
432111,lucrător gestionar,lucrator gestionar,4,43,432,4321
432112,șef raion/ adjunct mărfuri alimentare/ nealimentare,sef raion adjunct marfuri alimentare nealimentare,4,43,432,4321
432113,recepționer-distribuitor,receptioner distribuitor,4,43,432,4321
432114,logistician responsabil comenzi,logistician responsabil comenzi,4,43,432,4321
432201,dispecer,dispecer,4,43,432,4322
432202,facturist,facturist,4,43,432,4322
432203,lansator produse,lansator produse,4,43,432,4322
432204,programator producție,programator productie,4,43,432,4322
432205,dispecer operațiuni salubrizare,dispecer operatiuni salubrizare,4,43,432,4322
432206,programator grafic de execuție pentru realizarea proiectului,programator grafic de executie pentru realizarea proiectului,4,43,432,4322
432301,agent transporturi,agent transporturi,4,43,432,4323
432302,funcționar informații,functionar informatii,4,43,432,4323
432303,controlor trafic,controlor trafic,4,43,432,4323
432304,impiegat auto,impiegat auto,4,43,432,4323
432305,impiegat informații aviație,impiegat informatii aviatie,4,43,432,4323
432306,impiegat registru mișcare,impiegat registru miscare,4,43,432,4323
432307,însoțitor vagoane,insotitor vagoane,4,43,432,4323
432308,inspector RNR (Registrul Naval Român),inspector rnr registrul naval roman,4,43,432,4323
432309,inspector exploatare trafic,inspector exploatare trafic,4,43,432,4323
432310,instructor depou,instructor depou,4,43,432,4323
432311,instructor revizie vagoane,instructor revizie vagoane,4,43,432,4323
432312,instructor stație,instructor statie,4,43,432,4323
432313,operator circulație mișcare,operator circulatie miscare,4,43,432,4323
432314,operator comercial,operator comercial,4,43,432,4323
432315,operator dană,operator dana,4,43,432,4323
432316,operator programare,operator programare,4,43,432,4323
432317,picher,picher,4,43,432,4323
432319,revizor tehnic vagoane,revizor tehnic vagoane,4,43,432,4323
432320,scriitor vagoane,scriitor vagoane,4,43,432,4323
432321,șef agenție colectare și expediție mărfuri,sef agentie colectare si expeditie marfuri,4,43,432,4323
432322,șef autogară,sef autogara,4,43,432,4323
432323,avizier căi ferate,avizier cai ferate,4,43,432,4323
432324,șef haltă,sef halta,4,43,432,4323
432325,șef stație taxare,sef statie taxare,4,43,432,4323
432326,șef tură la comanda personalului de tren,sef tura la comanda personalului de tren,4,43,432,4323
432327,șef tură pregătirea personalului la vagon-restaurant și de dormit,sef tura pregatirea personalului la vagon restaurant si de dormit,4,43,432,4323
432328,șef tură revizie vagoane,sef tura revizie vagoane,4,43,432,4323
432329,veghetor încărcare-descărcare,veghetor incarcare descarcare,4,43,432,4323
432330,verificator documente expediție,verificator documente expeditie,4,43,432,4323
432331,expeditor internațional,expeditor international,4,43,432,4323
432332,operator recepție,operator receptie,4,43,432,4323
432333,agent curier,agent curier,4,43,432,4323
432334,agent stație metrou,agent statie metrou,4,43,432,4323
432335,impiegat de mișcare metrou,impiegat de miscare metrou,4,43,432,4323
432336,operator mișcare metrou,operator miscare metrou,4,43,432,4323
432337,operator portuar stivator,operator portuar stivator,4,43,432,4323
432338,operator portuar expeditor,operator portuar expeditor,4,43,432,4323
432339,operator portuar dispecer/ planificator,operator portuar dispecer planificator,4,43,432,4323
432340,grafician mers de tren,grafician mers de tren,4,43,432,4323
432341,referent de specialitate TIR și tranzite (studii superioare),referent de specialitate tir si tranzite studii superioare,4,43,432,4323
432342,agent feroviar marfă,agent feroviar marfa,4,43,432,4323
432343,referent protocol aeroportuar,referent protocol aeroportuar,4,43,432,4323
432344,revizor tehnic auto,revizor tehnic auto,4,43,432,4323
441101,bibliotecar (studii medii),bibliotecar studii medii,4,44,441,4411
441102,discotecar,discotecar,4,44,441,4411
441103,filmotecar,filmotecar,4,44,441,4411
441104,fonotecar,fonotecar,4,44,441,4411
441105,fototecar,fototecar,4,44,441,4411
441106,mânuitor carte,manuitor carte,4,44,441,4411
441107,videotecar,videotecar,4,44,441,4411
441201,agent poștal,agent postal,4,44,441,4412
441202,cartator poștal,cartator postal,4,44,441,4412
441203,cartator presă,cartator presa,4,44,441,4412
441204,cartator telegrame,cartator telegrame,4,44,441,4412
441205,diriginte poștă,diriginte posta,4,44,441,4412
441206,factor poștal,factor postal,4,44,441,4412
441208,oficiant poștă telegrame,oficiant posta telegrame,4,44,441,4412
441209,oficiant presă,oficiant presa,4,44,441,4412
441210,prelucrător presă scrisă,prelucrator presa scrisa,4,44,441,4412
441211,responsabil tură expediție,responsabil tura expeditie,4,44,441,4412
441301,codificator,codificator,4,44,441,4413
441302,corector editură presă,corector editura presa,4,44,441,4413
441303,corector-revizor poligrafie,corector revizor poligrafie,4,44,441,4413
441501,arhivar,arhivar,4,44,441,4415
441502,funcționar documentare,functionar documentare,4,44,441,4415
441601,referent evidența persoanelor,referent evidenta persoanelor,4,44,441,4416
441901,funcționar ghișeu servicii publice,functionar ghiseu servicii publice,4,44,441,4419
441902,expert local pe problemele romilor,expert local pe problemele romilor,4,44,441,4419
441903,expert relații sociale,expert relatii sociale,4,44,441,4419
511101,însoțitor de bord,insotitor de bord,5,51,511,5111
511102,stewardesă,stewardesa,5,51,511,5111
511201,conductor tren,conductor tren,5,51,511,5112
511202,revizor bilete,revizor bilete,5,51,511,5112
511203,controlor bilete,controlor bilete,5,51,511,5112
511204,conductor vagon de dormit și cușetă,conductor vagon de dormit si cuseta,5,51,511,5112
511205,controlor acces metrou,controlor acces metrou,5,51,511,5112
511206,șef tură comandă vagon de dormit – cușetă,sef tura comanda vagon de dormit cuseta,5,51,511,5112
511207,însoțitor pasageri în transportul rutier,insotitor pasageri in transportul rutier,5,51,511,5112
511301,ghid de turism,ghid de turism,5,51,511,5113
511302,ghid de turism intern (local),ghid de turism intern local,5,51,511,5113
511303,ghid național de turism (tour-operator),ghid national de turism tour operator,5,51,511,5113
511304,"ghid de turism montan, drumeție montană",ghid de turism montan drumetie montana,5,51,511,5113
511305,ghid galerii de artă/ interpret,ghid galerii de arta interpret,5,51,511,5113
511306,"ghid habitat natural floră, faună",ghid habitat natural flora fauna,5,51,511,5113
511307,ghid turism ornitologic,ghid turism ornitologic,5,51,511,5113
511308,ghid turism speologic,ghid turism speologic,5,51,511,5113
511309,ghid turism ecvestru,ghid turism ecvestru,5,51,511,5113
511310,ghid de turism sportiv (alpinism și cățărări pe stânci/ schi/ bob/ înot/ canotaj/ iahting/ zbor cu aparate ultraușoare),ghid de turism sportiv alpinism si catarari pe stanci schi bob inot canotaj iahting zbor cu aparate ultrausoare,5,51,511,5113
511311,ghid montan,ghid montan,5,51,511,5113
511312,ghid obiectiv cultural,ghid obiectiv cultural,5,51,511,5113
511313,însoțitor grup turistic,insotitor grup turistic,5,51,511,5113
511314,organizator activitate turism (studii medii),organizator activitate turism studii medii,5,51,511,5113
511315,ranger,ranger,5,51,511,5113
511316,custode pentru arii protejate,custode pentru arii protejate,5,51,511,5113
511317,animator de hotel,animator de hotel,5,51,511,5113
511318,însoțitor speolog,insotitor speolog,5,51,511,5113
511319,ghid turistic pentru peșteri amenajate,ghid turistic pentru pesteri amenajate,5,51,511,5113
511320,ghid canioning,ghid canioning,5,51,511,5113
512001,bucătar,bucatar,5,51,512,5120
512002,pizzar,pizzar,5,51,512,5120
512003,bucătar specialist/ vegetarian/ dietetician,bucatar specialist vegetarian dietetician,5,51,512,5120
512004,maestru în arta culinară,maestru in arta culinara,5,51,512,5120
513101,ajutor ospătar,ajutor ospatar,5,51,513,5131
513102,ospătar (chelner),ospatar chelner,5,51,513,5131
513103,somelier,somelier,5,51,513,5131
513201,barman,barman,5,51,513,5132
513202,barman preparator,barman preparator,5,51,513,5132
513203,barman preparator de cafea (barista),barman preparator de cafea barista,5,51,513,5132
514101,coafor,coafor,5,51,514,5141
514102,frizer,frizer,5,51,514,5141
514103,coafor stilist,coafor stilist,5,51,514,5141
514104,stilist extensii de păr,stilist extensii de par,5,51,514,5141
514201,cosmetician,cosmetician,5,51,514,5142
514202,manichiurist,manichiurist,5,51,514,5142
514203,pedichiurist,pedichiurist,5,51,514,5142
514204,maseur de întreținere și relaxare,maseur de intretinere si relaxare,5,51,514,5142
514205,machior,machior,5,51,514,5142
514206,tatuator,tatuator,5,51,514,5142
514207,montator bijuterii pe corp,montator bijuterii pe corp,5,51,514,5142
514208,stilist protezist de unghii,stilist protezist de unghii,5,51,514,5142
514209,operator întreținere corporală,operator intretinere corporala,5,51,514,5142
514210,dermopigmentist,dermopigmentist,5,51,514,5142
514211,stilist extensii gene,stilist extensii gene,5,51,514,5142
515101,cabanier,cabanier,5,51,515,5151
515102,guvernantă de hotel/ etaj,guvernanta de hotel etaj,5,51,515,5151
515103,lenjereasă de hotel,lenjereasa de hotel,5,51,515,5151
515104,administrator,administrator,5,51,515,5151
515105,administrator piețe și târguri,administrator piete si targuri,5,51,515,5151
515106,intendent,intendent,5,51,515,5151
515107,șef cantină,sef cantina,5,51,515,5151
515108,dispecer pentru servire în cameră (hotel),dispecer pentru servire in camera hotel,5,51,515,5151
515109,supraveghetor muzeu,supraveghetor muzeu,5,51,515,5151
515110,lucrător hotelier,lucrator hotelier,5,51,515,5151
515201,gospodar,gospodar,5,51,515,5152
515202,îngrijitor vilă,ingrijitor vila,5,51,515,5152
515203,administrator pensiune turistică,administrator pensiune turistica,5,51,515,5152
515204,lucrător în gospodăria agroturistică,lucrator in gospodaria agroturistica,5,51,515,5152
515301,îngrijitor clădiri,ingrijitor cladiri,5,51,515,5153
515302,agent curățenie clădiri și mijloace de transport,agent curatenie cladiri si mijloace de transport,5,51,515,5153
515303,administrator de condominii,administrator de condominii,5,51,515,5153
516101,astrolog,astrolog,5,51,516,5161
516102,numerolog,numerolog,5,51,516,5161
516201,cameristă hotel,camerista hotel,5,51,516,5162
516202,însoțitor,insotitor,5,51,516,5162
516203,valet,valet,5,51,516,5162
516301,antreprenor servicii funerare,antreprenor servicii funerare,5,51,516,5163
516302,decorator servicii funerare,decorator servicii funerare,5,51,516,5163
516303,îmbălsămător,imbalsamator,5,51,516,5163
516304,tanatopractor,tanatopractor,5,51,516,5163
516401,"îngrijitor farmacii, cabinete veterinare",ingrijitor farmacii cabinete veterinare,5,51,516,5164
516402,coafor canin,coafor canin,5,51,516,5164
516403,instructor dresaj câini ghizi,instructor dresaj caini ghizi,5,51,516,5164
516404,dresor câini,dresor caini,5,51,516,5164
516501,instructor școlar auto,instructor scolar auto,5,51,516,5165
516502,instructor auto,instructor auto,5,51,516,5165
516901,"agent dezinfecție, deratizare, dezinsecție",agent dezinfectie deratizare dezinsectie,5,51,516,5169
516902,gazdă club,gazda club,5,51,516,5169
516903,organizator prestări servicii,organizator prestari servicii,5,51,516,5169
516904,agent ecolog,agent ecolog,5,51,516,5169
516905,raportor ecolog,raportor ecolog,5,51,516,5169
516906,întreținător textile-piele,intretinator textile piele,5,51,516,5169
516907,animator socioeducativ,animator socioeducativ,5,51,516,5169
516908,animator centre de vacanță,animator centre de vacanta,5,51,516,5169
516909,lucrător pensiune turistică,lucrator pensiune turistica,5,51,516,5169
516910,operator pârtie de schi,operator partie de schi,5,51,516,5169
516911,prestidigitator,prestidigitator,5,51,516,5169
516912,iluzionist de circ,iluzionist de circ,5,51,516,5169
516913,lucrător interpret în limbaj mimico-gestual,lucrator interpret in limbaj mimico gestual,5,51,516,5169
521201,vânzător ambulant de produse alimentare,vanzator ambulant de produse alimentare,5,52,521,5212
522101,vânzător,vanzator,5,52,522,5221
522102,comerciant vânzător mărfuri nealimentare,comerciant vanzator marfuri nealimentare,5,52,522,5221
522201,anticar,anticar,5,52,522,5222
522301,librar,librar,5,52,522,5223
522302,lucrător controlor final,lucrator controlor final,5,52,522,5223
522303,lucrător comercial,lucrator comercial,5,52,522,5223
522304,lucrător produse naturiste,lucrator produse naturiste,5,52,522,5223
522305,vânzător de produse naturiste,vanzator de produse naturiste,5,52,522,5223
523001,taxator,taxator,5,52,523,5230
523002,vânzător de bilete,vanzator de bilete,5,52,523,5230
523003,casier,casier,5,52,523,5230
523004,casier metrou,casier metrou,5,52,523,5230
524101,manechin,manechin,5,52,524,5241
524102,model - atelier artistic și publicitate,model atelier artistic si publicitate,5,52,524,5241
524103,prezentator modă,prezentator moda,5,52,524,5241
524301,vânzător la domiciliul clientului pe bază de comandă,vanzator la domiciliul clientului pe baza de comanda,5,52,524,5243
524601,bufetier,bufetier,5,52,524,5246
531101,îngrijitor de copii,ingrijitor de copii,5,53,531,5311
531102,guvernantă,guvernanta,5,53,531,5311
531103,baby sitter,baby sitter,5,53,531,5311
531104,bonă,bona,5,53,531,5311
531201,asistent maternal,asistent maternal,5,53,531,5312
531202,părinte social,parinte social,5,53,531,5312
531203,educator specializat,educator specializat,5,53,531,5312
531204,îngrijitor grupă învățământ preșcolar,ingrijitor grupa invatamant prescolar,5,53,531,5312
532101,băieș,baies,5,53,532,5321
532102,gipsar,gipsar,5,53,532,5321
532103,infirmier/infirmieră,infirmier infirmiera,5,53,532,5321
532104,îngrijitoare la unități de ocrotire socială și sanitară,ingrijitoare la unitati de ocrotire sociala si sanitara,5,53,532,5321
532105,lăcar,lacar,5,53,532,5321
532106,nămolar,namolar,5,53,532,5321
532201,îngrijitor bătrâni la domiciliu,ingrijitor batrani la domiciliu,5,53,532,5322
532202,îngrijitor bolnavi la domiciliu,ingrijitor bolnavi la domiciliu,5,53,532,5322
532203,asistent personal al persoanei cu handicap grav,asistent personal al persoanei cu handicap grav,5,53,532,5322
532204,îngrijitor la domiciliu,ingrijitor la domiciliu,5,53,532,5322
532901,mediator sanitar,mediator sanitar,5,53,532,5329
532902,mediator social,mediator social,5,53,532,5329
532903,lucrător prin arte combinate,lucrator prin arte combinate,5,53,532,5329
532904,asistent personal profesionist,asistent personal profesionist,5,53,532,5329
532905,asistent personal de îngrijire,asistent personal de ingrijire,5,53,532,5329
532906,operator prestații sociale,operator prestatii sociale,5,53,532,5329
532907,supraveghetor de noapte servicii sociale,supraveghetor de noapte servicii sociale,5,53,532,5329
532908,lucrător social,lucrator social,5,53,532,5329
541101,șef compartiment pentru prevenire,sef compartiment pentru prevenire,5,54,541,5411
541102,"șef formație intervenție, salvare și prim ajutor",sef formatie interventie salvare si prim ajutor,5,54,541,5411
541103,specialiști pentru prevenire,specialisti pentru prevenire,5,54,541,5411
541104,servant pompier,servant pompier,5,54,541,5411
541105,șef grupă intervenție,sef grupa interventie,5,54,541,5411
541106,șef echipă specializată,sef echipa specializata,5,54,541,5411
541201,polițist local,politist local,5,54,541,5412
541301,agent de poliție penitenciară,agent de politie penitenciara,5,54,541,5413
541302,educator în penitenciare,educator in penitenciare,5,54,541,5413
541401,agent de securitate,agent de securitate,5,54,541,5414
541402,agent control acces,agent control acces,5,54,541,5414
541403,"agent de securitate incintă (magazin, hotel, întreprindere etc.)",agent de securitate incinta magazin hotel intreprindere etc,5,54,541,5414
541404,agent gardă de corp,agent garda de corp,5,54,541,5414
541405,șef serviciu pază,sef serviciu paza,5,54,541,5414
541406,agent de securitate intervenție,agent de securitate interventie,5,54,541,5414
541407,agent transport valori,agent transport valori,5,54,541,5414
541408,dispecer centru de alarmă,dispecer centru de alarma,5,54,541,5414
541409,șef tură servicii securitate,sef tura servicii securitate,5,54,541,5414
541410,inspector de securitate,inspector de securitate,5,54,541,5414
541411,evaluator de risc de efracție,evaluator de risc de efractie,5,54,541,5414
541412,agent de securitate conducător câini de serviciu patrulare,agent de securitate conducator caini de serviciu patrulare,5,54,541,5414
541413,agent de securitate competiții sportive,agent de securitate competitii sportive,5,54,541,5414
541414,șef obiectiv servicii de securitate,sef obiectiv servicii de securitate,5,54,541,5414
541901,șef serviciu voluntar/ privat pentru situații de urgență,sef serviciu voluntar privat pentru situatii de urgenta,5,54,541,5419
541902,cadru tehnic cu atribuții în domeniul prevenirii și stingerii incendiilor,cadru tehnic cu atributii in domeniul prevenirii si stingerii incendiilor,5,54,541,5419
541903,salvator la ștrand,salvator la strand,5,54,541,5419
541904,salvator montan,salvator montan,5,54,541,5419
541905,salvamar,salvamar,5,54,541,5419
541906,gardian feroviar,gardian feroviar,5,54,541,5419
541907,agent conducător câini de serviciu,agent conducator caini de serviciu,5,54,541,5419
541908,salvator din mediul subteran speologic,salvator din mediul subteran speologic,5,54,541,5419
541919,salvator din mediul subacvatic speologic,salvator din mediul subacvatic speologic,5,54,541,5419
611101,agricultor,agricultor,6,61,611,6111
611103,legumicultor,legumicultor,6,61,611,6111
611104,lucrător calificat în culturi de câmp și legumicultură,lucrator calificat in culturi de camp si legumicultura,6,61,611,6111
611105,agricultor pentru culturi de câmp ecologice,agricultor pentru culturi de camp ecologice,6,61,611,6111
611201,arboricultor,arboricultor,6,61,611,6112
611202,ciupercar,ciupercar,6,61,611,6112
611203,florar-decorator,florar decorator,6,61,611,6112
611204,floricultor,floricultor,6,61,611,6112
611205,peisagist - floricultor,peisagist floricultor,6,61,611,6112
611206,lucrător calificat în floricultură și arboricultură,lucrator calificat in floricultura si arboricultura,6,61,611,6112
611207,pomicultor,pomicultor,6,61,611,6112
611208,viticultor,viticultor,6,61,611,6112
611301,fermier în horticultură,fermier in horticultura,6,61,611,6113
611302,lucrător calificat în irigații,lucrator calificat in irigatii,6,61,611,6113
611303,grădinar,gradinar,6,61,611,6113
612101,cioban (oier),cioban oier,6,61,612,6121
612102,crescător-îngrijitor de animale domestice pentru producția de lapte și carne,crescator ingrijitor de animale domestice pentru productia de lapte si carne,6,61,612,6121
612103,tocător de furaje,tocator de furaje,6,61,612,6121
612104,lucrător calificat în creșterea animalelor,lucrator calificat in cresterea animalelor,6,61,612,6121
612105,crescător bovine,crescator bovine,6,61,612,6121
612106,crescător porcine,crescator porcine,6,61,612,6121
612107,mamoș porcine,mamos porcine,6,61,612,6121
612108,baci montan,baci montan,6,61,612,6121
612109,cioban montan,cioban montan,6,61,612,6121
612110,crescător de oi montan,crescator de oi montan,6,61,612,6121
612111,oier montan,oier montan,6,61,612,6121
612201,crescător de păsări,crescator de pasari,6,61,612,6122
612202,fazanier,fazanier,6,61,612,6122
612203,crescător de păsări pentru reproducție,crescator de pasari pentru reproductie,6,61,612,6122
612204,crescător de păsări pentru ouă de consum,crescator de pasari pentru oua de consum,6,61,612,6122
612205,crescător de pui pentru carne,crescator de pui pentru carne,6,61,612,6122
612206,crescător de păsări de rasă și pentru decor,crescator de pasari de rasa si pentru decor,6,61,612,6122
612207,arbitru pentru păsări de rasă,arbitru pentru pasari de rasa,6,61,612,6122
612301,apicultor,apicultor,6,61,612,6123
612302,sericicultor,sericicultor,6,61,612,6123
612901,crescător de animale mici,crescator de animale mici,6,61,612,6129
612902,crescător-îngrijitor animale sălbatice captive,crescator ingrijitor animale salbatice captive,6,61,612,6129
612903,crescător-îngrijitor de animale de laborator,crescator ingrijitor de animale de laborator,6,61,612,6129
612904,crescător de melci,crescator de melci,6,61,612,6129
612905,antrenor cabaline,antrenor cabaline,6,61,612,6129
612906,crescător-îngrijitor de cabaline,crescator ingrijitor de cabaline,6,61,612,6129
612907,herghelegiu,herghelegiu,6,61,612,6129
613001,fermier în producția vegetală,fermier in productia vegetala,6,61,613,6130
613002,fermier în producția animală,fermier in productia animala,6,61,613,6130
613003,agricultor în culturi vegetale și crescător de animale,agricultor in culturi vegetale si crescator de animale,6,61,613,6130
621001,cioplitor în lemn,cioplitor in lemn,6,62,621,6210
621002,carbonitor,carbonitor,6,62,621,6210
621003,fasonator mecanic (cherestea),fasonator mecanic cherestea,6,62,621,6210
621004,muncitor plantații și amenajare zonă verde,muncitor plantatii si amenajare zona verde,6,62,621,6210
621005,pepinierist,pepinierist,6,62,621,6210
621006,presator stuf,presator stuf,6,62,621,6210
621007,protecționist silvic,protectionist silvic,6,62,621,6210
621008,recoltator stuf,recoltator stuf,6,62,621,6210
621009,rezinator,rezinator,6,62,621,6210
621010,șef coloană exploatare stuf,sef coloana exploatare stuf,6,62,621,6210
621011,stivuitor și recepționer silvic,stivuitor si receptioner silvic,6,62,621,6210
621012,tăietor silvic,taietor silvic,6,62,621,6210
621013,preparator mangal,preparator mangal,6,62,621,6210
621014,mangalizator,mangalizator,6,62,621,6210
622101,lucrător în culturi acvatice,lucrator in culturi acvatice,6,62,622,6221
622102,piscicultor,piscicultor,6,62,622,6221
622201,pescar în ape interioare și de coastă,pescar in ape interioare si de coasta,6,62,622,6222
622301,pescar în mări și oceane,pescar in mari si oceane,6,62,622,6223
622401,paznic de vânătoare,paznic de vanatoare,6,62,622,6224
711101,"muncitor constructor bârne, chirpici, piatră",muncitor constructor barne chirpici piatra,7,71,711,7111
711102,confecționer plăci din diverse materiale,confectioner placi din diverse materiale,7,71,711,7111
711103,confecționer plase și pânze rabiț din stuf,confectioner plase si panze rabit din stuf,7,71,711,7111
711104,laborant pentru construcții de drumuri și construcții civile,laborant pentru constructii de drumuri si constructii civile,7,71,711,7111
711201,sobar,sobar,7,71,711,7112
711202,zidar coșuri fabrică,zidar cosuri fabrica,7,71,711,7112
711203,zidar pietrar,zidar pietrar,7,71,711,7112
711204,zidar șamotor,zidar samotor,7,71,711,7112
711205,zidar roșar-tencuitor,zidar rosar tencuitor,7,71,711,7112
711206,zidar restaurator,zidar restaurator,7,71,711,7112
711301,cioplitor în piatră și marmură,cioplitor in piatra si marmura,7,71,711,7113
711302,"cioplitor-montator piatră, marmură",cioplitor montator piatra marmura,7,71,711,7113
711303,"gaterist la tăiat blocuri de piatră, marmură",gaterist la taiat blocuri de piatra marmura,7,71,711,7113
711304,"tăietor, șlefuitor, lustruitor piatră, marmură",taietor slefuitor lustruitor piatra marmura,7,71,711,7113
711305,restaurator piatră,restaurator piatra,7,71,711,7113
711401,betonist,betonist,7,71,711,7114
711402,fierar betonist,fierar betonist,7,71,711,7114
711403,montator elemente prefabricate din beton armat,montator elemente prefabricate din beton armat,7,71,711,7114
711404,constructor structuri monolite,constructor structuri monolite,7,71,711,7114
711405,operator injectorist,operator injectorist,7,71,711,7114
711406,injectorist în construcții,injectorist in constructii,7,71,711,7114
711407,operator elemente din beton precomprimat cu armătura pretensionată,operator elemente din beton precomprimat cu armatura pretensionata,7,71,711,7114
711501,dulgher (exclusiv restaurator),dulgher exclusiv restaurator,7,71,711,7115
711502,dulgher restaurator,dulgher restaurator,7,71,711,7115
711901,muncitor hidrometru,muncitor hidrometru,7,71,711,7119
711902,pavator,pavator,7,71,711,7119
711903,săpător fântâni,sapator fantani,7,71,711,7119
711904,asfaltator,asfaltator,7,71,711,7119
711905,cantonier,cantonier,7,71,711,7119
711906,chesonier,chesonier,7,71,711,7119
711907,constructor căi ferate,constructor cai ferate,7,71,711,7119
711908,constructor linii tramvai,constructor linii tramvai,7,71,711,7119
711909,drenor canalist,drenor canalist,7,71,711,7119
711910,fascinar,fascinar,7,71,711,7119
711911,finisor terasamente,finisor terasamente,7,71,711,7119
711912,muncitor hidrogeolog,muncitor hidrogeolog,7,71,711,7119
711913,"muncitor constructor șenal navigabil, lucrări hidrotehnice și portuare",muncitor constructor senal navigabil lucrari hidrotehnice si portuare,7,71,711,7119
711914,"șef echipă întreținere poduri metalice, viaducte și tuneluri",sef echipa intretinere poduri metalice viaducte si tuneluri,7,71,711,7119
711915,agent hidrotehnic,agent hidrotehnic,7,71,711,7119
711916,revizor cale sau puncte periculoase,revizor cale sau puncte periculoase,7,71,711,7119
711917,meseriaș întreținere cale,meserias intretinere cale,7,71,711,7119
711918,șef echipă întreținere cale,sef echipa intretinere cale,7,71,711,7119
711919,"meseriaș întreținere poduri metalice, viaducte și tuneluri",meserias intretinere poduri metalice viaducte si tuneluri,7,71,711,7119
711920,alpinist utilitar,alpinist utilitar,7,71,711,7119
711921,laborant determinări fizico-mecanice pentru lucrări de drumuri și poduri,laborant determinari fizico mecanice pentru lucrari de drumuri si poduri,7,71,711,7119
711922,șef echipă întreținere cale metrou,sef echipa intretinere cale metrou,7,71,711,7119
711923,șef echipă lucrări artă metrou,sef echipa lucrari arta metrou,7,71,711,7119
711924,lucrător pentru drumuri și căi ferate,lucrator pentru drumuri si cai ferate,7,71,711,7119
711925,muncitor în tăieri structuri cu scule diamantate,muncitor in taieri structuri cu scule diamantate,7,71,711,7119
711926,speolog utilitar,speolog utilitar,7,71,711,7119
712101,"acoperitor-învelitor țiglă, azbociment, tablă",acoperitor invelitor tigla azbociment tabla,7,71,712,7121
712102,constructor de acoperișuri,constructor de acoperisuri,7,71,712,7121
712201,faianțar,faiantar,7,71,712,7122
712202,montator placaje interioare și exterioare,montator placaje interioare si exterioare,7,71,712,7122
712203,mozaicar (exclusiv restaurator),mozaicar exclusiv restaurator,7,71,712,7122
712204,parchetar,parchetar,7,71,712,7122
712205,mozaicar restaurator,mozaicar restaurator,7,71,712,7122
712206,linolist,linolist,7,71,712,7122
712207,montator placaje uscate,montator placaje uscate,7,71,712,7122
712301,ipsosar (exclusiv restaurator),ipsosar exclusiv restaurator,7,71,712,7123
712302,turnător ornamentalist,turnator ornamentalist,7,71,712,7123
712303,ipsosar restaurator ornamente din ipsos,ipsosar restaurator ornamente din ipsos,7,71,712,7123
712401,izolator fonic,izolator fonic,7,71,712,7124
712402,izolator frigorific,izolator frigorific,7,71,712,7124
712403,izolator hidrofug,izolator hidrofug,7,71,712,7124
712404,izolator lucrări speciale (antiacide și de protecție),izolator lucrari speciale antiacide si de protectie,7,71,712,7124
712405,izolator termic,izolator termic,7,71,712,7124
712406,montator pereți și plafoane din ghips-carton,montator pereti si plafoane din ghips carton,7,71,712,7124
712407,asamblator-montator profile aluminiu și geam termopan,asamblator montator profile aluminiu si geam termopan,7,71,712,7124
712408,confecționer vitraje izolante,confectioner vitraje izolante,7,71,712,7124
712409,confecționer tâmplărie din aluminiu și mase plastice,confectioner tamplarie din aluminiu si mase plastice,7,71,712,7124
712410,montator sisteme tâmplărie termoizolantă,montator sisteme tamplarie termoizolanta,7,71,712,7124
712411,confecționer-montator tâmplărie cu vitraj izolant,confectioner montator tamplarie cu vitraj izolant,7,71,712,7124
712412,montator materiale geosintetice,montator materiale geosintetice,7,71,712,7124
712413,sudor geomembrană,sudor geomembrana,7,71,712,7124
712414,montator geogrile,montator geogrile,7,71,712,7124
712415,montator materiale geotextile și geocompozite,montator materiale geotextile si geocompozite,7,71,712,7124
712416,montator sisteme opace de termoizolare pentru clădiri,montator sisteme opace de termoizolare pentru cladiri,7,71,712,7124
712501,geamgiu,geamgiu,7,71,712,7125
712601,detector pierderi apă și gaze,detector pierderi apa si gaze,7,71,712,7126
712602,"instalator apă, canal",instalator apa canal,7,71,712,7126
712603,instalator frigotehnist,instalator frigotehnist,7,71,712,7126
712604,instalator încălzire centrală și gaze,instalator incalzire centrala si gaze,7,71,712,7126
712605,instalator rețele de distribuție/ transport fluide,instalator retele de distributie transport fluide,7,71,712,7126
712606,instalator ventilare și condiționare aer,instalator ventilare si conditionare aer,7,71,712,7126
712607,verificator canale subterane,verificator canale subterane,7,71,712,7126
712608,instalator centrale termice,instalator centrale termice,7,71,712,7126
712609,instalator instalații tehnico-sanitare și de gaze,instalator instalatii tehnico sanitare si de gaze,7,71,712,7126
712610,instalator autorizat proiectare execuție și/ sau exploatare obiectiv/ sisteme de transport și înmagazinare-stocare,instalator autorizat proiectare executie si sau exploatare obiectiv sisteme de transport si inmagazinare stocare,7,71,712,7126
712611,instalator autorizat proiectare execuție și/ sau exploatare obiectiv/ sisteme de distribuție,instalator autorizat proiectare executie si sau exploatare obiectiv sisteme de distributie,7,71,712,7126
712612,instalator rețele termice și sanitare,instalator retele termice si sanitare,7,71,712,7126
712613,operator instalații apă și canalizare,operator instalatii apa si canalizare,7,71,712,7126
712614,instalator pentru pompe de căldură,instalator pentru pompe de caldura,7,71,712,7126
712615,instalator pentru sisteme geotermale,instalator pentru sisteme geotermale,7,71,712,7126
712701,frigoriferist (frigotehnist),frigoriferist frigotehnist,7,71,712,7127
713101,tapetar,tapetar,7,71,713,7131
713102,zugrav,zugrav,7,71,713,7131
713103,stucaturist,stucaturist,7,71,713,7131
713104,ignifugator,ignifugator,7,71,713,7131
713105,operator termoprotecție,operator termoprotectie,7,71,713,7131
713201,lăcuitor lemn,lacuitor lemn,7,71,713,7132
713202,vopsitor industrial,vopsitor industrial,7,71,713,7132
713203,finisor-lăcuitor lemn,finisor lacuitor lemn,7,71,713,7132
713204,vopsitor,vopsitor,7,71,713,7132
713205,vopsitor auto,vopsitor auto,7,71,713,7132
713301,coșar,cosar,7,71,713,7133
713302,curățitor de fațade,curatitor de fatade,7,71,713,7133
721101,modelier lemn,modelier lemn,7,72,721,7211
721102,modelier metal,modelier metal,7,72,721,7211
721103,modelator-miezuitor,modelator miezuitor,7,72,721,7211
721104,modelier naval,modelier naval,7,72,721,7211
721105,operator la mașini de brichetat șpan,operator la masini de brichetat span,7,72,721,7211
721106,pregătitor metale vechi pentru retopire,pregatitor metale vechi pentru retopire,7,72,721,7211
721107,recuperator metale vechi,recuperator metale vechi,7,72,721,7211
721108,topitor aliaje tipografie,topitor aliaje tipografie,7,72,721,7211
721109,topitor fontă și neferoase,topitor fonta si neferoase,7,72,721,7211
721110,"topitor, turnător metale și aliaje neferoase",topitor turnator metale si aliaje neferoase,7,72,721,7211
721111,turnător fontă pe bandă,turnator fonta pe banda,7,72,721,7211
721112,turnător formator,turnator formator,7,72,721,7211
721113,turnător pregătitor oțelărie,turnator pregatitor otelarie,7,72,721,7211
721114,turnător modelier,turnator modelier,7,72,721,7211
721115,turnător metale și neferoase,turnator metale si neferoase,7,72,721,7211
721116,modelor prototipuri auto,modelor prototipuri auto,7,72,721,7211
721201,brazor,brazor,7,72,721,7212
721202,sudor manual cu flacără de gaze,sudor manual cu flacara de gaze,7,72,721,7212
721203,sudor manual cu arc electric,sudor manual cu arc electric,7,72,721,7212
721204,sudor cu arc electric acoperit sub strat de flux,sudor cu arc electric acoperit sub strat de flux,7,72,721,7212
721205,operator tăiere,operator taiere,7,72,721,7212
721206,sudor cu arc electric cu electrod fuzibil în mediu de gaz protector,sudor cu arc electric cu electrod fuzibil in mediu de gaz protector,7,72,721,7212
721207,sudor cu arc electric cu electrod nefuzibil în mediu de gaz protector,sudor cu arc electric cu electrod nefuzibil in mediu de gaz protector,7,72,721,7212
721208,sudor,sudor,7,72,721,7212
721301,cazangiu recipiente,cazangiu recipiente,7,72,721,7213
721302,"probator hidraulic cazane, țevi, recipiente",probator hidraulic cazane tevi recipiente,7,72,721,7213
721303,tinichigiu carosier,tinichigiu carosier,7,72,721,7213
721304,tinichigiu industrial,tinichigiu industrial,7,72,721,7213
721305,tinichigiu de șantier,tinichigiu de santier,7,72,721,7213
721306,tinichigiu structurist de aviație,tinichigiu structurist de aviatie,7,72,721,7213
721307,cazangiu țevar,cazangiu tevar,7,72,721,7213
721308,cazangiu formator,cazangiu formator,7,72,721,7213
721309,tinichigiu restaurator,tinichigiu restaurator,7,72,721,7213
721310,tinichigiu sisteme de acoperișuri și învelitori,tinichigiu sisteme de acoperisuri si invelitori,7,72,721,7213
721311,tinichigiu sisteme de ventilație,tinichigiu sisteme de ventilatie,7,72,721,7213
721312,tinichigiu în construcții,tinichigiu in constructii,7,72,721,7213
721401,finisor cocleți,finisor cocleti,7,72,721,7214
721402,finisor ace și accesorii,finisor ace si accesorii,7,72,721,7214
721403,confecționer capace de carde,confectioner capace de carde,7,72,721,7214
721404,confecționer cocleți,confectioner cocleti,7,72,721,7214
721405,confecționer plase din sârmă,confectioner plase din sarma,7,72,721,7214
721406,formator țevi prin sudare,formator tevi prin sudare,7,72,721,7214
721407,lăcătuș construcții metalice și navale,lacatus constructii metalice si navale,7,72,721,7214
721408,lăcătuș de mină,lacatus de mina,7,72,721,7214
721409,lăcătuș revizie vagoane,lacatus revizie vagoane,7,72,721,7214
721410,lăcătuș mecanic,lacatus mecanic,7,72,721,7214
721411,lăcătuș-montator,lacatus montator,7,72,721,7214
721412,presator metale la rece,presator metale la rece,7,72,721,7214
721413,recondiționer scule și utilaje petroliere,reconditioner scule si utilaje petroliere,7,72,721,7214
721414,șanfrenator,sanfrenator,7,72,721,7214
721415,"pregătitor, montator, reparator ițe, cocleți, lamele, spete",pregatitor montator reparator ite cocleti lamele spete,7,72,721,7214
721416,repasator garnituri carde,repasator garnituri carde,7,72,721,7214
721417,tubulator naval,tubulator naval,7,72,721,7214
721418,mașinist la litografiat și vernisat tablă,masinist la litografiat si vernisat tabla,7,72,721,7214
721419,mașinist la confecționarea ambalajelor metalice,masinist la confectionarea ambalajelor metalice,7,72,721,7214
721420,mașinist la confecționarea tuburilor de aluminiu,masinist la confectionarea tuburilor de aluminiu,7,72,721,7214
721421,constructor-montator de structuri metalice,constructor montator de structuri metalice,7,72,721,7214
721422,mașinist la fabricarea acelor și accesoriilor,masinist la fabricarea acelor si accesoriilor,7,72,721,7214
721423,nituitor,nituitor,7,72,721,7214
721424,lăcătuș mecanic de întreținere și reparații universale,lacatus mecanic de intretinere si reparatii universale,7,72,721,7214
721425,mașinist la confecționarea spetelor și spiralelor,masinist la confectionarea spetelor si spiralelor,7,72,721,7214
721426,montator-ajustor spete,montator ajustor spete,7,72,721,7214
721427,lipitor și protejator spete,lipitor si protejator spete,7,72,721,7214
721430,lăcătuș-depanator utilaje calcul,lacatus depanator utilaje calcul,7,72,721,7214
721431,operator la montarea și conservarea produselor după probe,operator la montarea si conservarea produselor dupa probe,7,72,721,7214
721432,schelar,schelar,7,72,721,7214
721433,confecționer-montator structuri metalice pentru construcții,confectioner montator structuri metalice pentru constructii,7,72,721,7214
721434,montator fațade și pereți cortină,montator fatade si pereti cortina,7,72,721,7214
721435,mecanic operator,mecanic operator,7,72,721,7214
721436,lucrător în lăcătușerie mecanică structuri,lucrator in lacatuserie mecanica structuri,7,72,721,7214
721501,mecanic-montator instalații cu cablu în silvicultură și exploatări forestiere,mecanic montator instalatii cu cablu in silvicultura si exploatari forestiere,7,72,721,7215
722101,forjor-matrițer,forjor matriter,7,72,722,7221
722102,prelucrător mecanic metale prețioase,prelucrator mecanic metale pretioase,7,72,722,7221
722103,presator piese din pulberi metalice,presator piese din pulberi metalice,7,72,722,7221
722104,ștanțator,stantator,7,72,722,7221
722105,"presator, ambutisor la cald",presator ambutisor la cald,7,72,722,7221
722106,forjor manual,forjor manual,7,72,722,7221
722107,forjor-arcurar,forjor arcurar,7,72,722,7221
722108,forjor mecanic,forjor mecanic,7,72,722,7221
722110,preparator pulberi,preparator pulberi,7,72,722,7221
722111,cuptorar-termist pentru ferite,cuptorar termist pentru ferite,7,72,722,7221
722112,fierar/ potcovar,fierar potcovar,7,72,722,7221
722113,formator-presator ferite,formator presator ferite,7,72,722,7221
722114,finisor ferite,finisor ferite,7,72,722,7221
722115,controlor de calitate la forjare,controlor de calitate la forjare,7,72,722,7221
722116,controlor de calitate la turnare,controlor de calitate la turnare,7,72,722,7221
722117,debitator-eboșator,debitator ebosator,7,72,722,7221
722118,dusisator-polizator,dusisator polizator,7,72,722,7221
722201,lăcătuș SDV,lacatus sdv,7,72,722,7222
722202,sculer-matrițer,sculer matriter,7,72,722,7222
722203,lăcătuș AMC,lacatus amc,7,72,722,7222
722204,lăcătuș mecanică fină,lacatus mecanica fina,7,72,722,7222
722205,prelucrător prin electroeroziune,prelucrator prin electroeroziune,7,72,722,7222
722206,lăcătuș la prelucrarea și îndreptarea țevilor ghintuite,lacatus la prelucrarea si indreptarea tevilor ghintuite,7,72,722,7222
722207,lăcătuș construcții structuri aeronave,lacatus constructii structuri aeronave,7,72,722,7222
722301,"reglor la mașini pentru fabricarea cablurilor, conductorilor electrici și materialelor electrice",reglor la masini pentru fabricarea cablurilor conductorilor electrici si materialelor electrice,7,72,722,7223
722302,reglor la mașini pentru confecționarea elementelor galvanice,reglor la masini pentru confectionarea elementelor galvanice,7,72,722,7223
722303,reglor benzi montaj,reglor benzi montaj,7,72,722,7223
722304,mașinist la linii automate așchietoare,masinist la linii automate aschietoare,7,72,722,7223
722305,reglor mașini de bobinat și platinat,reglor masini de bobinat si platinat,7,72,722,7223
722306,reglor la mașini de prelucrare mase plastice,reglor la masini de prelucrare mase plastice,7,72,722,7223
722307,reglor mașini-unelte,reglor masini unelte,7,72,722,7223
722308,reglor-montator,reglor montator,7,72,722,7223
722309,reglor la mașini pentru fabricarea lămpilor electrice,reglor la masini pentru fabricarea lampilor electrice,7,72,722,7223
722310,reglor și reglor-conductor la mașini-unelte,reglor si reglor conductor la masini unelte,7,72,722,7223
722311,conductor de instalații,conductor de instalatii,7,72,722,7223
722312,operator la mașini-unelte semiautomate și automate,operator la masini unelte semiautomate si automate,7,72,722,7223
722313,dozator la fabricarea electrozilor de sudură,dozator la fabricarea electrozilor de sudura,7,72,722,7223
722314,mașinist la lame de mașini pentru automate așchietoare,masinist la lame de masini pentru automate aschietoare,7,72,722,7223
722315,degresator-imersioner,degresator imersioner,7,72,722,7223
722316,uscător electrozi de sudură,uscator electrozi de sudura,7,72,722,7223
722317,mașinist la mașini speciale fără așchiere,masinist la masini speciale fara aschiere,7,72,722,7223
722318,preparator amestec de înveliș,preparator amestec de invelis,7,72,722,7223
722319,pregătitor sârmă,pregatitor sarma,7,72,722,7223
722320,finisator electrozi de sudură,finisator electrozi de sudura,7,72,722,7223
722321,mașinist la mașini speciale de așchiere,masinist la masini speciale de aschiere,7,72,722,7223
722322,mașinist la confecționarea tuburilor de protecție și a dozelor de ramificație,masinist la confectionarea tuburilor de protectie si a dozelor de ramificatie,7,72,722,7223
722323,operator la mașini-unelte cu comandă numerică,operator la masini unelte cu comanda numerica,7,72,722,7223
722324,operator la mașini de electroeroziune automate,operator la masini de electroeroziune automate,7,72,722,7223
722401,ascuțitor laminate la cald,ascutitor laminate la cald,7,72,722,7224
722402,ascuțitor laminate la rece,ascutitor laminate la rece,7,72,722,7224
722403,ascuțitor-călitor garnituri de carde,ascutitor calitor garnituri de carde,7,72,722,7224
722404,"ascuțitor scule, instrumente medicale și obiecte de uz casnic",ascutitor scule instrumente medicale si obiecte de uz casnic,7,72,722,7224
722405,debitator-șlefuitor perii de mașini electrice,debitator slefuitor perii de masini electrice,7,72,722,7224
722406,polizator,polizator,7,72,722,7224
722407,șlefuitor metale,slefuitor metale,7,72,722,7224
722408,frezor universal,frezor universal,7,72,722,7224
722409,găuritor- filetator,gauritor filetator,7,72,722,7224
722410,"honuitor, rodator-lepuitor",honuitor rodator lepuitor,7,72,722,7224
722411,rabotor-mortezor universal,rabotor mortezor universal,7,72,722,7224
722412,rectificator universal,rectificator universal,7,72,722,7224
722413,strungar universal,strungar universal,7,72,722,7224
722414,broșator,brosator,7,72,722,7224
722415,frezor la mașini roți dințate,frezor la masini roti dintate,7,72,722,7224
722416,gravor mecanic,gravor mecanic,7,72,722,7224
722417,rabotor-mortezor roți dințate,rabotor mortezor roti dintate,7,72,722,7224
722418,rectificator dantură caneluri,rectificator dantura caneluri,7,72,722,7224
722419,strungar la strung paralel și de detalonat,strungar la strung paralel si de detalonat,7,72,722,7224
722420,strungar la strung revolver,strungar la strung revolver,7,72,722,7224
722421,strungar la strung carusel,strungar la strung carusel,7,72,722,7224
722422,strungar la mașini orizontale,strungar la masini orizontale,7,72,722,7224
722423,strungar la mașini de alezat,strungar la masini de alezat,7,72,722,7224
722424,strungar la mașini de prelucrat în coordonate,strungar la masini de prelucrat in coordonate,7,72,722,7224
722425,strungar la mașini de strunjit roți căi ferate,strungar la masini de strunjit roti cai ferate,7,72,722,7224
722426,rectificator piese producătoare de ochiuri,rectificator piese producatoare de ochiuri,7,72,722,7224
722427,șlefuitor metale cu plumb industria de armament,slefuitor metale cu plumb industria de armament,7,72,722,7224
722428,debitator semifabricate,debitator semifabricate,7,72,722,7224
722429,curățitor-sablator,curatitor sablator,7,72,722,7224
723101,electrician auto,electrician auto,7,72,723,7231
723102,electromecanic auto,electromecanic auto,7,72,723,7231
723103,mecanic auto,mecanic auto,7,72,723,7231
723104,operator standuri încercări,operator standuri incercari,7,72,723,7231
723105,operator pregătire încercări vehicule,operator pregatire incercari vehicule,7,72,723,7231
723201,mecanic aviație,mecanic aviatie,7,72,723,7232
723301,lăcătuș-montator agregate energetice și de transport,lacatus montator agregate energetice si de transport,7,72,723,7233
723302,mecanic utilaj,mecanic utilaj,7,72,723,7233
723303,mecanic agricol,mecanic agricol,7,72,723,7233
723304,motorist,motorist,7,72,723,7233
723305,ungător-gresor,ungator gresor,7,72,723,7233
723306,"operator în verificarea, reîncărcarea și repararea stingătoarelor de incendiu",operator in verificarea reincarcarea si repararea stingatoarelor de incendiu,7,72,723,7233
723307,mecanic întreținere și reparații mașini de cusut industriale,mecanic intretinere si reparatii masini de cusut industriale,7,72,723,7233
723308,"operator în verificarea, întreținerea și repararea autospecialelor destinate apărării împotriva incendiilor",operator in verificarea intretinerea si repararea autospecialelor destinate apararii impotriva incendiilor,7,72,723,7233
723309,mecanic mașini agricole,mecanic masini agricole,7,72,723,7233
723310,mecanic trolist,mecanic trolist,7,72,723,7233
723311,"mecanic întreținere și reparații utilaje din industria textilă, confecții și încălțăminte",mecanic intretinere si reparatii utilaje din industria textila confectii si incaltaminte,7,72,723,7233
731101,AMC-ist,amc ist,7,73,731,7311
731102,armurier,armurier,7,73,731,7311
731103,"blocator, chituitor, deblocator",blocator chituitor deblocator,7,73,731,7311
731104,ceasornicar,ceasornicar,7,73,731,7311
731105,"centrator, debordator piese optice",centrator debordator piese optice,7,73,731,7311
731106,"centrator, finisor aparate optice",centrator finisor aparate optice,7,73,731,7311
731107,"degresator, curățător piese și aparate optice",degresator curatator piese si aparate optice,7,73,731,7311
731108,lipitor lentile și prisme,lipitor lentile si prisme,7,73,731,7311
731109,montator aparatură optică,montator aparatura optica,7,73,731,7311
731110,optician,optician,7,73,731,7311
731111,optician armament,optician armament,7,73,731,7311
731112,confecționer seringi,confectioner seringi,7,73,731,7311
731113,presator piese optice,presator piese optice,7,73,731,7311
731114,reparator aparate foto,reparator aparate foto,7,73,731,7311
731115,"reparator stilouri, brichete",reparator stilouri brichete,7,73,731,7311
731116,reparator umbrele,reparator umbrele,7,73,731,7311
731117,gravor piese optice,gravor piese optice,7,73,731,7311
731118,tratamentist piese optice,tratamentist piese optice,7,73,731,7311
731119,"metrolog și depanator mecanică fină, tehnică digitală și analogică (MFTDA)",metrolog si depanator mecanica fina tehnica digitala si analogica mftda,7,73,731,7311
731120,metrolog verificator,metrolog verificator,7,73,731,7311
731201,"acordor acordeoane, armonici",acordor acordeoane armonici,7,73,731,7312
731202,"acordor piane, pianine, orgă, țambal",acordor piane pianine orga tambal,7,73,731,7312
731205,constructor claviatură,constructor claviatura,7,73,731,7312
731206,constructor-reparator de acordeoane și armonici,constructor reparator de acordeoane si armonici,7,73,731,7312
731207,"constructor-reparator de alte instrumente muzicale (suflat, percuție)",constructor reparator de alte instrumente muzicale suflat percutie,7,73,731,7312
731208,filator corzi pentru piane,filator corzi pentru piane,7,73,731,7312
731209,montator corp sonor la piane,montator corp sonor la piane,7,73,731,7312
731210,montator-reglor piane,montator reglor piane,7,73,731,7312
731211,montator-ajustor de acordeoane,montator ajustor de acordeoane,7,73,731,7312
731212,lutier,lutier,7,73,731,7312
731213,constructor restaurator de orgi,constructor restaurator de orgi,7,73,731,7312
731301,argintar,argintar,7,73,731,7313
731302,bijutier metale prețioase,bijutier metale pretioase,7,73,731,7313
731303,cizelator,cizelator,7,73,731,7313
731304,cizelator clișee galvanice,cizelator clisee galvanice,7,73,731,7313
731305,"confecționer ștampile de cauciuc, metal, facsimile",confectioner stampile de cauciuc metal facsimile,7,73,731,7313
731306,gravor manual,gravor manual,7,73,731,7313
731307,țintuitor,tintuitor,7,73,731,7313
731308,bijutier metale comune,bijutier metale comune,7,73,731,7313
731309,giuvaergiu,giuvaergiu,7,73,731,7313
731310,șlefuitor diamante naturale,slefuitor diamante naturale,7,73,731,7313
731311,maistru bijutier,maistru bijutier,7,73,731,7313
731401,aplicator de detalii la produse din ceramică,aplicator de detalii la produse din ceramica,7,73,731,7314
731402,debavurator-retușor la produse din ceramică fină,debavurator retusor la produse din ceramica fina,7,73,731,7314
731403,turnător produse ceramice,turnator produse ceramice,7,73,731,7314
731404,fasonator produse ceramice,fasonator produse ceramice,7,73,731,7314
731405,glazurator produse din ceramică fină,glazurator produse din ceramica fina,7,73,731,7314
731406,modelator ceramică,modelator ceramica,7,73,731,7314
731407,olar ceramică (artizanat),olar ceramica artizanat,7,73,731,7314
731408,preparator mase ceramice,preparator mase ceramice,7,73,731,7314
731409,presator produse ceramice,presator produse ceramice,7,73,731,7314
731411,șlefuitor produse din ceramică fină,slefuitor produse din ceramica fina,7,73,731,7314
731501,brigadier la fabricarea sticlei,brigadier la fabricarea sticlei,7,73,731,7315
731502,modelator tuburi spectrale,modelator tuburi spectrale,7,73,731,7315
731503,"trăgător, șlefuitor, gradator nivele",tragator slefuitor gradator nivele,7,73,731,7315
731504,prelucrător topitură sticlă la presă,prelucrator topitura sticla la presa,7,73,731,7315
731505,prelucrător topitură sticlă la țeavă,prelucrator topitura sticla la teava,7,73,731,7315
731601,pictor decor,pictor decor,7,73,731,7316
731602,gradator vase și aparate de laborator,gradator vase si aparate de laborator,7,73,731,7316
731603,gravor produse de sticlă,gravor produse de sticla,7,73,731,7316
731604,inscripționer pe produse de sticlă și ceramică,inscriptioner pe produse de sticla si ceramica,7,73,731,7316
731605,pictor pe sticlă și ceramică,pictor pe sticla si ceramica,7,73,731,7316
731606,oglindar,oglindar,7,73,731,7316
731607,emailator manual/artizan,emailator manual artizan,7,73,731,7316
731701,"confecționer piese, linguri, spițe, albii, donițe, cozi de unelte, șindrilă, ciubere",confectioner piese linguri spite albii donite cozi de unelte sindrila ciubere,7,73,731,7317
731702,confecționer jucării,confectioner jucarii,7,73,731,7317
731703,confecționer obiecte artizanale din lemn,confectioner obiecte artizanale din lemn,7,73,731,7317
731704,confecționer plute,confectioner plute,7,73,731,7317
731705,confecționer garnituri pentru etanșare,confectioner garnituri pentru etansare,7,73,731,7317
731706,pirogravor,pirogravor,7,73,731,7317
731707,rămar poleitor,ramar poleitor,7,73,731,7317
731708,sculptor în lemn,sculptor in lemn,7,73,731,7317
731709,confecționer cretă școlară,confectioner creta scolara,7,73,731,7317
731710,traforator manual lemn,traforator manual lemn,7,73,731,7317
731711,dogar manual,dogar manual,7,73,731,7317
731712,rotar caretaș,rotar caretas,7,73,731,7317
731713,lumânărar,lumanarar,7,73,731,7317
731714,"confecționer cuțite, brice, brățări, andrele, agrafe, inele",confectioner cutite brice bratari andrele agrafe inele,7,73,731,7317
731715,"confecționer nasturi, piepteni",confectioner nasturi piepteni,7,73,731,7317
731716,confecționer obiecte casnice din deșeuri de aluminiu și alte metale,confectioner obiecte casnice din deseuri de aluminiu si alte metale,7,73,731,7317
731717,confecționer obiecte din ipsos,confectioner obiecte din ipsos,7,73,731,7317
731718,"confecționer obiecte din os, scoică, mică etc.",confectioner obiecte din os scoica mica etc,7,73,731,7317
731719,confecționer corzi din intestine,confectioner corzi din intestine,7,73,731,7317
731720,încadrator tablouri,incadrator tablouri,7,73,731,7317
731721,confecționer materiale didactice pentru științele naturii,confectioner materiale didactice pentru stiintele naturii,7,73,731,7317
731722,"confecționer bidinele, pensule, perii",confectioner bidinele pensule perii,7,73,731,7317
731723,confecționer mături,confectioner maturi,7,73,731,7317
731724,împletitor de nuiele,impletitor de nuiele,7,73,731,7317
731725,împletitor obiecte din foi de porumb,impletitor obiecte din foi de porumb,7,73,731,7317
731726,împletitor papură,impletitor papura,7,73,731,7317
731727,legător de păr,legator de par,7,73,731,7317
731728,"sortator, spălător păr",sortator spalator par,7,73,731,7317
731729,prelucrător de păr la mașină,prelucrator de par la masina,7,73,731,7317
731730,prelucrător manual de păr,prelucrator manual de par,7,73,731,7317
731731,împletitor din panglică împletită,impletitor din panglica impletita,7,73,731,7317
731732,pieptănător de păr la mașină,pieptanator de par la masina,7,73,731,7317
731733,fierbător-uscător de păr,fierbator uscator de par,7,73,731,7317
731801,confecționer plase pescărești,confectioner plase pescaresti,7,73,731,7318
731802,confecționer articole hârtie,confectioner articole hartie,7,73,731,7318
731803,confecționer bibelouri din Jenille,confectioner bibelouri din jenille,7,73,731,7318
731804,decorator în piele,decorator in piele,7,73,731,7318
731805,velator-matisor,velator matisor,7,73,731,7318
731806,confecționer manual de produse din sfori sau frânghii,confectioner manual de produse din sfori sau franghii,7,73,731,7318
731807,ghemuitor,ghemuitor,7,73,731,7318
731808,polierator frânghii,polierator franghii,7,73,731,7318
731809,cablator frânghii,cablator franghii,7,73,731,7318
731810,saluzitor frânghii,saluzitor franghii,7,73,731,7318
731811,confecționer unelte pescuit din plase,confectioner unelte pescuit din plase,7,73,731,7318
731812,confecționer îmbrăcare volane în piele,confectioner imbracare volane in piele,7,73,731,7318
731813,prelucrător de fulgi și pene,prelucrator de fulgi si pene,7,73,731,7318
731814,filator,filator,7,73,731,7318
731815,ajutor maistru filator,ajutor maistru filator,7,73,731,7318
731816,țesător,tesator,7,73,731,7318
731817,tricoter manual,tricoter manual,7,73,731,7318
731818,"ajutor maistru țesător, tricoter",ajutor maistru tesator tricoter,7,73,731,7318
731819,croșetor,crosetor,7,73,731,7318
731820,împletitor textile,impletitor textile,7,73,731,7318
731821,confecționer prețuri,confectioner preturi,7,73,731,7318
731822,țesător restaurator manual covoare,tesator restaurator manual covoare,7,73,731,7318
731823,pregătitor și confecționer cataloage mostre,pregatitor si confectioner cataloage mostre,7,73,731,7318
731824,confecționer tricotaje după comandă,confectioner tricotaje dupa comanda,7,73,731,7318
731825,"finisor textile (vopsitor, imprimeur)",finisor textile vopsitor imprimeur,7,73,731,7318
731826,repasator,repasator,7,73,731,7318
731827,aburitor textile,aburitor textile,7,73,731,7318
731828,reparator covoare,reparator covoare,7,73,731,7318
731829,țesător manual,tesator manual,7,73,731,7318
731830,cusător mănuși piele,cusator manusi piele,7,73,731,7318
731831,croitor mănuși piele,croitor manusi piele,7,73,731,7318
731832,finisor mănuși piele,finisor manusi piele,7,73,731,7318
731833,croitor-ștanțator articole marochinărie,croitor stantator articole marochinarie,7,73,731,7318
731834,cusător articole marochinărie,cusator articole marochinarie,7,73,731,7318
731835,pregătitor articole marochinărie,pregatitor articole marochinarie,7,73,731,7318
731836,asamblator-montator articole marochinărie,asamblator montator articole marochinarie,7,73,731,7318
731901,confecționer manual în metaloplastie,confectioner manual in metaloplastie,7,73,731,7319
731902,confecționer proteze dentare,confectioner proteze dentare,7,73,731,7319
731903,confecționer proteze ortopedice,confectioner proteze ortopedice,7,73,731,7319
731904,confecționer jaluzele,confectioner jaluzele,7,73,731,7319
731905,împletitor fibre plastice,impletitor fibre plastice,7,73,731,7319
731906,confecționer flori artificiale,confectioner flori artificiale,7,73,731,7319
732101,culegător la mașina de cules și turnat rânduri (linotipist),culegator la masina de cules si turnat randuri linotipist,7,73,732,7321
732102,culegător la mașina de perforat programe pentru mașinile de turnat text (monotastor),culegator la masina de perforat programe pentru masinile de turnat text monotastor,7,73,732,7321
732103,culegător la mașina de turnat rânduri pentru titluri (LUDLOV),culegator la masina de turnat randuri pentru titluri ludlov,7,73,732,7321
732104,culegător manual (zețar),culegator manual zetar,7,73,732,7321
732105,frezor-montator clișee,frezor montator clisee,7,73,732,7321
732106,stereotipar,stereotipar,7,73,732,7321
732109,zincograf,zincograf,7,73,732,7321
732110,copist formare tipar plan,copist formare tipar plan,7,73,732,7321
732111,desenator cromolitograf,desenator cromolitograf,7,73,732,7321
732112,șlefuitor-granulator,slefuitor granulator,7,73,732,7321
732113,gravor plăci metalice,gravor placi metalice,7,73,732,7321
732114,gravor plăci litografice,gravor placi litografice,7,73,732,7321
732115,fotogravor,fotogravor,7,73,732,7321
732117,manipulant cutter-plotter,manipulant cutter plotter,7,73,732,7321
732201,tipograf turnător la mașinile de turnat text,tipograf turnator la masinile de turnat text,7,73,732,7322
732202,imprimeur textil,imprimeur textil,7,73,732,7322
732203,imprimator serigraf,imprimator serigraf,7,73,732,7322
732204,tăietor matrițe serigrafie,taietor matrite serigrafie,7,73,732,7322
732205,serigraf,serigraf,7,73,732,7322
732206,operator presă de transfer termic,operator presa de transfer termic,7,73,732,7322
732207,tipograf-tipăritor,tipograf tiparitor,7,73,732,7322
732208,dactilo-rotaprint,dactilo rotaprint,7,73,732,7322
732209,operator la mașina electronică de gravat,operator la masina electronica de gravat,7,73,732,7322
732210,operator la mașinile de fotoculegere (monofoto),operator la masinile de fotoculegere monofoto,7,73,732,7322
732211,operator tipărituri Braille,operator tiparituri braille,7,73,732,7322
732212,heliografist,heliografist,7,73,732,7322
732213,operator xerox,operator xerox,7,73,732,7322
732214,operator mașini multiplicat,operator masini multiplicat,7,73,732,7322
732215,tipograf print digital și offset,tipograf print digital si offset,7,73,732,7322
732216,operator la mașina de gravat și decupat cu laser,operator la masina de gravat si decupat cu laser,7,73,732,7322
732217,operator la mașina de tampografiat,operator la masina de tampografiat,7,73,732,7322
732218,tipograf flexograf,tipograf flexograf,7,73,732,7322
732301,legător manual (în poligrafie și ateliere speciale),legator manual in poligrafie si ateliere speciale,7,73,732,7323
732302,colator publicitar,colator publicitar,7,73,732,7323
732303,mașinist în legătorie mecanică,masinist in legatorie mecanica,7,73,732,7323
732304,strungar șlefuitor tipografie,strungar slefuitor tipografie,7,73,732,7323
741101,electrician în construcții,electrician in constructii,7,74,741,7411
741102,electrician de întreținere în construcții,electrician de intretinere in constructii,7,74,741,7411
741103,instalator pentru sisteme fotovoltaice solare,instalator pentru sisteme fotovoltaice solare,7,74,741,7411
741104,instalator pentru sisteme termice solare,instalator pentru sisteme termice solare,7,74,741,7411
741105,montator instalații solare,montator instalatii solare,7,74,741,7411
741106,electrician constructor montator aparataj și cabluri de joasă tensiune,electrician constructor montator aparataj si cabluri de joasa tensiune,7,74,741,7411
741107,electrician constructor montator aparataj și cabluri de medie și înaltă tensiune,electrician constructor montator aparataj si cabluri de medie si inalta tensiune,7,74,741,7411
741108,electrician constructor instalator aparatură de măsură și control,electrician constructor instalator aparatura de masura si control,7,74,741,7411
741109,electrician constructor pentru probe și încercări funcționale,electrician constructor pentru probe si incercari functionale,7,74,741,7411
741110,electrician în construcții civile și industriale,electrician in constructii civile si industriale,7,74,741,7411
741201,electrician echipamente electrice și energetice,electrician echipamente electrice si energetice,7,74,741,7412
741202,bobinator aparataj electric,bobinator aparataj electric,7,74,741,7412
741203,electromecanic reparator obiecte de uz casnic,electromecanic reparator obiecte de uz casnic,7,74,741,7412
741204,bobinator mașini electrice rotative,bobinator masini electrice rotative,7,74,741,7412
741205,electrician aparate măsură-control și automatizare în centrale termoelectrice și nuclearoelectrice,electrician aparate masura control si automatizare in centrale termoelectrice si nuclearoelectrice,7,74,741,7412
741206,"electrician montare și reparații aparataj electric de protecție, relee, automatizare",electrician montare si reparatii aparataj electric de protectie relee automatizare,7,74,741,7412
741207,bobinator condensatori pentru instalații electrice,bobinator condensatori pentru instalatii electrice,7,74,741,7412
741208,electrician verificări și măsurători electrice în centrale și rețele electrice,electrician verificari si masuratori electrice in centrale si retele electrice,7,74,741,7412
741209,bobinator transformatoare,bobinator transformatoare,7,74,741,7412
741210,montator/ reglor/ depanator de aparataj electric,montator reglor depanator de aparataj electric,7,74,741,7412
741211,"montator, reglor și depanator pentru aparate de măsură electrice și relee",montator reglor si depanator pentru aparate de masura electrice si relee,7,74,741,7412
741212,"montator, reglor și depanator de ascensoare",montator reglor si depanator de ascensoare,7,74,741,7412
741213,electrician nave,electrician nave,7,74,741,7412
741214,confecționer cablaje auto,confectioner cablaje auto,7,74,741,7412
741215,electromecanic mașini și echipamente electrice,electromecanic masini si echipamente electrice,7,74,741,7412
741216,electromecanic stație pompare apă-canal,electromecanic statie pompare apa canal,7,74,741,7412
741301,electrician exploatare centrale și stații electrice,electrician exploatare centrale si statii electrice,7,74,741,7413
741302,electrician exploatare rețele electrice,electrician exploatare retele electrice,7,74,741,7413
741303,electrician montare și reparații cabluri electrice subterane,electrician montare si reparatii cabluri electrice subterane,7,74,741,7413
741304,electrician montare și reparații linii electrice aeriene,electrician montare si reparatii linii electrice aeriene,7,74,741,7413
741305,"electrician montare și reparații echipament electric din centrale, stații și posturi de transformare electrice",electrician montare si reparatii echipament electric din centrale statii si posturi de transformare electrice,7,74,741,7413
741306,"electrician protecție relee, automatizări și măsurători electrice",electrician protectie relee automatizari si masuratori electrice,7,74,741,7413
741307,electrician de întreținere și reparații,electrician de intretinere si reparatii,7,74,741,7413
741308,electrician montator de instalații automatizate,electrician montator de instalatii automatizate,7,74,741,7413
741309,electrician montator de instalații electrice la mijloace de transport,electrician montator de instalatii electrice la mijloace de transport,7,74,741,7413
741310,electrician pentru protecția catodică,electrician pentru protectia catodica,7,74,741,7413
741311,electrician rural,electrician rural,7,74,741,7413
741312,electrician de mină,electrician de mina,7,74,741,7413
741313,electrician pentru utilizarea energiei electrice,electrician pentru utilizarea energiei electrice,7,74,741,7413
741314,electrician operator,electrician operator,7,74,741,7413
742101,electrician depanator utilaje calcul,electrician depanator utilaje calcul,7,74,742,7421
742102,electronist depanator utilaje calcul,electronist depanator utilaje calcul,7,74,742,7421
742103,plantator elemente electronice,plantator elemente electronice,7,74,742,7421
742104,"operator în verificarea, întreținerea și repararea instalațiilor speciale de prevenire și stingere a incendiilor",operator in verificarea intretinerea si repararea instalatiilor speciale de prevenire si stingere a incendiilor,7,74,742,7421
742105,"tehnician pentru sisteme și instalații de semnalizare, alarmare și alertare în caz de incendiu",tehnician pentru sisteme si instalatii de semnalizare alarmare si alertare in caz de incendiu,7,74,742,7421
742106,tehnician pentru sisteme și instalații de limitare și stingere a incendiilor,tehnician pentru sisteme si instalatii de limitare si stingere a incendiilor,7,74,742,7421
742201,automatist,automatist,7,74,742,7422
742202,"electromecanic SCB (semnalizare, centralizare, blocare)",electromecanic scb semnalizare centralizare blocare,7,74,742,7422
742203,electromecanic radio-radioficare,electromecanic radio radioficare,7,74,742,7422
742204,electromecanic rețele cabluri,electromecanic retele cabluri,7,74,742,7422
742205,electromecanic rețele linii,electromecanic retele linii,7,74,742,7422
742206,"electromecanic telegrafie, telefonie",electromecanic telegrafie telefonie,7,74,742,7422
742207,electronist telecomunicații,electronist telecomunicatii,7,74,742,7422
742208,jonctor,jonctor,7,74,742,7422
742209,linior,linior,7,74,742,7422
742210,"montator, reglor, testor aparatură de telecomunicații și instalații de semnalizare, centralizare și blocare",montator reglor testor aparatura de telecomunicatii si instalatii de semnalizare centralizare si blocare,7,74,742,7422
742211,electromecanic electroalimentare,electromecanic electroalimentare,7,74,742,7422
742212,muncitor radioelectronist,muncitor radioelectronist,7,74,742,7422
742213,electromecanic automatizări și telecomunicații,electromecanic automatizari si telecomunicatii,7,74,742,7422
742214,electromecanic,electromecanic,7,74,742,7422
742215,jonctor fibră optică,jonctor fibra optica,7,74,742,7422
742216,depanator telefoane mobile inteligente/tablete,depanator telefoane mobile inteligente tablete,7,74,742,7422
751101,carmangier,carmangier,7,75,751,7511
751102,ciontolitor tranșator carne,ciontolitor transator carne,7,75,751,7511
751103,măcelar,macelar,7,75,751,7511
751104,sterilizator,sterilizator,7,75,751,7511
751105,operator abatorizare păsări,operator abatorizare pasari,7,75,751,7511
751106,lucrător la prelucrarea peștelui,lucrator la prelucrarea pestelui,7,75,751,7511
751107,afumător carne,afumator carne,7,75,751,7511
751108,operator prelucrare inițială a păsărilor,operator prelucrare initiala a pasarilor,7,75,751,7511
751109,operator prelucrarea carcaselor de pasăre,operator prelucrarea carcaselor de pasare,7,75,751,7511
751110,operator sortare carcase de pasăre,operator sortare carcase de pasare,7,75,751,7511
751111,operator tranșare carcase de pasăre,operator transare carcase de pasare,7,75,751,7511
751201,brutar,brutar,7,75,751,7512
751202,cofetar,cofetar,7,75,751,7512
751203,patiser,patiser,7,75,751,7512
751204,preparator de semifabricate și preparate culinare,preparator de semifabricate si preparate culinare,7,75,751,7512
751205,operator la fabricarea produselor congelate de patiserie și panificație,operator la fabricarea produselor congelate de patiserie si panificatie,7,75,751,7512
751206,decorator produse cofetărie,decorator produse cofetarie,7,75,751,7512
751301,pasteurizator produse lactate,pasteurizator produse lactate,7,75,751,7513
751302,preparator produse lactate,preparator produse lactate,7,75,751,7513
751303,smântânitor,smantanitor,7,75,751,7513
751401,"preparator conserve, legume și fructe",preparator conserve legume si fructe,7,75,751,7514
751402,"uscător-deshidrator legume, fructe",uscator deshidrator legume fructe,7,75,751,7514
751403,"preparator castane, dovleac, porumb",preparator castane dovleac porumb,7,75,751,7514
751404,lucrător în procesarea de fructe de pădure și ciuperci de pădure,lucrator in procesarea de fructe de padure si ciuperci de padure,7,75,751,7514
751501,degustător,degustator,7,75,751,7515
751502,degustător de cafea,degustator de cafea,7,75,751,7515
751601,condiționer tutun pentru fabricarea țigaretelor,conditioner tutun pentru fabricarea tigaretelor,7,75,751,7516
752101,vopsitor lemn,vopsitor lemn,7,75,752,7521
752102,pregătitor paste chimice,pregatitor paste chimice,7,75,752,7521
752103,pregătitor plăci fibrolemnoase și hârtie pentru filme,pregatitor placi fibrolemnoase si hartie pentru filme,7,75,752,7521
752104,"uscător, aburitor material lemnos",uscator aburitor material lemnos,7,75,752,7521
752201,tâmplar universal,tamplar universal,7,75,752,7522
752202,tâmplar carosier,tamplar carosier,7,75,752,7522
752203,tâmplar manual/ artizanal,tamplar manual artizanal,7,75,752,7522
752204,marangoz-călăfătuitor,marangoz calafatuitor,7,75,752,7522
752205,asamblator lăzi,asamblator lazi,7,75,752,7522
752206,confecționer-montator produse din lemn,confectioner montator produse din lemn,7,75,752,7522
752207,curbător-montator butoaie din lemn,curbator montator butoaie din lemn,7,75,752,7522
752208,tâmplar manual la presare și încleiere,tamplar manual la presare si incleiere,7,75,752,7522
752209,corhănitor,corhanitor,7,75,752,7522
752210,tâmplar manual ajustor montator,tamplar manual ajustor montator,7,75,752,7522
752211,tâmplar manual la îmbinarea furnirelor,tamplar manual la imbinarea furnirelor,7,75,752,7522
752212,marangoz cală - tachelagiu,marangoz cala tachelagiu,7,75,752,7522
752213,"șlefuitor, lustruitor",slefuitor lustruitor,7,75,752,7522
752214,pregătitor suprafețe pentru lăcuit,pregatitor suprafete pentru lacuit,7,75,752,7522
752215,gardinator,gardinator,7,75,752,7522
752216,confecționer-montator cercuri la butoaie,confectioner montator cercuri la butoaie,7,75,752,7522
752217,decupator lamele din lemn pentru lăzi,decupator lamele din lemn pentru lazi,7,75,752,7522
752218,"preparator-dozator adezive, rășini, lacuri și emailuri în industria lemnului",preparator dozator adezive rasini lacuri si emailuri in industria lemnului,7,75,752,7522
752219,tâmplar restaurator,tamplar restaurator,7,75,752,7522
752220,restaurator șarpante și structuri din lemn,restaurator sarpante si structuri din lemn,7,75,752,7522
752221,tâmplar binale,tamplar binale,7,75,752,7522
752301,strungar în lemn,strungar in lemn,7,75,752,7523
752302,reglor mașini de prelucrat lemn,reglor masini de prelucrat lemn,7,75,752,7523
752303,tăietor de precizie în lemn,taietor de precizie in lemn,7,75,752,7523
752304,confecționer articole speciale din lemn,confectioner articole speciale din lemn,7,75,752,7523
752305,confecționer parchete,confectioner parchete,7,75,752,7523
752306,confecționer cutii chibrituri din furnir,confectioner cutii chibrituri din furnir,7,75,752,7523
752307,impregnator-uscător chibrituri,impregnator uscator chibrituri,7,75,752,7523
752308,confecționer gămălii chibrituri,confectioner gamalii chibrituri,7,75,752,7523
752309,mașinist la umplerea și închiderea cutiilor de chibrituri,masinist la umplerea si inchiderea cutiilor de chibrituri,7,75,752,7523
752310,pastator cutii chibrituri,pastator cutii chibrituri,7,75,752,7523
752311,fasonator calapoade,fasonator calapoade,7,75,752,7523
752312,montator accesorii pentru calapoade,montator accesorii pentru calapoade,7,75,752,7523
752313,finisor calapoade,finisor calapoade,7,75,752,7523
752314,circularist la tăiat lemne de foc,circularist la taiat lemne de foc,7,75,752,7523
752315,curbător lemn,curbator lemn,7,75,752,7523
752316,gradator rechizite și articole tehnice din lemn,gradator rechizite si articole tehnice din lemn,7,75,752,7523
752317,tâmplar mecanic la croit și dimensionat,tamplar mecanic la croit si dimensionat,7,75,752,7523
752318,tâmplar mecanic la rindeluit,tamplar mecanic la rindeluit,7,75,752,7523
752319,tâmplar mecanic la frezat și găurit,tamplar mecanic la frezat si gaurit,7,75,752,7523
752320,tâmplar mecanic la strunjit,tamplar mecanic la strunjit,7,75,752,7523
752321,tâmplar mecanic la șlefuit,tamplar mecanic la slefuit,7,75,752,7523
752322,confecționer mine pentru creioane,confectioner mine pentru creioane,7,75,752,7523
752323,înnobilator scândurele pentru creioane,innobilator scandurele pentru creioane,7,75,752,7523
752324,fasonator creioane și tocuri,fasonator creioane si tocuri,7,75,752,7523
752325,finisor creioane și tocuri,finisor creioane si tocuri,7,75,752,7523
752326,preparator paste chimice pentru chibrituri,preparator paste chimice pentru chibrituri,7,75,752,7523
752327,confecționer cutii de chibrituri din carton,confectioner cutii de chibrituri din carton,7,75,752,7523
752328,operator la mașini unelte cu comandă numerică în prelucrarea lemnului,operator la masini unelte cu comanda numerica in prelucrarea lemnului,7,75,752,7523
753101,croitor,croitor,7,75,753,7531
753102,"lenjer, confecționer lenjerie după comandă",lenjer confectioner lenjerie dupa comanda,7,75,753,7531
753103,confecționer pălării,confectioner palarii,7,75,753,7531
753104,ajutor maistru croitor,ajutor maistru croitor,7,75,753,7531
753105,plior confecții,plior confectii,7,75,753,7531
753106,modistă,modista,7,75,753,7531
753107,ceaprazar - șepcar,ceaprazar sepcar,7,75,753,7531
753108,curățitor - reparator pălării,curatitor reparator palarii,7,75,753,7531
753109,retușier confecții,retusier confectii,7,75,753,7531
753110,"blănar - confecționer îmbrăcăminte din blană, după comandă",blanar confectioner imbracaminte din blana dupa comanda,7,75,753,7531
753111,"confecționer îmbrăcăminte din piele și înlocuitori, după comandă",confectioner imbracaminte din piele si inlocuitori dupa comanda,7,75,753,7531
753112,cojocar,cojocar,7,75,753,7531
753113,"confecționer, prelucrător în industria textilă",confectioner prelucrator in industria textila,7,75,753,7531
753114,confecționer produse textile,confectioner produse textile,7,75,753,7531
753201,"croitor - confecționer îmbrăcăminte, după comandă",croitor confectioner imbracaminte dupa comanda,7,75,753,7532
753202,multiplicator șabloane croitorie,multiplicator sabloane croitorie,7,75,753,7532
753203,confecționer corsete,confectioner corsete,7,75,753,7532
753204,confecționer reparator cravate,confectioner reparator cravate,7,75,753,7532
753205,planimetror șabloane,planimetror sabloane,7,75,753,7532
753206,croitor confecționer costume teatru,croitor confectioner costume teatru,7,75,753,7532
753301,broder manual,broder manual,7,75,753,7533
753302,stopeur,stopeur,7,75,753,7533
753303,remaieur ciorapi,remaieur ciorapi,7,75,753,7533
753304,broder manual - mecanic,broder manual mecanic,7,75,753,7533
753305,broder la gherghef,broder la gherghef,7,75,753,7533
753401,tapițer,tapiter,7,75,753,7534
753402,saltelar,saltelar,7,75,753,7534
753403,plăpumar,plapumar,7,75,753,7534
753501,meșteșugar argăsitor,mestesugar argasitor,7,75,753,7535
753502,meșteșugar cenușeritor,mestesugar cenuseritor,7,75,753,7535
753503,meșteșugar finisor mineral,mestesugar finisor mineral,7,75,753,7535
753504,meșteșugar finisor vegetal,mestesugar finisor vegetal,7,75,753,7535
753505,meșteșugar sortator în industria pielăriei,mestesugar sortator in industria pielariei,7,75,753,7535
753601,"cizmar - confecționer încălțăminte, după comandă",cizmar confectioner incaltaminte dupa comanda,7,75,753,7536
753602,confecționer articole din piele și înlocuitori,confectioner articole din piele si inlocuitori,7,75,753,7536
753603,confecționer încălțăminte ortopedică,confectioner incaltaminte ortopedica,7,75,753,7536
753604,"curelar, confecționer harnașamente",curelar confectioner harnasamente,7,75,753,7536
753605,"marochiner - confecționer marochinărie, după comandă",marochiner confectioner marochinarie dupa comanda,7,75,753,7536
753606,opincar,opincar,7,75,753,7536
753607,tălpuitor (confecționer – reparații încălțăminte),talpuitor confectioner reparatii incaltaminte,7,75,753,7536
754101,scafandru autonom,scafandru autonom,7,75,754,7541
754102,scafandru cu alimentare de la suprafață până la 50 metri,scafandru cu alimentare de la suprafata pana la 50 metri,7,75,754,7541
754103,scafandru șef grup,scafandru sef grup,7,75,754,7541
754104,scafandru șef utilaj,scafandru sef utilaj,7,75,754,7541
754105,scafandru cu alimentare de la suprafață până la 30 metri,scafandru cu alimentare de la suprafata pana la 30 metri,7,75,754,7541
754106,operator barocameră,operator barocamera,7,75,754,7541
754107,scafandru salvator,scafandru salvator,7,75,754,7541
754108,șef de scufundare,sef de scufundare,7,75,754,7541
754109,tehnician de scufundare,tehnician de scufundare,7,75,754,7541
754110,scafandru de mare adâncime,scafandru de mare adancime,7,75,754,7541
754201,artificier de mină,artificier de mina,7,75,754,7542
754202,artificier la lucrări de suprafață,artificier la lucrari de suprafata,7,75,754,7542
754203,pirotehnician cinematografie și teatru,pirotehnician cinematografie si teatru,7,75,754,7542
754204,pirotehnician,pirotehnician,7,75,754,7542
754301,controlor calitate,controlor calitate,7,75,754,7543
811101,miner în subteran,miner in subteran,8,81,811,8111
811102,miner la suprafață,miner la suprafata,8,81,811,8111
811103,miner în subteran pentru construcții,miner in subteran pentru constructii,8,81,811,8111
811104,mașinist pentru utilaje specifice la extracție și execuția tunelurilor,masinist pentru utilaje specifice la extractie si executia tunelurilor,8,81,811,8111
811105,semnalist-cuplător,semnalist cuplator,8,81,811,8111
811106,excavatorist pentru excavatoare cu rotor de mare capacitate,excavatorist pentru excavatoare cu rotor de mare capacitate,8,81,811,8111
811107,trolist,trolist,8,81,811,8111
811201,brichetator cărbune,brichetator carbune,8,81,811,8112
811202,distilator la prepararea cărbunelui,distilator la prepararea carbunelui,8,81,811,8112
811203,operator la prepararea minereurilor,operator la prepararea minereurilor,8,81,811,8112
811204,operator la sfărâmarea minereurilor,operator la sfaramarea minereurilor,8,81,811,8112
811205,prăjitor minereu,prajitor minereu,8,81,811,8112
811206,prelucrător mică,prelucrator mica,8,81,811,8112
811207,spălător la prepararea cărbunilor,spalator la prepararea carbunilor,8,81,811,8112
811208,flotator la prepararea cărbunilor,flotator la prepararea carbunilor,8,81,811,8112
811209,separator la prepararea cărbunilor,separator la prepararea carbunilor,8,81,811,8112
811210,morar la mașini de mărunțit roci,morar la masini de maruntit roci,8,81,811,8112
811211,tocător la mașini de mărunțit roci,tocator la masini de maruntit roci,8,81,811,8112
811212,concasorist,concasorist,8,81,811,8112
811213,operator mineralurg,operator mineralurg,8,81,811,8112
811301,operator extracție țiței,operator extractie titei,8,81,811,8113
811302,sondor la foraj manual,sondor la foraj manual,8,81,811,8113
811303,operator-prospector lucrări geologice și geofizice,operator prospector lucrari geologice si geofizice,8,81,811,8113
811304,operator transport pe conducte singulare gaze,operator transport pe conducte singulare gaze,8,81,811,8113
811305,operator extracție gaze,operator extractie gaze,8,81,811,8113
811306,operator extracție țiței în subteran,operator extractie titei in subteran,8,81,811,8113
811307,operator extracție sare în salină,operator extractie sare in salina,8,81,811,8113
811308,operator măsurători speciale sonde,operator masuratori speciale sonde,8,81,811,8113
811309,operator lucrări speciale sonde,operator lucrari speciale sonde,8,81,811,8113
811310,sondor la forajul mecanizat și reparații sonde,sondor la forajul mecanizat si reparatii sonde,8,81,811,8113
811311,sondor la intervenții de sonde,sondor la interventii de sonde,8,81,811,8113
811312,sondor la punerea în producție,sondor la punerea in productie,8,81,811,8113
811313,primitor-preparator produse fluide,primitor preparator produse fluide,8,81,811,8113
811314,operator flotare produse fluide,operator flotare produse fluide,8,81,811,8113
811401,cuptorar lianți,cuptorar lianti,8,81,811,8114
811403,finisor produse din azbociment,finisor produse din azbociment,8,81,811,8114
811404,morar lianți,morar lianti,8,81,811,8114
811407,operator la impregnarea produselor hidroizolatoare,operator la impregnarea produselor hidroizolatoare,8,81,811,8114
811408,mașinist pentru prefabricate din beton și beton armat,masinist pentru prefabricate din beton si beton armat,8,81,811,8114
811409,operator la fabricarea vatei și produselor din vată minerală,operator la fabricarea vatei si produselor din vata minerala,8,81,811,8114
811411,operator cameră comandă pentru fabrica de ciment,operator camera comanda pentru fabrica de ciment,8,81,811,8114
811412,operator flux pentru fabrica de ciment,operator flux pentru fabrica de ciment,8,81,811,8114
812101,cocsar,cocsar,8,81,812,8121
812102,furnalist,furnalist,8,81,812,8121
812103,oțelar,otelar,8,81,812,8121
812104,pregătitor materiale de șarje,pregatitor materiale de sarje,8,81,812,8121
812105,melanjorist,melanjorist,8,81,812,8121
812106,operator oxizi de plumb,operator oxizi de plumb,8,81,812,8121
812107,dezbătător lingouri,dezbatator lingouri,8,81,812,8121
812108,metalurgist pulberi din oxid de fier,metalurgist pulberi din oxid de fier,8,81,812,8121
812109,curățitor lingouri,curatitor lingouri,8,81,812,8121
812110,preparator la concentratele miniere,preparator la concentratele miniere,8,81,812,8121
812111,topitor la concentrate miniere,topitor la concentrate miniere,8,81,812,8121
812112,rafinator metale neferoase,rafinator metale neferoase,8,81,812,8121
812113,electrometalurgist,electrometalurgist,8,81,812,8121
812114,condiționer-finisor,conditioner finisor,8,81,812,8121
812115,turnător fontă,turnator fonta,8,81,812,8121
812116,granulator zgură,granulator zgura,8,81,812,8121
812117,epurator gaze,epurator gaze,8,81,812,8121
812118,mașinist suflante,masinist suflante,8,81,812,8121
812119,pregătitor de șarje,pregatitor de sarje,8,81,812,8121
812120,dozator la producerea aglomeratului,dozator la producerea aglomeratului,8,81,812,8121
812121,aglomeratorist,aglomeratorist,8,81,812,8121
812122,mașinist exhaustor,masinist exhaustor,8,81,812,8121
812123,operator separare magnetică,operator separare magnetica,8,81,812,8121
812124,"laminator semifabricate, profiluri tablă și platbandă",laminator semifabricate profiluri tabla si platbanda,8,81,812,8121
812125,"laminator, presator țevi plumb",laminator presator tevi plumb,8,81,812,8121
812126,"topitor, turnător metale prețioase",topitor turnator metale pretioase,8,81,812,8121
812127,laminator sârmă,laminator sarma,8,81,812,8121
812128,laminator tablă subțire,laminator tabla subtire,8,81,812,8121
812129,laminator de bandaje și discuri,laminator de bandaje si discuri,8,81,812,8121
812130,laminator de țevi,laminator de tevi,8,81,812,8121
812131,laminator pe laminoare continue,laminator pe laminoare continue,8,81,812,8121
812132,laminator de benzi la rece,laminator de benzi la rece,8,81,812,8121
812133,presator de țevi la cald și profiluri prin extruziune,presator de tevi la cald si profiluri prin extruziune,8,81,812,8121
812134,alimentator-încălzitor de materiale,alimentator incalzitor de materiale,8,81,812,8121
812135,operator la cuptoare și instalații pentru turnarea și laminarea metalelor,operator la cuptoare si instalatii pentru turnarea si laminarea metalelor,8,81,812,8121
812136,laminator,laminator,8,81,812,8121
812137,"termist-tratamentist de produse brute, forjate, turnate sau laminate",termist tratamentist de produse brute forjate turnate sau laminate,8,81,812,8121
812138,"termist-tratamentist de piese semifabricate, finite",termist tratamentist de piese semifabricate finite,8,81,812,8121
812139,călitor prin inducție sau cu flacără,calitor prin inductie sau cu flacara,8,81,812,8121
812140,călitor scule,calitor scule,8,81,812,8121
812141,termist-tratamentist,termist tratamentist,8,81,812,8121
812142,operator la instalații de tratament termic cu procesare,operator la instalatii de tratament termic cu procesare,8,81,812,8121
812143,operator la pregătirea șarjelor pentru tratament termic,operator la pregatirea sarjelor pentru tratament termic,8,81,812,8121
812144,finisor laminate și trefilate,finisor laminate si trefilate,8,81,812,8121
812145,decapator,decapator,8,81,812,8121
812146,regulator țevi,regulator tevi,8,81,812,8121
812147,"trefilator, trăgător",trefilator tragator,8,81,812,8121
812201,galvanizator,galvanizator,8,81,812,8122
812202,metalizator prin pulverizare,metalizator prin pulverizare,8,81,812,8122
812203,metalizator prin cufundare în metal topit,metalizator prin cufundare in metal topit,8,81,812,8122
812204,confecționer protecții și obiecte anticorozive,confectioner protectii si obiecte anticorozive,8,81,812,8122
812205,emailator,emailator,8,81,812,8122
812206,operator la confecționarea materialelor electroizolante,operator la confectionarea materialelor electroizolante,8,81,812,8122
812207,matisor cabluri,matisor cabluri,8,81,812,8122
812208,metalizator-termist,metalizator termist,8,81,812,8122
812209,arzător email,arzator email,8,81,812,8122
812210,emailator insigne și decorații,emailator insigne si decoratii,8,81,812,8122
812211,emailator firme și decoruri,emailator firme si decoruri,8,81,812,8122
812212,emailator prin pudrare,emailator prin pudrare,8,81,812,8122
812213,emailator prin pulverizare,emailator prin pulverizare,8,81,812,8122
812214,preparator email,preparator email,8,81,812,8122
812215,emailator prin imersiune,emailator prin imersiune,8,81,812,8122
812216,acoperitor metale,acoperitor metale,8,81,812,8122
812217,poleitor filiere,poleitor filiere,8,81,812,8122
812218,protejator conductori cabluri și condensatori statici de forță,protejator conductori cabluri si condensatori statici de forta,8,81,812,8122
812219,confecționer izolații la conductori electrici,confectioner izolatii la conductori electrici,8,81,812,8122
812220,confecționer mantale de plumb prin presare la cabluri,confectioner mantale de plumb prin presare la cabluri,8,81,812,8122
812221,confecționer toroane și cablaje la conductori electrici,confectioner toroane si cablaje la conductori electrici,8,81,812,8122
812222,pregătitor seturi de cabluri electrice pentru autotrac și accesorii,pregatitor seturi de cabluri electrice pentru autotrac si accesorii,8,81,812,8122
812223,preparator electrolit și amestec depolarizator,preparator electrolit si amestec depolarizator,8,81,812,8122
812224,confecționer și legător depolarizator,confectioner si legator depolarizator,8,81,812,8122
812225,asamblator elemente și baterii galvanice,asamblator elemente si baterii galvanice,8,81,812,8122
812226,confecționer de elemente galvanice,confectioner de elemente galvanice,8,81,812,8122
812227,confecționer celule de electroliză,confectioner celule de electroliza,8,81,812,8122
813101,operator la mașini de măcinare fină (produse chimice),operator la masini de macinare fina produse chimice,8,81,813,8131
813102,operator la mașini de fragmentare (produse chimice),operator la masini de fragmentare produse chimice,8,81,813,8131
813103,operator la mașini de amestecare (produse chimice),operator la masini de amestecare produse chimice,8,81,813,8131
813104,operator la instalații de ardere,operator la instalatii de ardere,8,81,813,8131
813105,uscător în industria chimică,uscator in industria chimica,8,81,813,8131
813106,preparator în industria chimică,preparator in industria chimica,8,81,813,8131
813107,sinterizator,sinterizator,8,81,813,8131
813108,operator la fabricarea sticlei,operator la fabricarea sticlei,8,81,813,8131
813109,împâslitor pânză sticlă,impaslitor panza sticla,8,81,813,8131
813110,filator fibre sticlă,filator fibre sticla,8,81,813,8131
813111,preparator amestec și topitor sticlă,preparator amestec si topitor sticla,8,81,813,8131
813112,operator poliesteri armați cu fibră de sticlă,operator poliesteri armati cu fibra de sticla,8,81,813,8131
813113,extractorist în chimie,extractorist in chimie,8,81,813,8131
813114,fermentator în chimie,fermentator in chimie,8,81,813,8131
813115,concentrator-purificator în chimie,concentrator purificator in chimie,8,81,813,8131
813116,extractorist uleiuri volatile naturale și colesterină,extractorist uleiuri volatile naturale si colesterina,8,81,813,8131
813117,operator chimist la producerea compușilor organici ai sulfului și îngrășămintelor fosfatice,operator chimist la producerea compusilor organici ai sulfului si ingrasamintelor fosfatice,8,81,813,8131
813118,distilator în industria chimică,distilator in industria chimica,8,81,813,8131
813119,operator chimist la producerea diverselor produse anorganice,operator chimist la producerea diverselor produse anorganice,8,81,813,8131
813120,"operator chimist la fabricarea lacurilor, vopselelor și uleiurilor",operator chimist la fabricarea lacurilor vopselelor si uleiurilor,8,81,813,8131
813121,operator chimist la fabricarea coloranților,operator chimist la fabricarea colorantilor,8,81,813,8131
813122,operator la obținerea produselor din spume poliuretanice și latex,operator la obtinerea produselor din spume poliuretanice si latex,8,81,813,8131
813123,operator chimist la producerea compușilor anorganici ai azotului și îngrășămintelor azotoase,operator chimist la producerea compusilor anorganici ai azotului si ingrasamintelor azotoase,8,81,813,8131
813124,operator lacuri electroizolante,operator lacuri electroizolante,8,81,813,8131
813125,"preparator lacuri, vopsele, paste de fludor folosite la aparataj electric",preparator lacuri vopsele paste de fludor folosite la aparataj electric,8,81,813,8131
813126,operator chimist la chimizarea gazelor de rafinărie,operator chimist la chimizarea gazelor de rafinarie,8,81,813,8131
813127,"operator cracare, deformare și fabricare bitum",operator cracare deformare si fabricare bitum,8,81,813,8131
813128,operator chimist la fabricarea altor produse organice,operator chimist la fabricarea altor produse organice,8,81,813,8131
813129,operator chimist la chimizarea gazului de cocs,operator chimist la chimizarea gazului de cocs,8,81,813,8131
813130,producător de fire și fibre sintetice,producator de fire si fibre sintetice,8,81,813,8131
813131,operator la fabricarea pieii  sintetice,operator la fabricarea pieii sintetice,8,81,813,8131
813134,operator la fabricarea glicerinei și acizilor grași,operator la fabricarea glicerinei si acizilor grasi,8,81,813,8131
813135,operator la fabricarea săpunurilor,operator la fabricarea sapunurilor,8,81,813,8131
813136,operator la produse odorante sintetice,operator la produse odorante sintetice,8,81,813,8131
813137,operator la fabricarea detergenților,operator la fabricarea detergentilor,8,81,813,8131
813138,operator chimist la produsele farmaceutice și chimice pure,operator chimist la produsele farmaceutice si chimice pure,8,81,813,8131
813139,preparator benzi cauciucate și compoziții emplastre,preparator benzi cauciucate si compozitii emplastre,8,81,813,8131
813140,preparator prafuri de spălat și curățat,preparator prafuri de spalat si curatat,8,81,813,8131
813141,preparator la prepararea produselor cosmetice și de parfumerie,preparator la prepararea produselor cosmetice si de parfumerie,8,81,813,8131
813142,preparator ser vaccin,preparator ser vaccin,8,81,813,8131
813143,condiționer finisor produse explozive,conditioner finisor produse explozive,8,81,813,8131
813144,confecționer fitile,confectioner fitile,8,81,813,8131
813145,confecționer produse pirotehnice,confectioner produse pirotehnice,8,81,813,8131
813146,nitrator,nitrator,8,81,813,8131
813147,pregătitor la produse explozive,pregatitor la produse explozive,8,81,813,8131
813148,preparator la produse explozive,preparator la produse explozive,8,81,813,8131
813149,confecționer cartușe de vânătoare,confectioner cartuse de vanatoare,8,81,813,8131
813150,operator la tragere și muniție,operator la tragere si munitie,8,81,813,8131
813151,"operator la pregătirea, conservarea și ambalarea armamentului și muniției",operator la pregatirea conservarea si ambalarea armamentului si munitiei,8,81,813,8131
813152,"pregătitor, completator de echipamente tehnice și SDV-uri",pregatitor completator de echipamente tehnice si sdv uri,8,81,813,8131
813153,delaborator muniție,delaborator munitie,8,81,813,8131
813154,operator la producerea sodei și produselor clorosodice,operator la producerea sodei si produselor clorosodice,8,81,813,8131
813155,operator la fabricarea altor produse chimice,operator la fabricarea altor produse chimice,8,81,813,8131
813201,fotoceramist,fotoceramist,8,81,813,8132
813202,fotocopist,fotocopist,8,81,813,8132
813203,fotopoligraf,fotopoligraf,8,81,813,8132
813204,fotoreproducător,fotoreproducator,8,81,813,8132
813205,montator filme,montator filme,8,81,813,8132
813206,retușor clișee,retusor clisee,8,81,813,8132
813207,pregătitor hârtie fotosensibilă,pregatitor hartie fotosensibila,8,81,813,8132
813208,operator la fabricarea filmelor fotografice,operator la fabricarea filmelor fotografice,8,81,813,8132
814101,preparator la confecționarea produselor industriale din cauciuc,preparator la confectionarea produselor industriale din cauciuc,8,81,814,8141
814102,pregnator prize tehnice și bandă izolatoare,pregnator prize tehnice si banda izolatoare,8,81,814,8141
814103,confecționer de produse industriale din cauciuc,confectioner de produse industriale din cauciuc,8,81,814,8141
814104,vulcanizator de produse industriale din cauciuc,vulcanizator de produse industriale din cauciuc,8,81,814,8141
814105,finisor-reparator de produse industriale din cauciuc,finisor reparator de produse industriale din cauciuc,8,81,814,8141
814106,operator la prelucrarea cauciucului,operator la prelucrarea cauciucului,8,81,814,8141
814107,confecționer garnituri de etanșare din cauciuc,confectioner garnituri de etansare din cauciuc,8,81,814,8141
814108,finisor încălțăminte și articole tehnice din cauciuc,finisor incaltaminte si articole tehnice din cauciuc,8,81,814,8141
814109,calandror la finisarea cauciucului,calandror la finisarea cauciucului,8,81,814,8141
814110,pregătitor regenerare cauciuc,pregatitor regenerare cauciuc,8,81,814,8141
814111,devulcanizator regenerare cauciuc,devulcanizator regenerare cauciuc,8,81,814,8141
814112,rafinator regenerare cauciuc,rafinator regenerare cauciuc,8,81,814,8141
814113,dozator prelucrare cauciuc,dozator prelucrare cauciuc,8,81,814,8141
814114,impregnator produse din cauciuc,impregnator produse din cauciuc,8,81,814,8141
814115,profilator produse din cauciuc,profilator produse din cauciuc,8,81,814,8141
814116,ștanțator piese pentru încălțăminte din piele și cauciuc,stantator piese pentru incaltaminte din piele si cauciuc,8,81,814,8141
814117,cusător piese la încălțăminte din cauciuc,cusator piese la incaltaminte din cauciuc,8,81,814,8141
814118,vulcanizator piese din cauciuc la prese,vulcanizator piese din cauciuc la prese,8,81,814,8141
814119,vulcanizator la autoclavă,vulcanizator la autoclava,8,81,814,8141
814120,preparator cauciuc electroizolant,preparator cauciuc electroizolant,8,81,814,8141
814121,vălțar cauciuc electroizolant,valtar cauciuc electroizolant,8,81,814,8141
814122,mașinist la confecționarea materialelor electroizolante impregnate,masinist la confectionarea materialelor electroizolante impregnate,8,81,814,8141
814123,mașinist la confecționarea materialelor electroizolante stratificate (mică),masinist la confectionarea materialelor electroizolante stratificate mica,8,81,814,8141
814124,mașinist la confecționarea foliilor de cauciuc electroizolante,masinist la confectionarea foliilor de cauciuc electroizolante,8,81,814,8141
814125,"presator-formator materiale stratificate, pregnator prize tehnice și bandă izolatoare",presator formator materiale stratificate pregnator prize tehnice si banda izolatoare,8,81,814,8141
814126,condiționer-finisor produse din cauciuc,conditioner finisor produse din cauciuc,8,81,814,8141
814127,croitor pentru încălțăminte și articole tehnice din cauciuc,croitor pentru incaltaminte si articole tehnice din cauciuc,8,81,814,8141
814128,pregătitor pentru încălțăminte și articole tehnice din cauciuc,pregatitor pentru incaltaminte si articole tehnice din cauciuc,8,81,814,8141
814129,preparator plăci de etanșare comprimate,preparator placi de etansare comprimate,8,81,814,8141
814130,operator fabricarea și prelucrarea polimerilor,operator fabricarea si prelucrarea polimerilor,8,81,814,8141
814201,preparator mase plastice,preparator mase plastice,8,81,814,8142
814202,vălțar calandru mase plastice,valtar calandru mase plastice,8,81,814,8142
814203,operator la prelucrarea maselor plastice,operator la prelucrarea maselor plastice,8,81,814,8142
814204,presator mase plastice,presator mase plastice,8,81,814,8142
814205,finisor-asamblator obiecte din mase plastice,finisor asamblator obiecte din mase plastice,8,81,814,8142
814206,"creator, modelier mase plastice",creator modelier mase plastice,8,81,814,8142
814207,operator la confecționarea discurilor fonografice,operator la confectionarea discurilor fonografice,8,81,814,8142
814208,operator sudare țevi și fitinguri din polietilenă de înaltă densitate PEHD,operator sudare tevi si fitinguri din polietilena de inalta densitate pehd,8,81,814,8142
814209,operator mase plastice,operator mase plastice,8,81,814,8142
814210,operator mașini de termoformatare,operator masini de termoformatare,8,81,814,8142
814301,cartonagist,cartonagist,8,81,814,8143
814302,operator la mașina de laminat,operator la masina de laminat,8,81,814,8143
815111,pregătitor amestecuri în filaturi,pregatitor amestecuri in filaturi,8,81,815,8151
815112,cardator,cardator,8,81,815,8151
815113,laminator benzi din fibre,laminator benzi din fibre,8,81,815,8151
815201,operator la mașini de tricotat rectiliniu,operator la masini de tricotat rectiliniu,8,81,815,8152
815202,operator la deservirea războaielor de țesut,operator la deservirea razboaielor de tesut,8,81,815,8152
815204,operator la mașini de tricotat circular,operator la masini de tricotat circular,8,81,815,8152
815205,operator sculuitor,operator sculuitor,8,81,815,8152
815207,operator la mașini de urzit,operator la masini de urzit,8,81,815,8152
815208,operator încheietor fire,operator incheietor fire,8,81,815,8152
815209,"operator năvăditor, lipitor, înnodător fire",operator navaditor lipitor innodator fire,8,81,815,8152
815210,operator bobinator-dublator,operator bobinator dublator,8,81,815,8152
815211,operator batirator fire,operator batirator fire,8,81,815,8152
815212,operator răsucitor fire,operator rasucitor fire,8,81,815,8152
815301,"operator confecționer industrial îmbrăcăminte din țesături, tricotaje, materiale sintetice",operator confectioner industrial imbracaminte din tesaturi tricotaje materiale sintetice,8,81,815,8153
815302,operator confecții îmbrăcăminte din piele și înlocuitori,operator confectii imbracaminte din piele si inlocuitori,8,81,815,8153
815303,operator la confecționarea industrială a îmbrăcămintei din blană,operator la confectionarea industriala a imbracamintei din blana,8,81,815,8153
815304,operator la confecționarea industrială a mănușilor din piele,operator la confectionarea industriala a manusilor din piele,8,81,815,8153
815305,încadrator confecții,incadrator confectii,8,81,815,8153
815306,rihtuitor confecții,rihtuitor confectii,8,81,815,8153
815307,pregătitor-lansator confecții,pregatitor lansator confectii,8,81,815,8153
815308,șpănuitor confecții,spanuitor confectii,8,81,815,8153
815309,tăietor confecții,taietor confectii,8,81,815,8153
815401,operator gazator textile,operator gazator textile,8,81,815,8154
815402,operator descleietor textile,operator descleietor textile,8,81,815,8154
815403,operator degamator textile,operator degamator textile,8,81,815,8154
815404,operator spălător textile,operator spalator textile,8,81,815,8154
815405,operator albitor textile,operator albitor textile,8,81,815,8154
815406,operator fierbător textile,operator fierbator textile,8,81,815,8154
815407,operator mercerizator textile,operator mercerizator textile,8,81,815,8154
815408,operator pregătitor chimicale în industria textilă,operator pregatitor chimicale in industria textila,8,81,815,8154
815409,operator vopsitor textile,operator vopsitor textile,8,81,815,8154
815410,operator imprimeur textile,operator imprimeur textile,8,81,815,8154
815411,confecționer șabloane și cilindri de imprimat,confectioner sabloane si cilindri de imprimat,8,81,815,8154
815412,operator apretor textile,operator apretor textile,8,81,815,8154
815413,operator calandor-govrator textile,operator calandor govrator textile,8,81,815,8154
815414,operator impregnator textile,operator impregnator textile,8,81,815,8154
815415,operator decator,operator decator,8,81,815,8154
815416,operator presator țesături textile (storcător textile),operator presator tesaturi textile storcator textile,8,81,815,8154
815417,operator fixator textile,operator fixator textile,8,81,815,8154
815420,operator tunsător textile,operator tunsator textile,8,81,815,8154
815421,operator curățitor chimic,operator curatitor chimic,8,81,815,8154
815422,operator metrar-volator-dublator textile,operator metrar volator dublator textile,8,81,815,8154
815423,operator tăietor textile,operator taietor textile,8,81,815,8154
815424,operator uscător textile,operator uscator textile,8,81,815,8154
815425,operator îngreunător mătase naturală,operator ingreunator matase naturala,8,81,815,8154
815428,confecționer șabloane la imprimerie,confectioner sabloane la imprimerie,8,81,815,8154
815430,operator universal - spălător textile și curățitor chimic,operator universal spalator textile si curatitor chimic,8,81,815,8154
815501,operator cenușeritor,operator cenuseritor,8,81,815,8155
815502,operator tăbăcitor mineral argăsitor,operator tabacitor mineral argasitor,8,81,815,8155
815503,operator tăbăcitor vegetal,operator tabacitor vegetal,8,81,815,8155
815504,operator finisor mineral,operator finisor mineral,8,81,815,8155
815505,operator finisor vegetal,operator finisor vegetal,8,81,815,8155
815506,operator argăsitor,operator argasitor,8,81,815,8155
815507,operator sortator în industria pielăriei,operator sortator in industria pielariei,8,81,815,8155
815508,vopsitor îmbrăcăminte din blană,vopsitor imbracaminte din blana,8,81,815,8155
815601,operator la prepararea tălpii de încălțăminte din fibre,operator la prepararea talpii de incaltaminte din fibre,8,81,815,8156
815602,operator la confecționarea industrială a articolelor din cauciuc și textile cauciucate,operator la confectionarea industriala a articolelor din cauciuc si textile cauciucate,8,81,815,8156
815603,croitor-ștanțator piese încălțăminte,croitor stantator piese incaltaminte,8,81,815,8156
815604,pregătitor piese încălțăminte,pregatitor piese incaltaminte,8,81,815,8156
815605,cusător piese din piele și înlocuitori,cusator piese din piele si inlocuitori,8,81,815,8156
815606,trăgător fețe pe calapod,tragator fete pe calapod,8,81,815,8156
815607,tălpuitor industrial,talpuitor industrial,8,81,815,8156
815608,finisor încălțăminte,finisor incaltaminte,8,81,815,8156
815901,operator la confecționarea industrială a pălăriilor,operator la confectionarea industriala a palariilor,8,81,815,8159
815902,croitor confecții industriale din blană,croitor confectii industriale din blana,8,81,815,8159
815903,"operator la confecționarea industrială a articolelor de sport și protecție, din piele și înlocuitori",operator la confectionarea industriala a articolelor de sport si protectie din piele si inlocuitori,8,81,815,8159
815904,cusător confecții industriale din blană,cusator confectii industriale din blana,8,81,815,8159
815905,pregătitor confecții industriale din blană,pregatitor confectii industriale din blana,8,81,815,8159
815906,finisor confecții industriale din blană,finisor confectii industriale din blana,8,81,815,8159
815907,operator textile nețesute,operator textile netesute,8,81,815,8159
816001,"operator la prepararea conservelor din carne, pește și în amestec legume și pește",operator la prepararea conservelor din carne peste si in amestec legume si peste,8,81,816,8160
816002,operator la valorificarea subproduselor de abator,operator la valorificarea subproduselor de abator,8,81,816,8160
816003,tripier,tripier,8,81,816,8160
816004,"preparator pește, raci, broaște în cherhanale și oficii",preparator peste raci broaste in cherhanale si oficii,8,81,816,8160
816005,preparator făină din pește,preparator faina din peste,8,81,816,8160
816006,topitor grăsimi comestibile și de uz industrial,topitor grasimi comestibile si de uz industrial,8,81,816,8160
816007,operator la fabricarea mezelurilor,operator la fabricarea mezelurilor,8,81,816,8160
816010,"colector și preparator făină, sânge, carne, oase",colector si preparator faina sange carne oase,8,81,816,8160
816011,curățitor piei,curatitor piei,8,81,816,8160
816014,mățar,matar,8,81,816,8160
816015,operator la prepararea brânzeturilor,operator la prepararea branzeturilor,8,81,816,8160
816016,operator la prepararea produselor lactate,operator la prepararea produselor lactate,8,81,816,8160
816017,operator centru de răcire lapte,operator centru de racire lapte,8,81,816,8160
816018,operator la fabricarea untului,operator la fabricarea untului,8,81,816,8160
816019,preparator conserve lapte și lactoză,preparator conserve lapte si lactoza,8,81,816,8160
816020,morar,morar,8,81,816,8160
816021,operator la fabricarea nutrețurilor combinate,operator la fabricarea nutreturilor combinate,8,81,816,8160
816022,preparator boia de ardei,preparator boia de ardei,8,81,816,8160
816023,preparator muștar,preparator mustar,8,81,816,8160
816024,"preparator extracte, arome și esențe",preparator extracte arome si esente,8,81,816,8160
816025,decorticator crupe,decorticator crupe,8,81,816,8160
816026,operator la prepararea produselor zaharoase,operator la prepararea produselor zaharoase,8,81,816,8160
816027,operator la fabricarea produselor făinoase,operator la fabricarea produselor fainoase,8,81,816,8160
816028,preparator înghețată,preparator inghetata,8,81,816,8160
816029,operator la fabricarea biscuiților,operator la fabricarea biscuitilor,8,81,816,8160
816030,preparator napolitane,preparator napolitane,8,81,816,8160
816031,operator la fabricarea uleiurilor vegetale,operator la fabricarea uleiurilor vegetale,8,81,816,8160
816032,operator la fabricarea conservelor din legume sau fructe,operator la fabricarea conservelor din legume sau fructe,8,81,816,8160
816033,operator la fabricarea zahărului,operator la fabricarea zaharului,8,81,816,8160
816034,condiționer miere,conditioner miere,8,81,816,8160
816035,preparator de produse apicole,preparator de produse apicole,8,81,816,8160
816036,preparator surogate cafea,preparator surogate cafea,8,81,816,8160
816037,operator la condiționarea și prelucrarea plantelor medicinale,operator la conditionarea si prelucrarea plantelor medicinale,8,81,816,8160
816038,operator la fermentarea tutunului și fabricarea produselor din tutun,operator la fermentarea tutunului si fabricarea produselor din tutun,8,81,816,8160
816039,preparator halva,preparator halva,8,81,816,8160
816040,operator la prepararea băuturilor alcoolice și răcoritoare,operator la prepararea bauturilor alcoolice si racoritoare,8,81,816,8160
816041,operator la fabricarea berii,operator la fabricarea berii,8,81,816,8160
816042,operator la fabricarea malțului,operator la fabricarea maltului,8,81,816,8160
816043,operator la fabricarea spirtului și drojdiei de panificație,operator la fabricarea spirtului si drojdiei de panificatie,8,81,816,8160
816044,vinificator-pivnicer,vinificator pivnicer,8,81,816,8160
816045,fermentator oțet,fermentator otet,8,81,816,8160
816046,operator la fabricarea glucozei,operator la fabricarea glucozei,8,81,816,8160
816047,preparator băuturi răcoritoare,preparator bauturi racoritoare,8,81,816,8160
816048,preparator rachiuri industriale și lichioruri,preparator rachiuri industriale si lichioruri,8,81,816,8160
816049,distilator rachiuri naturale,distilator rachiuri naturale,8,81,816,8160
816050,operator la fabricarea amidonului și dextrinei,operator la fabricarea amidonului si dextrinei,8,81,816,8160
816051,preparator coniac,preparator coniac,8,81,816,8160
816052,preparator vermut,preparator vermut,8,81,816,8160
816053,preparator șampanie,preparator sampanie,8,81,816,8160
816054,operator prelucrare cafea,operator prelucrare cafea,8,81,816,8160
816055,operator măcinare cafea,operator macinare cafea,8,81,816,8160
817101,"pregătitor lemn, stuf, paie",pregatitor lemn stuf paie,8,81,817,8171
817102,preparator pastă,preparator pasta,8,81,817,8171
817103,"fierbător-spălător celuloză, hârtie",fierbator spalator celuloza hartie,8,81,817,8171
817104,albitor pastă hârtie,albitor pasta hartie,8,81,817,8171
817105,confecționer tambur filigranare,confectioner tambur filigranare,8,81,817,8171
817106,mașinist la deshidratare pastă hârtie,masinist la deshidratare pasta hartie,8,81,817,8171
817107,"finisor hârtie, carton, mucava",finisor hartie carton mucava,8,81,817,8171
817108,confecționer produse igienico-sanitare,confectioner produse igienico sanitare,8,81,817,8171
817201,confecționer rondele din plută,confectioner rondele din pluta,8,81,817,8172
817202,confecționer bastoane din plută,confectioner bastoane din pluta,8,81,817,8172
817203,confecționer colaci și centuri de salvare,confectioner colaci si centuri de salvare,8,81,817,8172
817204,mașinist la mașina de tăiat șraifuri și dopuri din plută,masinist la masina de taiat sraifuri si dopuri din pluta,8,81,817,8172
817205,mașinist la mașina de zdrobit și măcinat plută,masinist la masina de zdrobit si macinat pluta,8,81,817,8172
817206,confecționer plăci izolatoare,confectioner placi izolatoare,8,81,817,8172
817207,aburitor plută,aburitor pluta,8,81,817,8172
817208,pregătitor lemn așchietor,pregatitor lemn aschietor,8,81,817,8172
817209,pregătitor așchii,pregatitor aschii,8,81,817,8172
817210,încleietor plăci aglomerate,incleietor placi aglomerate,8,81,817,8172
817211,formator presator plăci brute,formator presator placi brute,8,81,817,8172
817212,formator finisor plăci,formator finisor placi,8,81,817,8172
817213,tocatorist-defibratorist,tocatorist defibratorist,8,81,817,8172
817215,presator PFL,presator pfl,8,81,817,8172
817216,tratamentist PFL,tratamentist pfl,8,81,817,8172
817217,formator PFL,formator pfl,8,81,817,8172
817218,impregnator la înnobilare PFL,impregnator la innobilare pfl,8,81,817,8172
817219,fasonator-sortator filme,fasonator sortator filme,8,81,817,8172
817220,presator la înnobilare PFL,presator la innobilare pfl,8,81,817,8172
817221,formator la înnobilare PFL,formator la innobilare pfl,8,81,817,8172
817222,finisor la înnobilare PFL,finisor la innobilare pfl,8,81,817,8172
817223,pregătitor PFL și hârtie pentru filme,pregatitor pfl si hartie pentru filme,8,81,817,8172
817224,gaterist la tăiat bușteni,gaterist la taiat busteni,8,81,817,8172
817225,tăietor la ferăstrău panglică,taietor la ferastrau panglica,8,81,817,8172
817226,fasonator cherestea,fasonator cherestea,8,81,817,8172
817227,desenator-însemnator cherestea,desenator insemnator cherestea,8,81,817,8172
817228,decupator furnire,decupator furnire,8,81,817,8172
817229,derulatorist,derulatorist,8,81,817,8172
817230,fasonator-uscător furnire,fasonator uscator furnire,8,81,817,8172
817231,frezor-îmbinător furnire tehnice,frezor imbinator furnire tehnice,8,81,817,8172
817232,presator produse stratificate,presator produse stratificate,8,81,817,8172
817233,formator șlefuitor produse stratificate,formator slefuitor produse stratificate,8,81,817,8172
817234,preparator PPF,preparator ppf,8,81,817,8172
817235,miezuitor panele și plăci celulare,miezuitor panele si placi celulare,8,81,817,8172
817236,operator la recoltarea și toaletarea arborilor forestieri,operator la recoltarea si toaletarea arborilor forestieri,8,81,817,8172
818101,topitor sticlă,topitor sticla,8,81,818,8181
818102,prelucrător de topituri la semiautomate,prelucrator de topituri la semiautomate,8,81,818,8181
818103,prelucrător de topituri la instalații de tras țevi,prelucrator de topituri la instalatii de tras tevi,8,81,818,8181
818104,prelucrător de tuburi și baghete,prelucrator de tuburi si baghete,8,81,818,8181
818105,cuptorar recoacere sticlă,cuptorar recoacere sticla,8,81,818,8181
818106,confecționer termosuri,confectioner termosuri,8,81,818,8181
818107,tăietor produse din sticlă,taietor produse din sticla,8,81,818,8181
818108,șlefuitor produse din sticlă,slefuitor produse din sticla,8,81,818,8181
818109,arzător produse din sticlă,arzator produse din sticla,8,81,818,8181
818110,sablator produse din sticlă,sablator produse din sticla,8,81,818,8181
818111,argintar produse din sticlă,argintar produse din sticla,8,81,818,8181
818112,operator la instalații automate pentru prepararea amestecului,operator la instalatii automate pentru prepararea amestecului,8,81,818,8181
818113,operator la instalații automate pentru prelucrarea topiturii de sticlă,operator la instalatii automate pentru prelucrarea topiturii de sticla,8,81,818,8181
818114,operator la prelucrarea tuburilor din sticlă,operator la prelucrarea tuburilor din sticla,8,81,818,8181
818115,operator la mașini de inscripționat,operator la masini de inscriptionat,8,81,818,8181
818116,prelucrător fire și țesături din fire de sticlă,prelucrator fire si tesaturi din fire de sticla,8,81,818,8181
818117,operator la instalații de tras și laminat geam,operator la instalatii de tras si laminat geam,8,81,818,8181
818118,turnător geam,turnator geam,8,81,818,8181
818119,preparator vată de sticlă,preparator vata de sticla,8,81,818,8181
818120,tăietor geam,taietor geam,8,81,818,8181
818121,șlefuitor/ sablator geam,slefuitor sablator geam,8,81,818,8181
818122,securizator geam,securizator geam,8,81,818,8181
818123,pregătitor de materii prime pentru producerea sticlei,pregatitor de materii prime pentru producerea sticlei,8,81,818,8181
818124,strungar produse ceramice,strungar produse ceramice,8,81,818,8181
818125,cuptorar ceramică fină și decor,cuptorar ceramica fina si decor,8,81,818,8181
818126,arzător produse ceramice,arzator produse ceramice,8,81,818,8181
818127,operator la fabricarea produselor refractare,operator la fabricarea produselor refractare,8,81,818,8181
818128,operator la fabricarea produselor abrazive,operator la fabricarea produselor abrazive,8,81,818,8181
818129,operator la fabricarea produselor din cărbune,operator la fabricarea produselor din carbune,8,81,818,8181
818130,operator abrazive pe suporți,operator abrazive pe suporti,8,81,818,8181
818131,finisor produse abrazive,finisor produse abrazive,8,81,818,8181
818132,granulator/ sortator abrazive,granulator sortator abrazive,8,81,818,8181
818133,cuptorar produse abrazive,cuptorar produse abrazive,8,81,818,8181
818134,preparator-presator abrazive,preparator presator abrazive,8,81,818,8181
818135,cuptorar produse refractare,cuptorar produse refractare,8,81,818,8181
818136,formator produse refractare,formator produse refractare,8,81,818,8181
818137,preparator-presator produse din cărbune,preparator presator produse din carbune,8,81,818,8181
818138,cuptorar produse din cărbune,cuptorar produse din carbune,8,81,818,8181
818139,finisor produse din cărbune,finisor produse din carbune,8,81,818,8181
818140,prelucrător produse ceramice prin extrudare,prelucrator produse ceramice prin extrudare,8,81,818,8181
818141,discuitor de produse ceramice la mașini,discuitor de produse ceramice la masini,8,81,818,8181
818142,prelucrător produse ceramice prin injectare,prelucrator produse ceramice prin injectare,8,81,818,8181
818143,armator de izolatori electrici (prelucrător produse electrotehnice),armator de izolatori electrici prelucrator produse electrotehnice,8,81,818,8181
818201,fochist locomotivă cu abur,fochist locomotiva cu abur,8,81,818,8182
818202,fochist la mașini cu abur,fochist la masini cu abur,8,81,818,8182
818203,mașinist la instalații pentru încălzit tren,masinist la instalatii pentru incalzit tren,8,81,818,8182
818204,fochist pentru cazane de abur și de apă fierbinte,fochist pentru cazane de abur si de apa fierbinte,8,81,818,8182
818205,ajutor fochist,ajutor fochist,8,81,818,8182
818206,fochist pentru cazane mici de abur,fochist pentru cazane mici de abur,8,81,818,8182
818207,fochist la cazane de apă caldă și cazane de abur de joasă presiune,fochist la cazane de apa calda si cazane de abur de joasa presiune,8,81,818,8182
818208,fochist pentru cazane conduse de calculator,fochist pentru cazane conduse de calculator,8,81,818,8182
818301,mașinist la mașini de ambalat,masinist la masini de ambalat,8,81,818,8183
818302,operator la mașina de etichetat,operator la masina de etichetat,8,81,818,8183
818303,operator mașini însăcuire pentru fabrica de ciment,operator masini insacuire pentru fabrica de ciment,8,81,818,8183
818304,operator mașini paletizate și înfoliere pentru fabrica de ciment,operator masini paletizate si infoliere pentru fabrica de ciment,8,81,818,8183
818305,operator umplere recipiente GPL,operator umplere recipiente gpl,8,81,818,8183
818306,îmbuteliator fluide sub presiune,imbuteliator fluide sub presiune,8,81,818,8183
818307,operator platformă logistică,operator platforma logistica,8,81,818,8183
818901,operator la roboți industriali,operator la roboti industriali,8,81,818,8189
818902,operator la tratarea și epurarea apelor uzate,operator la tratarea si epurarea apelor uzate,8,81,818,8189
818903,operator instalație de sortare și reciclare deșeuri menajere și asimilabile,operator instalatie de sortare si reciclare deseuri menajere si asimilabile,8,81,818,8189
818904,operator generatoare terestre sonice și cu agent activ de însămânțare,operator generatoare terestre sonice si cu agent activ de insamantare,8,81,818,8189
818905,operator punct de lansare,operator punct de lansare,8,81,818,8189
818906,pompagiu,pompagiu,8,81,818,8189
818907,compresorist,compresorist,8,81,818,8189
818908,operator montaj linii automate,operator montaj linii automate,8,81,818,8189
821101,"lăcătuș montator pentru utilaje industriale, de construcții și agricole",lacatus montator pentru utilaje industriale de constructii si agricole,8,82,821,8211
821102,pregătitor și montator utilaje tehnologice,pregatitor si montator utilaje tehnologice,8,82,821,8211
821103,montator subansamble,montator subansamble,8,82,821,8211
821104,montator aparate aer condiționat,montator aparate aer conditionat,8,82,821,8211
821105,operator calitate flux,operator calitate flux,8,82,821,8211
821106,operator fabricație flux,operator fabricatie flux,8,82,821,8211
821201,"lăcătuș-montator mașini electrice rotative, transformatoare și aparataj electric",lacatus montator masini electrice rotative transformatoare si aparataj electric,8,82,821,8212
821202,confecționer protecție dielectrică pentru acumulatori,confectioner protectie dielectrica pentru acumulatori,8,82,821,8212
821203,morar la prepararea materialelor pentru acumulatori,morar la prepararea materialelor pentru acumulatori,8,82,821,8212
821204,confecționer grătare și accesorii pentru acumulatori,confectioner gratare si accesorii pentru acumulatori,8,82,821,8212
821205,confecționer plăci pentru acumulatori,confectioner placi pentru acumulatori,8,82,821,8212
821206,preparator leșie pentru acumulatori,preparator lesie pentru acumulatori,8,82,821,8212
821207,montator acumulatori,montator acumulatori,8,82,821,8212
821208,confecționer cabluri și arbori de cabluri,confectioner cabluri si arbori de cabluri,8,82,821,8212
821209,"montator-reglor, depanator aparate electronice, telecomunicații, radio",montator reglor depanator aparate electronice telecomunicatii radio,8,82,821,8212
821211,"montator-reglor, depanator de instalații de electronică și curenți purtători",montator reglor depanator de instalatii de electronica si curenti purtatori,8,82,821,8212
821212,"montator-reglor, depanator de aparate radio și TV, redresoare și amplificatoare",montator reglor depanator de aparate radio si tv redresoare si amplificatoare,8,82,821,8212
821213,confecționer piese radio și semiconductori,confectioner piese radio si semiconductori,8,82,821,8212
821214,confecționer circuite integrate,confectioner circuite integrate,8,82,821,8212
821215,confecționer scală radio,confectioner scala radio,8,82,821,8212
821216,confecționer circuite imprimate,confectioner circuite imprimate,8,82,821,8212
821217,"montator, reglor, testor tehnică de calcul",montator reglor testor tehnica de calcul,8,82,821,8212
821218,confecționer lămpi fluorescente,confectioner lampi fluorescente,8,82,821,8212
821219,confecționer lămpi cu vapori de mercur,confectioner lampi cu vapori de mercur,8,82,821,8212
821220,confecționer lămpi cu vapori de sodiu,confectioner lampi cu vapori de sodiu,8,82,821,8212
821221,confecționer becuri,confectioner becuri,8,82,821,8212
821222,montator electromecanic,montator electromecanic,8,82,821,8212
821223,"montator, reglor și depanator de aparate și echipamente electronice",montator reglor si depanator de aparate si echipamente electronice,8,82,821,8212
821901,asamblor biciclete,asamblor biciclete,8,82,821,8219
821902,asamblor jucării,asamblor jucarii,8,82,821,8219
821903,asamblor articole de sport,asamblor articole de sport,8,82,821,8219
821904,operator la fabricarea fermoarelor,operator la fabricarea fermoarelor,8,82,821,8219
821905,"confecționer de bețe, lansete, mânere și dopuri pentru unelte de pescuit",confectioner de bete lansete manere si dopuri pentru unelte de pescuit,8,82,821,8219
821906,confecționer-asamblor articole din lemn,confectioner asamblor articole din lemn,8,82,821,8219
821907,confecționer-asamblor articole din carton,confectioner asamblor articole din carton,8,82,821,8219
821908,confecționer-asamblor articole din textile,confectioner asamblor articole din textile,8,82,821,8219
821909,montor articole din piele,montor articole din piele,8,82,821,8219
831101,mecanic locomotivă și automotor,mecanic locomotiva si automotor,8,83,831,8311
831102,mecanic ajutor locomotivă și automotor,mecanic ajutor locomotiva si automotor,8,83,831,8311
831103,conducător autodrezină,conducator autodrezina,8,83,831,8311
831104,mecanic conducător vagon motor de rectificare a liniei aeriene,mecanic conducator vagon motor de rectificare a liniei aeriene,8,83,831,8311
831105,mecanic locomotivă și ramă electrică metrou,mecanic locomotiva si rama electrica metrou,8,83,831,8311
831106,mecanic ajutor locomotivă și ramă electrică metrou,mecanic ajutor locomotiva si rama electrica metrou,8,83,831,8311
831201,frânar,franar,8,83,831,8312
831202,manevrant vagoane,manevrant vagoane,8,83,831,8312
831203,șef manevră,sef manevra,8,83,831,8312
831204,acar,acar,8,83,831,8312
831205,șef tren,sef tren,8,83,831,8312
831206,paznic barieră,paznic bariera,8,83,831,8312
831207,revizor ace,revizor ace,8,83,831,8312
832101,conducător de motocicletă,conducator de motocicleta,8,83,832,8321
832102,conducător de motoscuter,conducator de motoscuter,8,83,832,8321
832201,șofer de autoturisme și camionete,sofer de autoturisme si camionete,8,83,832,8322
832202,șofer autosanitară,sofer autosanitara,8,83,832,8322
832203,șofer autoambulanță,sofer autoambulanta,8,83,832,8322
832204,pilot încercare auto,pilot incercare auto,8,83,832,8322
833101,conducător auto transport rutier de persoane,conducator auto transport rutier de persoane,8,83,833,8331
833102,conducător troleibuz,conducator troleibuz,8,83,833,8331
833103,conducător tramvai (vatman),conducator tramvai vatman,8,83,833,8331
833201,conducător auto transport rutier de mărfuri,conducator auto transport rutier de marfuri,8,83,833,8332
833202,șofer transport valori bancare,sofer transport valori bancare,8,83,833,8332
833203,lucrător operativ pentru autocontainere,lucrator operativ pentru autocontainere,8,83,833,8332
833204,conducător autospecială,conducator autospeciala,8,83,833,8332
833205,camionagiu,camionagiu,8,83,833,8332
834101,tractorist,tractorist,8,83,834,8341
834102,combiner agricol,combiner agricol,8,83,834,8341
834103,motorist la motoagregate și mașini în silvicultură,motorist la motoagregate si masini in silvicultura,8,83,834,8341
834104,mecanic de exploatare în cultură mare,mecanic de exploatare in cultura mare,8,83,834,8341
834105,mecanic de exploatare în zootehnie,mecanic de exploatare in zootehnie,8,83,834,8341
834106,operator la colectatul și manipulatul lemnului,operator la colectatul si manipulatul lemnului,8,83,834,8341
834201,mașinist la mașini pentru terasamente (ifronist),masinist la masini pentru terasamente ifronist,8,83,834,8342
834202,mașinist la instalațiile de preparat și turnat beton și mixturi asfaltice,masinist la instalatiile de preparat si turnat beton si mixturi asfaltice,8,83,834,8342
834203,mașinist la mașini cale mecanizare ușoară și grea,masinist la masini cale mecanizare usoara si grea,8,83,834,8342
834204,operator la utilaje de foraj dirijat,operator la utilaje de foraj dirijat,8,83,834,8342
834205,operator la utilaje de reabilitări conducte subterane,operator la utilaje de reabilitari conducte subterane,8,83,834,8342
834206,operator la utilaje pentru subtraversări,operator la utilaje pentru subtraversari,8,83,834,8342
834301,macaragiu,macaragiu,8,83,834,8343
834302,mașinist pod rulant,masinist pod rulant,8,83,834,8343
834303,funicularist,funicularist,8,83,834,8343
834304,macaragiu macarale plutitoare,macaragiu macarale plutitoare,8,83,834,8343
834305,șofer automacaragiu,sofer automacaragiu,8,83,834,8343
834306,supraveghetor stație șenal navigabil,supraveghetor statie senal navigabil,8,83,834,8343
834307,"funicularist, funiculare pasagere",funicularist funiculare pasagere,8,83,834,8343
834308,mecanizator (muncitor portuar),mecanizator muncitor portuar,8,83,834,8343
834309,liftier,liftier,8,83,834,8343
834310,docher,docher,8,83,834,8343
834311,șef echipă docheri,sef echipa docheri,8,83,834,8343
834312,docher instalații de încărcare/ descărcare la bordul navei și cheu,docher instalatii de incarcare descarcare la bordul navei si cheu,8,83,834,8343
834313,docher-amarator,docher amarator,8,83,834,8343
834314,docher-mecanizator,docher mecanizator,8,83,834,8343
834315,macaragiu portuar,macaragiu portuar,8,83,834,8343
834316,operator la platforme pentru lucru la înălțime,operator la platforme pentru lucru la inaltime,8,83,834,8343
834401,mașinist la mașini mobile pentru transporturi interioare,masinist la masini mobile pentru transporturi interioare,8,83,834,8344
834402,mașinist la alte mașini fixe de transport pe orizontală și verticală,masinist la alte masini fixe de transport pe orizontala si verticala,8,83,834,8344
834403,stivuitorist,stivuitorist,8,83,834,8344
834404,tractorist portuar,tractorist portuar,8,83,834,8344
834405,conducător autotrailer,conducator autotrailer,8,83,834,8344
834406,conducător autoîncărcător portuar,conducator autoincarcator portuar,8,83,834,8344
834407,stivuitorist portuar,stivuitorist portuar,8,83,834,8344
835001,"marinar, pilot naval, barjist",marinar pilot naval barjist,8,83,835,8350
835002,observator far maritim și stație semnal de ceață,observator far maritim si statie semnal de ceata,8,83,835,8350
835003,marinar legător,marinar legator,8,83,835,8350
835004,conducător ambarcațiuni agrement pe ape interioare,conducator ambarcatiuni agrement pe ape interioare,8,83,835,8350
835005,pontonier feribot,pontonier feribot,8,83,835,8350
835006,servator far maritim și stație semnal de ceață,servator far maritim si statie semnal de ceata,8,83,835,8350
835007,conducător de șalupă maritimă/ fluvială,conducator de salupa maritima fluviala,8,83,835,8350
835008,timonier maritim/ fluvial,timonier maritim fluvial,8,83,835,8350
835009,motopompist,motopompist,8,83,835,8350
911101,menajeră,menajera,9,91,911,9111
911201,femeie de serviciu,femeie de serviciu,9,91,911,9112
911202,îngrijitor spații hoteliere,ingrijitor spatii hoteliere,9,91,911,9112
911203,lucrător room-service hotel,lucrator room service hotel,9,91,911,9112
912101,călcătoreasă lenjerie,calcatoreasa lenjerie,9,91,912,9121
912102,curățătoreasă lenjerie,curatatoreasa lenjerie,9,91,912,9121
912103,spălătoreasă lenjerie,spalatoreasa lenjerie,9,91,912,9121
912104,spălător covoare înnodate,spalator covoare innodate,9,91,912,9121
912201,spălător vehicule,spalator vehicule,9,91,912,9122
912301,spălător vitrine și geamuri,spalator vitrine si geamuri,9,91,912,9123
921201,îngrijitor animale,ingrijitor animale,9,92,921,9212
921301,muncitor manipulare și pregătire furaje,muncitor manipulare si pregatire furaje,9,92,921,9213
921302,muncitor necalificat în agricultură,muncitor necalificat in agricultura,9,92,921,9213
921303,văcar,vacar,9,92,921,9213
921501,îngrijitor pomi,ingrijitor pomi,9,92,921,9215
921502,muncitor necalificat în silvicultură,muncitor necalificat in silvicultura,9,92,921,9215
921503,tăietor manual lemn de foc,taietor manual lemn de foc,9,92,921,9215
921601,muncitor necalificat în pescuit și vânătoare,muncitor necalificat in pescuit si vanatoare,9,92,921,9216
921602,muncitor piscicol,muncitor piscicol,9,92,921,9216
931101,muncitor necalificat în mine și cariere,muncitor necalificat in mine si cariere,9,93,931,9311
931102,împingător vagoneți,impingator vagoneti,9,93,931,9311
931201,lucrător la amenajarea terenurilor sportive (amenajator bază sportivă),lucrator la amenajarea terenurilor sportive amenajator baza sportiva,9,93,931,9312
931202,îngrijitor spații verzi,ingrijitor spatii verzi,9,93,931,9312
931203,"muncitor necalificat la întreținerea de drumuri, șosele, poduri, baraje",muncitor necalificat la intretinerea de drumuri sosele poduri baraje,9,93,931,9312
931204,săpător manual,sapator manual,9,93,931,9312
931301,"muncitor necalificat la demolarea clădirilor, căptușeli zidărie, plăci mozaic, faianță, gresie, parchet",muncitor necalificat la demolarea cladirilor captuseli zidarie placi mozaic faianta gresie parchet,9,93,931,9313
931302,muncitor necalificat la spargerea și tăierea materialelor de construcții,muncitor necalificat la spargerea si taierea materialelor de constructii,9,93,931,9313
932101,ambalator manual,ambalator manual,9,93,932,9321
932902,marcator piese,marcator piese,9,93,932,9329
932903,muncitor necalificat la ambalarea produselor sub formă de praf și granule,muncitor necalificat la ambalarea produselor sub forma de praf si granule,9,93,932,9329
932904,muncitor necalificat la ambalarea produselor solide și semisolide,muncitor necalificat la ambalarea produselor solide si semisolide,9,93,932,9329
932905,muncitor necalificat în industria confecțiilor,muncitor necalificat in industria confectiilor,9,93,932,9329
932906,"muncitor necalificat la asamblarea, montarea pieselor",muncitor necalificat la asamblarea montarea pieselor,9,93,932,9329
932907,lucrător sortator deșeuri reciclabile,lucrator sortator deseuri reciclabile,9,93,932,9329
932908,îmbuteliator gaz petrol lichefiat,imbuteliator gaz petrol lichefiat,9,93,932,9329
932909,muncitor în activitatea de gospodărire a șpanului,muncitor in activitatea de gospodarire a spanului,9,93,932,9329
932910,umplutor sifoane,umplutor sifoane,9,93,932,9329
932911,muncitor necalificat în metalurgie,muncitor necalificat in metalurgie,9,93,932,9329
933101,cărăuș,caraus,9,93,933,9331
933301,încărcător-descărcător,incarcator descarcator,9,93,933,9333
933302,legător de sarcină,legator de sarcina,9,93,933,9333
933303,manipulant mărfuri,manipulant marfuri,9,93,933,9333
933304,operator transport și distribuire butelii de GPL,operator transport si distribuire butelii de gpl,9,93,933,9333
933305,muncitor spălare și curățare cisterne,muncitor spalare si curatare cisterne,9,93,933,9333
933306,muncitor în serviciile de trafic aerian,muncitor in serviciile de trafic aerian,9,93,933,9333
941101,ajutor bucătar,ajutor bucatar,9,94,941,9411
941201,lucrător bucătărie (spălător vase mari),lucrator bucatarie spalator vase mari,9,94,941,9412
951001,lustragiu,lustragiu,9,95,951,9510
951002,spălător geamuri și parbrize,spalator geamuri si parbrize,9,95,951,9510
952001,vânzător ambulant de produse nealimentare,vanzator ambulant de produse nealimentare,9,95,952,9520
952002,vânzător de ziare,vanzator de ziare,9,95,952,9520
961101,lucrător operativ pentru autocompactoare,lucrator operativ pentru autocompactoare,9,96,961,9611
961301,lucrător pentru salubrizare căi publice,lucrator pentru salubrizare cai publice,9,96,961,9613
961302,lucrător pentru salubrizare spații verzi,lucrator pentru salubrizare spatii verzi,9,96,961,9613
961303,lucrător pentru salubrizare,lucrator pentru salubrizare,9,96,961,9613
961304,lucrător utilaje specializate pentru salubrizare,lucrator utilaje specializate pentru salubrizare,9,96,961,9613
962101,curier,curier,9,96,962,9621
962102,hamal,hamal,9,96,962,9621
962103,comisioner,comisioner,9,96,962,9621
962104,distribuitor presă,distribuitor presa,9,96,962,9621
962201,îngrijitor câini în adăposturi,ingrijitor caini in adaposturi,9,96,962,9622
962202,gropar,gropar,9,96,962,9622
962203,incinerator,incinerator,9,96,962,9622
962204,prinzător câini,prinzator caini,9,96,962,9622
962205,"operator deratizare, dezinsecție, dezinfecție",operator deratizare dezinsectie dezinfectie,9,96,962,9622
962301,cantaragiu,cantaragiu,9,96,962,9623
962302,casier încasator,casier incasator,9,96,962,9623
962303,"încasator și cititor contoare de energie electrică, gaze, apă",incasator si cititor contoare de energie electrica gaze apa,9,96,962,9623
962401,vidanjor-curățitor canale,vidanjor curatitor canale,9,96,962,9624
962901,model (învățământ),model invatamant,9,96,962,9629
962902,gonaci,gonaci,9,96,962,9629
962903,garderobier,garderobier,9,96,962,9629
962904,ucenic,ucenic,9,96,962,9629
962905,aprod,aprod,9,96,962,9629
962906,controlor poartă,controlor poarta,9,96,962,9629
962907,paznic,paznic,9,96,962,9629
962908,plasator,plasator,9,96,962,9629
962909,portar,portar,9,96,962,9629
962911,supraveghetor noapte (învățământ),supraveghetor noapte invatamant,9,96,962,9629
962912,supraveghetor săli spectacole,supraveghetor sali spectacole,9,96,962,9629
962913,supraveghetor hotel,supraveghetor hotel,9,96,962,9629
